Event_ID,Target_ID,Debris_ID,Miss_Distance_km,Relative_Velocity_kms,Collision_Angle_deg,Covariance_Trace,Collision_Probability,Risk_Label
EVT_80000,35934,91184,2.157,10.679,85.7,272.839,0.42661,MEDIUM
EVT_80001,35658,84087,19.426,10.797,112.3,86.635,0.2798,SAFE
EVT_80002,20809,93975,4.646,10.687,145.3,262.46,0.64866,MEDIUM
EVT_80003,43648,94911,4.18,12.907,127.6,106.513,0.78861,MEDIUM
EVT_80004,44351,98465,22.122,12.102,154.8,497.992,0.16349,SAFE
EVT_80005,42453,82318,9.791,10.084,54.4,306.831,0.56974,MEDIUM
EVT_80006,35800,96340,19.793,10.643,153.0,168.857,0.08517,SAFE
EVT_80007,26335,81631,0.001,6.668,6.0,229.72,0.78414,MEDIUM
EVT_80008,32417,85254,10.279,8.46,148.7,17.632,0.15483,SAFE
EVT_80009,23631,92121,10.785,6.627,175.2,375.814,0.04602,SAFE
EVT_80010,20352,86859,12.121,9.537,62.7,128.42,0.25089,SAFE
EVT_80011,33187,81108,26.147,13.831,50.4,115.668,0.23493,SAFE
EVT_80012,28869,98050,31.523,14.817,20.9,462.039,0.00816,SAFE
EVT_80013,25302,97865,2.382,11.6,64.0,15.637,0.12723,SAFE
EVT_80014,22402,92780,0.628,11.686,13.0,380.13,0.80767,HIGH
EVT_80015,47869,92284,5.002,8.336,129.6,205.776,0.64712,MEDIUM
EVT_80016,27694,98561,36.61,12.173,54.4,151.91,0.15009,SAFE
EVT_80017,45083,98279,4.232,10.814,39.0,426.751,0.51694,MEDIUM
EVT_80018,33170,89509,12.517,13.554,130.6,176.074,0.04645,SAFE
EVT_80019,43227,80439,37.097,13.663,134.6,84.626,0.07832,SAFE
EVT_80020,48202,91421,8.01,14.642,83.7,484.646,0.60122,MEDIUM
EVT_80021,26370,82346,24.093,9.4,168.8,195.867,0.24073,SAFE
EVT_80022,37564,91505,14.641,5.735,169.6,343.558,0.13172,SAFE
EVT_80023,30940,98621,9.294,6.205,170.5,50.501,0.04085,SAFE
EVT_80024,38472,94666,7.37,14.789,4.1,123.289,0.63128,MEDIUM
EVT_80025,41086,82823,33.365,9.805,12.8,59.707,0.14193,SAFE
EVT_80026,23712,95431,6.37,6.612,118.4,211.997,0.37317,MEDIUM
EVT_80027,20937,82571,16.952,7.765,163.6,55.243,0.03934,SAFE
EVT_80028,47251,82152,48.281,13.537,32.0,428.927,0.21666,SAFE
EVT_80029,24974,89487,2.909,13.376,96.0,46.237,0.04187,SAFE
EVT_80030,22065,97541,2.697,10.954,107.2,168.538,0.74559,MEDIUM
EVT_80031,38431,80963,23.247,10.409,88.2,359.857,0.1718,SAFE
EVT_80032,30753,82116,25.874,5.437,101.7,13.214,0.24842,SAFE
EVT_80033,29278,84438,72.421,12.834,43.0,205.597,0.2254,SAFE
EVT_80034,22283,83403,27.047,10.261,82.0,436.237,0.25715,SAFE
EVT_80035,28493,91020,35.477,6.621,153.5,425.357,0.19458,SAFE
EVT_80036,42307,89479,5.578,12.595,116.8,116.194,0.67969,MEDIUM
EVT_80037,38248,93922,11.999,8.515,57.0,117.873,0.13395,SAFE
EVT_80038,21809,81380,6.434,13.612,24.2,197.125,0.75582,MEDIUM
EVT_80039,35719,97883,24.954,10.486,143.9,392.977,0.1203,SAFE
EVT_80040,35636,80232,2.207,11.329,28.0,348.252,0.30427,MEDIUM
EVT_80041,38034,98470,27.172,7.864,102.8,388.312,0.16336,SAFE
EVT_80042,23611,89014,4.529,7.682,157.5,208.223,0.53508,MEDIUM
EVT_80043,36033,97665,13.679,6.015,47.6,195.163,0.0265,SAFE
EVT_80044,42743,81531,5.272,11.794,11.7,23.679,0.10251,SAFE
EVT_80045,41282,91571,23.415,12.162,60.4,449.699,0.1071,SAFE
EVT_80046,21249,94755,24.649,7.0,114.2,298.256,0.07497,SAFE
EVT_80047,42831,99629,18.605,14.425,22.8,280.487,0.13036,SAFE
EVT_80048,36211,88966,7.85,9.151,137.1,126.8,0.5908,MEDIUM
EVT_80049,44674,98876,17.666,12.92,124.2,41.214,0.27831,SAFE
EVT_80050,41936,98966,0.361,12.903,18.2,248.509,0.41223,MEDIUM
EVT_80051,37417,94482,14.892,5.015,93.2,496.346,0.06063,SAFE
EVT_80052,27894,83778,10.722,13.19,49.1,127.739,0.26972,SAFE
EVT_80053,47899,98647,35.785,12.264,52.1,288.357,0.05077,SAFE
EVT_80054,37070,91636,12.336,13.381,118.3,23.374,0.02499,SAFE
EVT_80055,26962,84343,9.116,10.384,54.8,150.28,0.42229,MEDIUM
EVT_80056,45509,85769,3.05,14.321,161.5,337.437,0.37479,MEDIUM
EVT_80057,29596,81611,3.555,14.057,130.7,128.681,0.65383,MEDIUM
EVT_80058,36343,96086,30.838,12.113,52.0,467.87,0.23844,SAFE
EVT_80059,39178,94293,23.458,11.841,167.6,286.699,0.27963,SAFE
EVT_80060,46014,89235,11.713,11.139,59.1,12.053,0.08411,SAFE
EVT_80061,44501,97137,4.734,10.873,156.7,201.841,0.69656,MEDIUM
EVT_80062,24049,88165,4.064,13.495,1.3,366.324,0.74755,MEDIUM
EVT_80063,31513,95793,12.654,5.41,36.0,283.852,0.2742,SAFE
EVT_80064,29979,87575,9.921,13.904,28.7,433.229,0.34376,MEDIUM
EVT_80065,33030,83753,36.258,10.232,58.0,198.089,0.18105,SAFE
EVT_80066,36091,88305,9.14,13.998,60.3,119.882,0.38847,MEDIUM
EVT_80067,26555,80020,43.122,13.6,93.8,394.111,0.10746,SAFE
EVT_80068,40746,80726,48.509,9.498,155.5,355.464,0.18751,SAFE
EVT_80069,30643,84102,46.235,13.092,3.6,340.786,0.01285,SAFE
EVT_80070,29968,87636,11.931,11.057,145.6,286.423,0.14717,SAFE
EVT_80071,41472,80367,15.877,6.891,70.9,190.915,0.23257,SAFE
EVT_80072,31525,83376,17.281,13.726,16.6,140.799,0.20837,SAFE
EVT_80073,38464,91360,0.964,13.105,166.2,223.523,0.42361,MEDIUM
EVT_80074,32098,88893,2.773,10.928,100.7,490.017,0.53355,MEDIUM
EVT_80075,33148,80853,24.086,14.69,26.1,213.443,0.09695,SAFE
EVT_80076,45503,90857,5.812,11.528,173.9,113.487,0.33456,MEDIUM
EVT_80077,47535,85077,8.281,12.426,111.9,26.292,0.11692,SAFE
EVT_80078,22821,91250,0.3,12.997,14.5,358.212,0.88569,HIGH
EVT_80079,42707,80403,29.769,9.414,28.7,228.966,0.02388,SAFE
EVT_80080,23845,99042,3.505,10.48,44.7,31.381,0.05084,SAFE
EVT_80081,31214,81804,22.278,6.842,168.8,256.065,0.04686,SAFE
EVT_80082,49338,81068,5.207,11.243,115.7,433.215,0.62647,MEDIUM
EVT_80083,41008,81581,23.225,6.485,127.2,128.752,0.15834,SAFE
EVT_80084,30003,92740,30.648,13.001,17.7,304.091,0.25142,SAFE
EVT_80085,46384,95230,16.152,8.077,126.3,244.891,0.27753,SAFE
EVT_80086,43685,81146,1.172,7.251,31.2,61.386,0.12018,SAFE
EVT_80087,37409,95898,5.346,13.0,8.9,22.692,0.01053,SAFE
EVT_80088,25319,84910,7.002,12.396,4.3,24.766,0.24675,SAFE
EVT_80089,46941,85440,2.111,7.365,147.7,491.007,0.50602,MEDIUM
EVT_80090,31529,83027,1.911,14.837,33.8,472.424,0.87594,HIGH
EVT_80091,25091,87849,16.973,14.825,112.2,59.864,0.1229,SAFE
EVT_80092,41827,88573,13.069,8.989,92.2,313.041,0.088,SAFE
EVT_80093,25083,97974,27.855,5.868,82.0,92.005,0.24189,SAFE
EVT_80094,35551,86085,0.801,14.142,112.3,13.138,0.00158,SAFE
EVT_80095,36395,96421,12.392,12.925,81.5,303.489,0.26216,SAFE
EVT_80096,36014,94237,6.975,5.28,112.2,495.06,0.58939,MEDIUM
EVT_80097,33219,80908,12.428,12.315,104.6,147.293,0.11539,SAFE
EVT_80098,40657,98658,10.51,5.469,6.4,77.215,0.03222,SAFE
EVT_80099,43646,94696,0.505,11.31,34.4,455.118,0.98824,HIGH
EVT_80100,36370,94008,8.719,10.436,126.2,333.564,0.35019,MEDIUM
EVT_80101,29788,89279,3.253,13.961,153.8,446.153,0.40656,MEDIUM
EVT_80102,32399,97132,9.386,10.431,50.9,20.908,0.236,SAFE
EVT_80103,41766,88564,26.786,6.209,174.5,188.301,0.24108,SAFE
EVT_80104,35287,91946,5.851,8.368,49.9,97.61,0.10631,SAFE
EVT_80105,42901,96014,24.886,10.994,38.7,284.097,0.19771,SAFE
EVT_80106,35960,99997,9.873,14.071,171.9,244.959,0.37259,MEDIUM
EVT_80107,25789,94050,19.907,9.239,113.2,50.037,0.07628,SAFE
EVT_80108,42603,91692,30.805,10.225,32.5,348.844,0.18306,SAFE
EVT_80109,45912,92555,5.677,9.688,160.0,47.429,0.16172,SAFE
EVT_80110,23299,94984,25.544,14.666,65.5,317.765,0.19916,SAFE
EVT_80111,32426,88767,27.007,9.125,28.2,56.983,0.09185,SAFE
EVT_80112,47088,83463,1.683,10.031,45.3,293.17,0.53108,MEDIUM
EVT_80113,41584,96604,16.885,14.421,89.7,348.903,0.0483,SAFE
EVT_80114,39936,88412,5.861,14.287,71.2,272.267,0.69391,MEDIUM
EVT_80115,27110,99830,6.841,13.642,72.2,80.12,0.21457,SAFE
EVT_80116,44298,92746,4.201,7.224,33.0,282.5,0.72048,MEDIUM
EVT_80117,35761,93474,43.735,12.508,36.3,479.143,0.20969,SAFE
EVT_80118,34657,94205,25.779,12.508,160.7,437.637,0.19214,SAFE
EVT_80119,35566,93071,0.206,7.303,88.7,42.789,0.25009,SAFE
EVT_80120,30458,80823,3.0,13.66,141.7,10.434,0.09698,SAFE
EVT_80121,23772,99564,1.039,6.122,86.7,79.28,0.02133,SAFE
EVT_80122,44903,94734,12.436,12.173,158.2,126.677,0.12982,SAFE
EVT_80123,24152,86048,5.642,13.516,31.4,313.072,0.72535,MEDIUM
EVT_80124,32376,84891,10.539,5.346,57.6,343.617,0.08217,SAFE
EVT_80125,33769,84270,9.177,10.357,1.9,90.964,0.2441,SAFE
EVT_80126,31288,96787,6.356,14.329,154.2,89.281,0.03737,SAFE
EVT_80127,42947,84146,8.535,13.71,179.7,71.785,0.10795,SAFE
EVT_80128,26127,91080,5.557,5.221,171.2,427.053,0.55238,MEDIUM
EVT_80129,41816,84695,13.856,9.074,34.3,438.217,0.27223,SAFE
EVT_80130,24576,80106,9.357,6.258,165.0,453.099,0.48366,MEDIUM
EVT_80131,36546,88408,13.07,9.973,132.1,419.342,0.21537,SAFE
EVT_80132,26251,90724,17.778,10.793,123.4,33.06,0.1373,SAFE
EVT_80133,25471,92204,5.059,7.891,33.6,34.364,0.00202,SAFE
EVT_80134,38935,97337,18.177,9.928,177.2,484.952,0.05394,SAFE
EVT_80135,26852,83809,41.117,12.09,50.5,170.351,0.22579,SAFE
EVT_80136,26118,92839,15.816,5.458,166.8,117.47,0.12581,SAFE
EVT_80137,42887,80333,0.025,13.02,84.9,258.819,0.66832,MEDIUM
EVT_80138,37443,89114,14.057,12.64,70.8,82.871,0.04296,SAFE
EVT_80139,41552,86441,9.207,10.068,117.5,452.239,0.44009,MEDIUM
EVT_80140,32046,93675,14.985,7.615,145.6,84.522,0.08428,SAFE
EVT_80141,32395,95136,12.422,5.71,151.7,271.493,0.25585,SAFE
EVT_80142,38847,92211,1.118,7.664,70.7,43.291,0.1205,SAFE
EVT_80143,40649,92999,14.137,6.413,30.2,106.858,0.05186,SAFE
EVT_80144,35740,82689,0.96,5.644,124.6,240.967,0.57697,MEDIUM
EVT_80145,35309,83570,9.959,11.081,150.4,329.117,0.65871,MEDIUM
EVT_80146,44917,97440,20.721,7.344,4.7,392.075,0.0237,SAFE
EVT_80147,45570,87349,11.268,7.491,73.3,146.045,0.08684,SAFE
EVT_80148,46756,86458,8.736,9.843,90.4,482.573,0.36122,MEDIUM
EVT_80149,26843,94020,60.797,13.243,100.6,77.119,0.17519,SAFE
EVT_80150,24001,89642,19.033,8.563,107.1,243.787,0.1614,SAFE
EVT_80151,22050,94878,26.675,7.499,10.4,264.767,0.13301,SAFE
EVT_80152,31595,99901,2.825,12.255,52.7,280.709,0.30591,MEDIUM
EVT_80153,23996,95286,7.594,10.899,63.4,438.602,0.77143,MEDIUM
EVT_80154,25138,94375,1.144,8.027,118.1,419.987,0.86451,HIGH
EVT_80155,34069,96202,16.009,13.269,104.0,113.238,0.07163,SAFE
EVT_80156,25015,81311,3.405,10.629,169.6,368.552,0.56408,MEDIUM
EVT_80157,29016,93955,4.387,13.219,56.2,496.125,0.5036,MEDIUM
EVT_80158,34844,84759,10.549,7.641,83.6,195.685,0.11423,SAFE
EVT_80159,29543,81593,28.512,12.972,23.7,491.974,0.15387,SAFE
EVT_80160,25226,93888,1.189,9.955,114.0,180.059,0.72232,MEDIUM
EVT_80161,44049,94511,3.801,12.904,12.3,117.051,0.54725,MEDIUM
EVT_80162,42194,87058,26.284,9.632,132.7,495.311,0.24109,SAFE
EVT_80163,49964,89336,1.872,14.009,23.2,165.863,0.41498,MEDIUM
EVT_80164,35899,91553,25.983,9.955,144.6,301.024,0.10225,SAFE
EVT_80165,46934,82911,1.151,6.432,78.1,491.742,0.83432,HIGH
EVT_80166,48827,81587,6.411,8.838,73.7,368.283,0.71584,MEDIUM
EVT_80167,41886,82687,6.325,8.145,24.6,380.42,0.47297,MEDIUM
EVT_80168,45566,89153,4.393,7.836,9.6,222.467,0.62145,MEDIUM
EVT_80169,43032,94094,98.697,14.842,148.9,314.627,0.12337,SAFE
EVT_80170,40516,95601,10.85,13.165,102.4,206.594,0.12468,SAFE
EVT_80171,30061,93232,0.287,11.867,176.6,405.4,0.90134,HIGH
EVT_80172,30901,92565,42.021,10.406,71.9,213.38,0.28881,SAFE
EVT_80173,31145,89430,9.402,5.293,153.9,367.678,0.4905,MEDIUM
EVT_80174,42157,97028,28.88,14.787,121.7,343.769,0.07167,SAFE
EVT_80175,26909,86865,1.325,11.435,131.5,241.612,0.42831,MEDIUM
EVT_80176,33837,83871,5.842,9.979,136.1,249.016,0.47176,MEDIUM
EVT_80177,46896,87925,8.555,5.638,35.7,319.599,0.65144,MEDIUM
EVT_80178,35427,87671,9.52,7.555,175.7,205.89,0.54994,MEDIUM
EVT_80179,49004,99536,6.171,8.149,146.9,391.206,0.65044,MEDIUM
EVT_80180,26363,92247,11.577,7.026,4.4,387.121,0.11632,SAFE
EVT_80181,36326,88672,23.43,6.898,52.2,327.109,0.26089,SAFE
EVT_80182,39064,91880,16.489,8.817,165.9,451.873,0.27916,SAFE
EVT_80183,24257,97359,6.677,14.008,140.4,64.831,0.20418,SAFE
EVT_80184,21512,80944,1.828,7.101,74.9,167.417,0.51289,MEDIUM
EVT_80185,35947,98460,1.628,13.564,114.8,263.625,0.31843,MEDIUM
EVT_80186,26325,94932,16.512,6.942,35.9,178.25,0.28888,SAFE
EVT_80187,34455,95143,51.268,11.296,169.4,89.684,0.00904,SAFE
EVT_80188,21372,96143,23.561,13.104,144.7,48.871,0.11792,SAFE
EVT_80189,33767,99138,1.31,13.764,127.7,111.361,0.53671,MEDIUM
EVT_80190,36231,85956,1.435,5.642,39.4,86.137,0.10311,SAFE
EVT_80191,22669,82051,22.795,8.513,13.8,377.082,0.0459,SAFE
EVT_80192,40808,94956,27.956,9.623,43.6,295.339,0.04552,SAFE
EVT_80193,33677,98080,7.676,6.566,87.6,338.408,0.56896,MEDIUM
EVT_80194,23284,91916,29.106,5.92,65.5,40.273,0.18178,SAFE
EVT_80195,36827,90506,11.69,9.782,5.7,406.774,0.04437,SAFE
EVT_80196,42656,83884,4.759,7.544,177.2,170.426,0.75215,MEDIUM
EVT_80197,49554,90586,32.42,7.27,129.6,426.2,0.02581,SAFE
EVT_80198,34407,86174,15.58,7.9,167.0,374.229,0.08049,SAFE
EVT_80199,24285,87771,10.385,11.575,105.4,351.999,0.1828,SAFE
EVT_80200,35575,82388,0.757,12.639,157.9,375.457,0.85927,HIGH
EVT_80201,47373,90743,14.393,10.297,179.4,242.199,0.28701,SAFE
EVT_80202,33718,93780,8.67,12.014,39.0,409.869,0.32872,MEDIUM
EVT_80203,48247,94100,14.234,11.952,114.1,173.669,0.09924,SAFE
EVT_80204,21218,85358,5.68,8.99,159.8,15.115,0.19731,SAFE
EVT_80205,28556,83875,42.247,7.247,132.4,68.371,0.27232,SAFE
EVT_80206,29052,80928,9.431,11.938,158.5,328.383,0.51143,MEDIUM
EVT_80207,22929,98144,5.958,9.0,41.2,368.358,0.77422,MEDIUM
EVT_80208,43206,93888,15.917,6.004,9.9,155.414,0.09125,SAFE
EVT_80209,33435,84729,13.491,10.493,67.9,488.33,0.15637,SAFE
EVT_80210,39590,94473,5.576,13.46,26.3,36.36,0.06945,SAFE
EVT_80211,43135,91478,19.254,6.28,39.7,112.393,0.05285,SAFE
EVT_80212,41258,88792,7.254,13.487,123.4,256.185,0.31403,MEDIUM
EVT_80213,35105,97173,9.532,5.618,156.8,48.938,0.06916,SAFE
EVT_80214,43132,80328,7.077,14.403,17.6,62.223,0.13386,SAFE
EVT_80215,27331,82670,25.642,10.939,77.7,223.541,0.10325,SAFE
EVT_80216,22745,86174,23.083,6.817,175.3,382.205,0.15109,SAFE
EVT_80217,29093,80400,31.532,12.497,101.1,29.449,0.06656,SAFE
EVT_80218,24264,81416,0.632,11.852,135.5,240.519,0.55745,MEDIUM
EVT_80219,23641,91180,21.042,8.178,12.1,169.074,0.13595,SAFE
EVT_80220,34472,80486,1.774,14.81,136.0,382.433,0.91453,HIGH
EVT_80221,43067,98892,16.19,7.194,80.0,370.165,0.01878,SAFE
EVT_80222,39939,80898,1.12,6.837,37.3,371.68,0.96957,HIGH
EVT_80223,24171,88195,1.904,13.06,54.7,77.578,0.02365,SAFE
EVT_80224,20369,80348,6.994,12.253,44.2,262.154,0.46851,MEDIUM
EVT_80225,24845,93277,29.901,10.169,120.2,154.319,0.25046,SAFE
EVT_80226,32797,90640,16.96,6.635,120.9,84.538,0.02493,SAFE
EVT_80227,45606,86970,9.74,10.145,40.7,360.388,0.68314,MEDIUM
EVT_80228,38790,91861,7.341,7.266,121.4,424.616,0.41012,MEDIUM
EVT_80229,29657,86218,8.754,12.649,130.4,54.314,0.24915,SAFE
EVT_80230,46841,99912,1.385,8.803,154.2,430.439,0.90987,HIGH
EVT_80231,31728,80033,23.876,12.168,151.1,453.005,0.01472,SAFE
EVT_80232,28671,83209,4.713,6.299,90.2,259.232,0.35522,MEDIUM
EVT_80233,31978,93214,6.02,8.782,170.0,161.003,0.62658,MEDIUM
EVT_80234,36672,97639,29.678,12.499,159.1,60.892,0.01257,SAFE
EVT_80235,34987,82026,5.261,7.797,57.4,210.627,0.764,MEDIUM
EVT_80236,30865,84494,3.8,6.564,68.1,357.199,0.52258,MEDIUM
EVT_80237,37841,96519,8.508,7.173,116.6,372.944,0.74339,MEDIUM
EVT_80238,26010,90892,13.231,7.538,36.5,192.623,0.15045,SAFE
EVT_80239,34058,82875,34.654,5.402,138.5,375.569,0.16652,SAFE
EVT_80240,41456,94604,22.931,8.668,156.5,297.828,0.16557,SAFE
EVT_80241,22758,91064,13.343,8.922,27.3,207.589,0.11037,SAFE
EVT_80242,28794,92009,3.543,8.409,75.1,354.957,0.37232,MEDIUM
EVT_80243,43803,86251,5.531,7.64,32.4,462.894,0.73577,MEDIUM
EVT_80244,39572,81101,2.234,5.262,20.4,333.175,0.40055,MEDIUM
EVT_80245,21567,88676,23.599,9.13,97.5,291.514,0.02751,SAFE
EVT_80246,45586,99041,14.097,5.917,99.7,299.191,0.17659,SAFE
EVT_80247,40868,85151,7.158,11.166,62.0,237.514,0.49771,MEDIUM
EVT_80248,47696,80931,8.132,14.064,169.7,481.519,0.69234,MEDIUM
EVT_80249,21384,89754,28.347,13.027,34.6,498.73,0.26262,SAFE
EVT_80250,26411,80632,19.404,8.467,70.0,36.85,0.0842,SAFE
EVT_80251,46826,92927,0.434,10.155,111.7,332.349,0.89096,HIGH
EVT_80252,28427,98548,11.055,5.824,130.8,259.667,0.06419,SAFE
EVT_80253,41079,98785,39.23,7.039,170.8,29.002,0.13246,SAFE
EVT_80254,33897,92980,7.341,9.76,8.1,199.45,0.38329,MEDIUM
EVT_80255,32469,86741,16.351,5.371,143.4,135.694,0.05093,SAFE
EVT_80256,29677,80226,44.564,11.855,55.3,382.845,0.15454,SAFE
EVT_80257,24926,88349,1.383,13.435,17.9,61.336,0.00771,SAFE
EVT_80258,20524,92561,23.797,5.256,102.3,14.927,0.21672,SAFE
EVT_80259,26009,80048,6.457,11.277,46.7,305.575,0.66876,MEDIUM
EVT_80260,22313,95451,14.648,11.766,0.6,107.184,0.20005,SAFE
EVT_80261,26759,96222,15.304,13.676,24.3,80.192,0.12647,SAFE
EVT_80262,20158,90510,0.73,13.038,104.6,54.819,0.21366,SAFE
EVT_80263,20780,92989,6.314,6.431,118.0,116.335,0.68717,MEDIUM
EVT_80264,35215,87099,8.373,7.502,20.9,29.97,0.26397,SAFE
EVT_80265,41488,80765,9.423,12.461,112.2,315.728,0.4487,MEDIUM
EVT_80266,24356,83002,4.078,12.175,118.2,125.89,0.64905,MEDIUM
EVT_80267,41998,88130,7.86,8.283,50.0,358.959,0.63447,MEDIUM
EVT_80268,37500,85175,1.753,6.267,142.4,182.752,0.61821,MEDIUM
EVT_80269,34795,80001,20.407,13.444,140.9,348.415,0.13285,SAFE
EVT_80270,26129,93657,44.739,8.765,18.0,472.938,0.11526,SAFE
EVT_80271,29046,95317,8.219,14.967,141.1,480.565,0.60224,MEDIUM
EVT_80272,38880,97048,15.035,13.092,16.3,109.016,0.14841,SAFE
EVT_80273,24358,98609,3.486,10.326,144.8,345.49,0.56666,MEDIUM
EVT_80274,47808,87625,1.615,13.147,19.4,62.781,0.1644,SAFE
EVT_80275,20184,82102,21.923,8.428,130.0,286.476,0.03335,SAFE
EVT_80276,34560,89808,8.869,8.721,144.2,341.108,0.51702,MEDIUM
EVT_80277,35806,85107,11.856,14.848,179.1,97.433,0.20441,SAFE
EVT_80278,40689,93613,9.246,6.919,102.1,196.035,0.63261,MEDIUM
EVT_80279,24521,83274,11.558,12.014,139.9,187.773,0.19438,SAFE
EVT_80280,46269,88921,2.928,14.549,102.2,222.868,0.67892,MEDIUM
EVT_80281,48277,80622,1.146,5.653,96.2,110.984,0.57507,MEDIUM
EVT_80282,32778,81774,22.611,12.3,23.2,85.287,0.18357,SAFE
EVT_80283,42131,95744,10.694,7.392,153.6,267.605,0.22427,SAFE
EVT_80284,37884,99393,0.347,8.552,150.8,461.106,0.85513,HIGH
EVT_80285,46965,94170,19.625,14.014,124.8,390.803,0.10097,SAFE
EVT_80286,41417,93053,49.809,5.98,49.5,162.473,0.09653,SAFE
EVT_80287,24513,94959,16.937,10.247,93.2,454.425,0.04648,SAFE
EVT_80288,36608,88004,21.034,5.892,178.1,444.681,0.06495,SAFE
EVT_80289,29919,98263,1.247,13.007,91.9,179.059,0.67484,MEDIUM
EVT_80290,38899,96882,22.321,10.094,116.1,233.838,0.16788,SAFE
EVT_80291,20468,91862,1.775,5.229,128.5,449.789,0.96294,HIGH
EVT_80292,24178,91258,16.485,13.84,35.9,245.15,0.23256,SAFE
EVT_80293,26822,82229,6.739,10.643,26.7,386.869,0.66195,MEDIUM
EVT_80294,34017,85135,5.65,12.138,175.6,49.029,0.04358,SAFE
EVT_80295,23055,88643,1.737,12.497,30.7,498.329,0.87704,HIGH
EVT_80296,48953,90590,6.709,10.29,101.2,207.064,0.53395,MEDIUM
EVT_80297,31547,84313,6.604,6.448,69.5,378.255,0.718,MEDIUM
EVT_80298,43583,94536,1.775,8.431,6.6,176.311,0.33813,MEDIUM
EVT_80299,34662,96191,32.263,14.9,49.8,429.926,0.11257,SAFE
EVT_80300,33584,90101,1.321,12.568,25.2,478.992,0.93427,HIGH
EVT_80301,22151,80652,11.347,8.928,7.8,138.614,0.2893,SAFE
EVT_80302,33861,82774,2.61,9.77,158.8,166.256,0.65419,MEDIUM
EVT_80303,33372,98845,13.168,12.329,102.5,220.196,0.06249,SAFE
EVT_80304,25653,96661,1.413,5.395,128.1,64.628,0.2348,SAFE
EVT_80305,38254,99313,3.676,11.054,117.6,467.405,0.77533,MEDIUM
EVT_80306,48317,85654,29.906,14.463,166.4,277.057,0.03896,SAFE
EVT_80307,38203,89230,25.892,10.85,107.8,140.084,0.2058,SAFE
EVT_80308,32811,84888,16.41,12.685,33.7,428.985,0.10431,SAFE
EVT_80309,46435,82336,6.752,5.315,42.6,205.303,0.59937,MEDIUM
EVT_80310,32112,91455,0.546,8.86,54.0,297.12,0.52164,MEDIUM
EVT_80311,44344,89135,21.532,8.235,68.7,283.088,0.10246,SAFE
EVT_80312,23271,86117,18.361,11.426,25.3,425.162,0.01643,SAFE
EVT_80313,35664,88932,29.764,9.84,45.3,174.391,0.24165,SAFE
EVT_80314,47733,86358,1.004,9.267,57.7,127.389,0.52936,MEDIUM
EVT_80315,27485,95020,3.934,12.836,61.0,271.381,0.53339,MEDIUM
EVT_80316,26341,90089,26.453,14.299,18.0,481.823,0.04572,SAFE
EVT_80317,21439,89311,11.542,6.956,6.1,120.384,0.08623,SAFE
EVT_80318,49970,94918,16.131,11.548,32.0,107.803,0.16676,SAFE
EVT_80319,30450,89768,18.504,7.827,158.9,438.048,0.01528,SAFE
EVT_80320,41347,88850,39.778,5.472,101.7,140.067,0.08321,SAFE
EVT_80321,46617,97847,0.745,7.644,124.0,56.745,0.07394,SAFE
EVT_80322,32178,98107,9.927,13.375,14.8,421.485,0.40682,MEDIUM
EVT_80323,39520,87601,5.005,12.927,32.3,240.239,0.50787,MEDIUM
EVT_80324,23280,98469,0.214,11.876,35.2,31.033,0.12327,SAFE
EVT_80325,33222,85439,6.636,10.945,160.3,271.99,0.68492,MEDIUM
EVT_80326,42198,88104,38.094,6.323,83.4,314.939,0.08802,SAFE
EVT_80327,27890,82296,31.932,6.656,55.9,431.593,0.12747,SAFE
EVT_80328,44656,86167,1.028,13.304,176.4,490.895,0.98809,HIGH
EVT_80329,23993,87700,4.829,14.903,69.9,483.455,0.71855,MEDIUM
EVT_80330,30450,90750,17.627,11.9,27.6,178.408,0.12222,SAFE
EVT_80331,31899,94569,0.491,6.215,179.5,213.094,0.73959,MEDIUM
EVT_80332,35316,89118,37.725,10.464,53.0,198.435,0.18674,SAFE
EVT_80333,43052,88980,15.234,14.064,58.8,236.7,0.06097,SAFE
EVT_80334,35903,86413,0.715,10.947,5.0,429.706,0.96675,HIGH
EVT_80335,39553,93204,3.994,11.39,2.4,499.307,0.76865,MEDIUM
EVT_80336,38117,94168,11.015,12.118,38.3,294.17,0.20721,SAFE
EVT_80337,26586,96003,40.621,9.16,162.6,86.977,0.28883,SAFE
EVT_80338,46702,92920,0.478,5.506,12.4,323.581,0.94951,HIGH
EVT_80339,35364,86470,3.527,12.45,146.0,403.667,0.6047,MEDIUM
EVT_80340,49690,87594,26.957,8.809,107.3,61.664,0.20506,SAFE
EVT_80341,42361,82378,1.915,13.23,125.5,301.908,0.93228,HIGH
EVT_80342,26414,80810,9.335,6.609,122.6,412.627,0.7258,MEDIUM
EVT_80343,38344,94481,10.701,6.51,69.7,416.952,0.28635,SAFE
EVT_80344,32321,80547,15.712,8.156,52.3,401.015,0.19212,SAFE
EVT_80345,26385,92139,23.289,5.654,170.5,319.284,0.02682,SAFE
EVT_80346,43529,86249,13.117,6.112,15.2,436.757,0.169,SAFE
EVT_80347,30881,85718,7.301,12.566,109.1,143.743,0.58986,MEDIUM
EVT_80348,27471,92076,16.969,5.729,25.3,176.821,0.28775,SAFE
EVT_80349,48852,95810,13.317,9.858,38.2,216.619,0.08537,SAFE
EVT_80350,42478,84851,11.661,5.471,108.4,474.515,0.18769,SAFE
EVT_80351,44261,93285,2.021,11.877,96.3,139.81,0.52793,MEDIUM
EVT_80352,36315,94703,28.502,8.552,167.3,195.398,0.26414,SAFE
EVT_80353,22712,81549,3.152,10.319,56.5,427.864,0.59873,MEDIUM
EVT_80354,49973,83554,4.413,10.761,28.3,494.191,0.57235,MEDIUM
EVT_80355,20715,85599,3.672,9.846,39.4,156.42,0.65921,MEDIUM
EVT_80356,47823,96445,32.724,12.321,69.0,143.963,0.094,SAFE
EVT_80357,25884,82627,17.296,8.995,147.1,43.526,0.06262,SAFE
EVT_80358,34030,94200,1.988,11.539,23.3,148.693,0.54218,MEDIUM
EVT_80359,30357,92059,8.001,14.515,178.6,12.981,0.21234,SAFE
EVT_80360,24632,99882,1.591,7.031,118.9,349.246,0.87155,HIGH
EVT_80361,22509,91606,11.1,8.416,170.3,470.98,0.07751,SAFE
EVT_80362,31557,83568,11.276,8.113,88.6,344.175,0.04466,SAFE
EVT_80363,48694,89973,19.038,6.522,136.5,271.199,0.19609,SAFE
EVT_80364,32874,88593,29.697,14.708,53.1,465.115,0.27712,SAFE
EVT_80365,35264,97856,24.497,9.833,119.5,18.281,0.04431,SAFE
EVT_80366,37642,94016,6.075,8.265,12.6,181.977,0.40262,MEDIUM
EVT_80367,21673,91603,8.644,12.992,51.5,215.903,0.72093,MEDIUM
EVT_80368,24443,83246,3.435,13.733,171.2,319.665,0.57777,MEDIUM
EVT_80369,42751,91948,4.022,8.768,120.8,121.375,0.5049,MEDIUM
EVT_80370,44818,83732,0.554,12.237,141.0,210.535,0.50755,MEDIUM
EVT_80371,43752,81610,33.806,12.918,166.9,80.288,0.13012,SAFE
EVT_80372,38412,86246,8.505,7.482,2.2,45.534,0.10977,SAFE
EVT_80373,21353,83159,1.925,12.926,69.3,90.947,0.15779,SAFE
EVT_80374,47872,86050,1.143,14.748,75.0,291.898,0.70665,MEDIUM
EVT_80375,24712,91962,2.651,14.443,34.1,374.674,0.59192,MEDIUM
EVT_80376,33446,97902,0.499,9.158,113.8,476.148,0.82254,HIGH
EVT_80377,22409,98999,13.642,8.458,116.6,390.901,0.2392,SAFE
EVT_80378,48731,93342,6.31,5.55,8.4,205.18,0.54435,MEDIUM
EVT_80379,30842,93588,53.905,8.854,109.9,60.841,0.14647,SAFE
EVT_80380,31421,81039,17.037,8.544,42.6,169.41,0.04709,SAFE
EVT_80381,29693,97263,1.66,10.102,142.9,67.307,0.10027,SAFE
EVT_80382,33099,88035,15.314,13.055,12.0,252.704,0.19785,SAFE
EVT_80383,42964,99225,3.96,6.111,125.5,121.535,0.64168,MEDIUM
EVT_80384,25047,95816,4.709,10.939,25.3,395.897,0.67736,MEDIUM
EVT_80385,39734,92182,41.612,12.136,176.3,274.547,0.08043,SAFE
EVT_80386,44979,82177,3.955,6.391,57.0,57.974,0.06721,SAFE
EVT_80387,32545,84799,92.22,7.682,72.6,161.428,0.28404,SAFE
EVT_80388,30261,98079,22.343,9.677,136.8,355.828,0.13326,SAFE
EVT_80389,30168,86569,4.961,9.691,165.5,440.478,0.3294,MEDIUM
EVT_80390,34267,91304,4.252,5.998,36.6,483.401,0.64799,MEDIUM
EVT_80391,21700,85674,13.046,7.32,76.1,144.035,0.2662,SAFE
EVT_80392,39453,89664,11.298,6.126,66.5,46.603,0.03108,SAFE
EVT_80393,42046,98093,2.928,9.111,160.0,362.691,0.33782,MEDIUM
EVT_80394,39767,92340,17.8,8.229,59.6,320.906,0.11033,SAFE
EVT_80395,30823,83161,8.894,5.237,51.0,378.666,0.38227,MEDIUM
EVT_80396,26528,92384,49.198,6.705,174.2,287.797,0.21844,SAFE
EVT_80397,44783,82572,22.153,6.691,6.4,340.301,0.16297,SAFE
EVT_80398,31380,85369,3.573,10.273,106.4,154.557,0.73418,MEDIUM
EVT_80399,44007,98650,1.404,13.308,168.1,462.507,0.9104,HIGH
EVT_80400,37402,85369,2.921,9.409,73.6,51.079,0.08077,SAFE
EVT_80401,24023,98551,37.902,6.091,116.6,77.915,0.15233,SAFE
EVT_80402,44422,90487,6.377,11.022,12.4,352.816,0.4765,MEDIUM
EVT_80403,47684,94678,3.326,11.421,16.8,313.884,0.75346,MEDIUM
EVT_80404,36967,91460,0.653,14.358,177.1,73.137,0.14937,SAFE
EVT_80405,46631,96420,13.202,14.565,74.4,59.931,0.25259,SAFE
EVT_80406,26282,96317,42.598,10.505,24.7,458.437,0.04291,SAFE
EVT_80407,33080,96132,35.426,6.257,68.1,332.374,0.21053,SAFE
EVT_80408,30166,86075,21.784,8.939,168.5,437.21,0.28009,SAFE
EVT_80409,49783,92799,21.555,12.057,158.5,412.5,0.11403,SAFE
EVT_80410,32316,98608,4.153,13.041,130.8,418.095,0.32678,MEDIUM
EVT_80411,44968,80996,18.96,13.116,174.3,147.936,0.24503,SAFE
EVT_80412,31529,88121,41.694,14.852,104.3,487.289,0.28396,SAFE
EVT_80413,23553,99093,31.553,6.257,124.2,23.135,0.06263,SAFE
EVT_80414,20419,87177,12.608,13.266,178.0,200.106,0.27697,SAFE
EVT_80415,45742,82139,1.227,13.414,64.1,404.307,0.85547,HIGH
EVT_80416,21999,82004,5.789,13.97,74.5,499.251,0.63645,MEDIUM
EVT_80417,29843,86831,6.627,9.361,53.0,194.433,0.42736,MEDIUM
EVT_80418,35546,97709,0.061,7.437,23.1,437.414,0.94421,HIGH
EVT_80419,23462,96185,14.797,12.231,103.7,311.252,0.02551,SAFE
EVT_80420,43602,89391,5.614,9.176,156.9,308.471,0.44516,MEDIUM
EVT_80421,36184,97246,4.53,12.174,125.4,323.882,0.68756,MEDIUM
EVT_80422,43963,80397,15.895,7.631,76.0,100.476,0.04581,SAFE
EVT_80423,38032,92009,67.229,11.767,48.4,160.671,0.14808,SAFE
EVT_80424,49370,99404,3.738,9.194,67.2,491.168,0.7084,MEDIUM
EVT_80425,43026,90068,22.821,13.217,140.7,72.163,0.09,SAFE
EVT_80426,23564,83651,5.675,12.283,147.0,204.097,0.61836,MEDIUM
EVT_80427,23379,80024,0.468,6.42,151.8,159.035,0.39825,MEDIUM
EVT_80428,36107,96515,47.171,7.43,71.5,189.635,0.21247,SAFE
EVT_80429,34370,91277,0.678,10.799,52.4,342.542,0.98616,HIGH
EVT_80430,33930,83155,4.368,12.029,89.3,272.228,0.74999,MEDIUM
EVT_80431,27722,91055,3.608,12.819,54.0,412.386,0.4422,MEDIUM
EVT_80432,38573,84309,3.91,13.993,168.5,332.487,0.41021,MEDIUM
EVT_80433,28552,95015,27.961,7.607,68.8,18.709,0.13162,SAFE
EVT_80434,35795,94882,26.543,14.036,147.6,102.731,0.25376,SAFE
EVT_80435,20460,96629,21.739,6.838,61.4,147.932,0.09134,SAFE
EVT_80436,38402,80259,17.798,5.859,56.5,344.392,0.01742,SAFE
EVT_80437,32658,90990,2.31,7.628,56.7,24.248,0.05487,SAFE
EVT_80438,42793,88189,16.478,5.182,1.5,295.782,0.20442,SAFE
EVT_80439,37513,91842,0.758,7.572,106.9,395.325,0.86879,HIGH
EVT_80440,48086,83964,18.586,8.324,6.2,386.492,0.18467,SAFE
EVT_80441,38666,96685,1.251,14.735,176.7,420.687,0.86498,HIGH
EVT_80442,28342,82740,43.802,7.076,75.2,167.449,0.01033,SAFE
EVT_80443,39377,88341,4.171,8.664,32.1,140.177,0.43375,MEDIUM
EVT_80444,37111,93307,3.175,11.998,24.6,119.843,0.44722,MEDIUM
EVT_80445,36195,92147,10.236,14.227,86.6,275.897,0.20969,SAFE
EVT_80446,39474,80275,34.616,10.051,91.7,331.781,0.27832,SAFE
EVT_80447,37069,91864,9.605,8.616,135.5,138.693,0.64338,MEDIUM
EVT_80448,30485,87397,31.475,9.844,96.2,363.188,0.02531,SAFE
EVT_80449,29388,84138,23.059,13.22,136.2,321.306,0.11563,SAFE
EVT_80450,46171,94751,20.087,5.905,6.2,364.451,0.21271,SAFE
EVT_80451,44066,83107,47.693,6.628,162.8,264.764,0.166,SAFE
EVT_80452,23288,86701,3.291,13.83,98.3,450.251,0.67639,MEDIUM
EVT_80453,32765,93263,5.684,9.355,40.9,104.728,0.58665,MEDIUM
EVT_80454,32700,84258,8.042,7.584,47.2,16.018,0.21248,SAFE
EVT_80455,32526,99046,8.333,10.037,98.2,276.444,0.45216,MEDIUM
EVT_80456,36199,91324,28.646,9.437,115.2,68.893,0.11396,SAFE
EVT_80457,39182,85614,0.7,8.257,177.9,108.207,0.6569,MEDIUM
EVT_80458,36551,99581,47.102,13.402,129.7,417.017,0.19059,SAFE
EVT_80459,20305,83271,14.534,12.276,80.0,434.205,0.1724,SAFE
EVT_80460,25832,94473,0.172,7.826,175.2,489.748,0.91431,HIGH
EVT_80461,35183,83762,36.326,13.837,77.1,373.006,0.27721,SAFE
EVT_80462,42912,90003,35.004,14.593,78.2,62.789,0.17017,SAFE
EVT_80463,27235,90106,28.254,12.458,111.4,320.369,0.25946,SAFE
EVT_80464,31395,96313,1.267,13.911,77.8,463.536,0.98415,HIGH
EVT_80465,36174,92185,84.915,12.784,35.8,450.003,0.08289,SAFE
EVT_80466,36907,98942,0.869,6.21,170.6,266.07,0.53473,MEDIUM
EVT_80467,44128,88520,8.811,5.524,161.2,317.364,0.72883,MEDIUM
EVT_80468,47296,92869,4.606,7.892,82.9,200.427,0.63426,MEDIUM
EVT_80469,46396,88841,11.588,5.579,43.0,201.521,0.12275,SAFE
EVT_80470,34984,90856,57.749,11.144,36.2,407.688,0.20498,SAFE
EVT_80471,31779,92513,62.085,7.9,41.5,365.135,0.09046,SAFE
EVT_80472,25223,87785,11.777,7.056,163.9,446.273,0.15229,SAFE
EVT_80473,42569,90209,7.005,14.969,30.2,428.434,0.71039,MEDIUM
EVT_80474,41097,83188,5.095,13.479,162.8,454.361,0.78376,MEDIUM
EVT_80475,27522,82832,7.167,10.545,46.1,471.8,0.662,MEDIUM
EVT_80476,30991,90917,5.409,11.98,140.9,235.06,0.56253,MEDIUM
EVT_80477,23451,80700,13.606,8.532,98.5,394.059,0.11984,SAFE
EVT_80478,39512,98344,5.819,7.905,12.2,30.681,0.20128,SAFE
EVT_80479,40625,81605,35.389,8.723,26.3,170.198,0.02509,SAFE
EVT_80480,43031,92063,36.693,5.298,13.6,391.896,0.22134,SAFE
EVT_80481,24444,82972,6.065,5.861,9.9,44.25,0.03238,SAFE
EVT_80482,35140,81016,19.617,7.453,157.9,455.056,0.01555,SAFE
EVT_80483,21867,85221,4.052,13.601,147.8,416.242,0.43213,MEDIUM
EVT_80484,37375,87990,37.667,14.573,69.8,374.703,0.18279,SAFE
EVT_80485,31102,92957,48.718,7.736,109.3,128.793,0.02275,SAFE
EVT_80486,41983,87836,27.98,11.704,8.2,339.062,0.19779,SAFE
EVT_80487,46338,80447,11.513,6.723,178.1,318.745,0.20621,SAFE
EVT_80488,36457,82627,16.301,12.39,74.0,221.09,0.1209,SAFE
EVT_80489,40817,98480,5.229,6.692,14.8,16.233,0.25345,SAFE
EVT_80490,27307,96387,1.924,9.613,149.0,91.165,0.02563,SAFE
EVT_80491,35975,81763,41.949,9.984,146.7,203.113,0.07144,SAFE
EVT_80492,45685,85808,42.592,12.603,117.3,385.593,0.17696,SAFE
EVT_80493,26533,85525,6.8,8.77,53.9,448.407,0.62711,MEDIUM
EVT_80494,30043,80178,31.547,6.391,53.7,258.388,0.00367,SAFE
EVT_80495,45422,82605,25.664,5.946,28.4,187.384,0.21151,SAFE
EVT_80496,26481,95455,60.509,13.18,86.7,20.829,0.07736,SAFE
EVT_80497,27173,84698,12.737,6.259,62.7,445.06,0.22787,SAFE
EVT_80498,30190,80132,0.407,12.792,24.4,296.263,0.51978,MEDIUM
EVT_80499,25110,92349,0.651,10.341,97.5,318.298,0.98389,HIGH
EVT_80500,33199,94972,5.517,6.62,129.6,304.597,0.75413,MEDIUM
EVT_80501,27977,96333,2.569,7.966,29.9,146.886,0.67296,MEDIUM
EVT_80502,27854,83312,28.962,14.62,4.9,83.097,0.16214,SAFE
EVT_80503,32628,90783,9.428,9.19,150.7,248.087,0.64081,MEDIUM
EVT_80504,27914,96146,8.868,5.434,146.5,316.222,0.405,MEDIUM
EVT_80505,23026,99105,10.32,10.112,21.2,148.284,0.038,SAFE
EVT_80506,38993,97490,1.57,5.646,86.5,32.651,0.11315,SAFE
EVT_80507,39197,84329,26.913,10.607,42.9,390.938,0.25403,SAFE
EVT_80508,38225,90056,0.003,14.297,166.0,264.226,0.54985,MEDIUM
EVT_80509,45706,81109,75.245,13.017,57.9,258.269,0.06513,SAFE
EVT_80510,21370,93963,2.931,6.159,1.5,25.835,0.21486,SAFE
EVT_80511,49275,92729,7.06,12.305,38.6,339.799,0.73301,MEDIUM
EVT_80512,48058,95144,2.139,5.231,15.2,425.702,0.66959,MEDIUM
EVT_80513,25954,90248,1.678,6.526,55.9,50.21,0.28891,SAFE
EVT_80514,48300,90452,22.782,14.206,50.3,439.224,0.1561,SAFE
EVT_80515,35254,97448,16.564,8.559,68.7,148.824,0.18461,SAFE
EVT_80516,49559,90143,9.669,9.578,120.2,432.744,0.49909,MEDIUM
EVT_80517,21813,86757,9.766,9.86,20.8,174.442,0.48115,MEDIUM
EVT_80518,23757,89766,9.933,12.026,133.9,163.753,0.58244,MEDIUM
EVT_80519,38257,80129,9.55,13.815,178.0,484.656,0.37394,MEDIUM
EVT_80520,32599,99506,69.637,8.667,33.5,382.614,0.10153,SAFE
EVT_80521,45602,84818,11.259,7.484,47.1,258.863,0.19245,SAFE
EVT_80522,22058,83885,2.343,11.515,146.1,64.349,0.18359,SAFE
EVT_80523,28981,95830,4.224,12.514,132.4,39.89,0.28766,SAFE
EVT_80524,36333,98703,12.307,10.003,151.7,153.421,0.27418,SAFE
EVT_80525,26290,93128,26.6,11.0,115.0,247.926,0.26196,SAFE
EVT_80526,49596,92800,86.48,14.206,123.7,309.445,0.03454,SAFE
EVT_80527,39777,89989,23.634,10.139,91.6,326.823,0.13514,SAFE
EVT_80528,47402,80477,33.844,10.496,143.8,99.158,0.1799,SAFE
EVT_80529,23714,98605,7.191,13.423,25.2,287.735,0.30112,MEDIUM
EVT_80530,30320,92105,0.37,10.751,51.0,399.103,0.95722,HIGH
EVT_80531,29218,98125,16.786,11.056,124.9,202.928,0.22684,SAFE
EVT_80532,46673,98445,13.861,5.152,116.8,41.306,0.24378,SAFE
EVT_80533,33206,88576,13.42,13.658,56.5,76.03,0.13795,SAFE
EVT_80534,29216,97494,28.962,11.516,100.0,492.873,0.0849,SAFE
EVT_80535,44012,99083,38.981,10.799,94.6,270.302,0.11112,SAFE
EVT_80536,26757,90232,3.773,10.383,156.6,273.849,0.76067,MEDIUM
EVT_80537,41605,84916,18.654,8.957,12.9,208.041,0.22943,SAFE
EVT_80538,36770,98991,17.073,13.695,28.2,340.698,0.14367,SAFE
EVT_80539,36616,87604,37.232,5.324,129.6,284.813,0.07108,SAFE
EVT_80540,28449,97434,0.565,11.09,47.0,262.623,0.76584,MEDIUM
EVT_80541,29752,87487,7.684,10.534,15.8,460.177,0.414,MEDIUM
EVT_80542,24039,96457,41.204,9.984,34.1,243.076,0.26526,SAFE
EVT_80543,49126,82178,28.622,10.5,41.9,237.017,0.21111,SAFE
EVT_80544,21993,86278,1.496,9.947,60.3,173.393,0.59771,MEDIUM
EVT_80545,38967,98218,12.327,14.716,27.7,450.519,0.00253,SAFE
EVT_80546,35202,98358,2.431,7.883,11.1,438.968,0.75324,MEDIUM
EVT_80547,24982,91681,5.594,7.612,179.3,101.237,0.61795,MEDIUM
EVT_80548,42060,99927,3.288,6.274,176.9,63.292,0.06143,SAFE
EVT_80549,35106,97688,7.988,10.17,13.8,138.352,0.66205,MEDIUM
EVT_80550,25024,94114,10.265,11.741,60.5,305.046,0.03012,SAFE
EVT_80551,46468,85947,3.52,6.952,23.8,388.678,0.41279,MEDIUM
EVT_80552,35160,81093,44.425,6.647,165.1,461.914,0.06701,SAFE
EVT_80553,20035,99067,0.112,14.55,24.8,324.956,0.86282,HIGH
EVT_80554,35231,85093,12.568,6.288,19.8,263.808,0.17694,SAFE
EVT_80555,38111,80878,5.264,6.812,55.4,484.153,0.34283,MEDIUM
EVT_80556,49688,87132,28.277,13.279,26.2,464.922,0.27953,SAFE
EVT_80557,23109,83598,13.625,7.695,116.5,71.745,0.26118,SAFE
EVT_80558,22309,93933,8.601,7.801,68.5,76.751,0.1225,SAFE
EVT_80559,39275,99512,15.308,13.899,156.3,277.716,0.20993,SAFE
EVT_80560,36015,81686,4.466,6.504,59.3,258.728,0.58356,MEDIUM
EVT_80561,39025,99267,0.157,6.01,138.6,461.451,0.80388,HIGH
EVT_80562,20414,90569,13.271,11.845,165.7,22.408,0.01399,SAFE
EVT_80563,43432,94516,3.866,5.102,83.1,383.159,0.32547,MEDIUM
EVT_80564,47435,92440,3.819,6.915,152.7,104.782,0.41061,MEDIUM
EVT_80565,34194,87674,10.853,13.147,108.6,28.542,0.01829,SAFE
EVT_80566,37055,92259,12.927,14.841,113.8,387.558,0.21846,SAFE
EVT_80567,25680,90672,11.763,7.481,12.4,335.714,0.27684,SAFE
EVT_80568,46891,84218,3.079,10.729,69.8,425.137,0.72659,MEDIUM
EVT_80569,33588,87368,49.806,5.448,71.3,146.314,0.1201,SAFE
EVT_80570,33746,94405,2.194,12.605,41.8,84.444,0.17493,SAFE
EVT_80571,21882,80120,7.765,13.177,82.5,249.364,0.33485,MEDIUM
EVT_80572,45214,82782,32.266,13.315,15.3,121.404,0.20882,SAFE
EVT_80573,23012,96994,4.364,13.883,17.8,200.504,0.39691,MEDIUM
EVT_80574,49752,81618,2.166,12.306,138.8,423.268,0.53551,MEDIUM
EVT_80575,35386,94035,5.383,6.186,35.8,93.222,0.15523,SAFE
EVT_80576,39197,96440,15.777,7.264,46.4,377.028,0.03141,SAFE
EVT_80577,44125,85713,15.537,12.065,177.3,24.162,0.01823,SAFE
EVT_80578,38743,96632,1.912,13.694,47.9,24.316,0.26118,SAFE
EVT_80579,37516,82348,1.687,13.634,172.6,454.532,0.82701,HIGH
EVT_80580,23783,85354,5.928,12.808,22.3,238.439,0.67463,MEDIUM
EVT_80581,25695,92023,1.419,14.361,90.5,264.75,0.33517,MEDIUM
EVT_80582,30840,98133,8.294,7.202,55.7,130.801,0.55464,MEDIUM
EVT_80583,45493,97032,30.053,11.257,82.8,282.481,0.22774,SAFE
EVT_80584,25532,99148,23.056,9.434,95.9,496.337,0.15169,SAFE
EVT_80585,45140,94988,30.466,8.147,126.2,263.566,0.21176,SAFE
EVT_80586,35348,80010,8.35,5.618,2.3,64.288,0.14285,SAFE
EVT_80587,49123,90391,12.273,5.272,66.0,309.589,0.21167,SAFE
EVT_80588,41407,87498,6.911,12.483,117.6,287.68,0.61825,MEDIUM
EVT_80589,24667,90447,20.002,12.3,67.0,221.433,0.09716,SAFE
EVT_80590,38210,93192,22.79,11.691,37.9,123.088,0.1184,SAFE
EVT_80591,28456,95106,30.028,14.159,148.8,224.779,0.01763,SAFE
EVT_80592,28588,82525,51.955,11.542,109.3,89.929,0.20621,SAFE
EVT_80593,35024,98178,4.405,14.231,28.2,442.343,0.33269,MEDIUM
EVT_80594,32076,95672,29.571,7.236,3.5,33.71,0.04635,SAFE
EVT_80595,45515,83490,32.607,13.97,118.0,51.392,0.288,SAFE
EVT_80596,20103,84200,3.178,7.328,35.9,140.414,0.423,MEDIUM
EVT_80597,27798,96726,24.394,5.932,28.7,97.857,0.13404,SAFE
EVT_80598,28895,88850,12.451,5.935,65.6,299.359,0.28968,SAFE
EVT_80599,43840,83554,6.856,13.24,57.2,327.307,0.32729,MEDIUM
EVT_80600,37324,91020,2.409,8.102,126.2,334.127,0.5673,MEDIUM
EVT_80601,31837,91418,22.855,14.493,50.4,141.794,0.0931,SAFE
EVT_80602,35035,98079,2.149,11.497,26.8,92.732,0.23254,SAFE
EVT_80603,29344,98719,3.749,14.899,61.9,230.385,0.34215,MEDIUM
EVT_80604,40892,93155,22.986,7.29,81.8,63.809,0.18197,SAFE
EVT_80605,20248,97663,18.166,5.361,149.5,377.099,0.02147,SAFE
EVT_80606,42044,88270,4.476,10.399,4.0,83.059,0.13394,SAFE
EVT_80607,37798,93421,30.811,9.34,168.3,142.532,0.2495,SAFE
EVT_80608,42359,82208,33.439,5.697,14.5,141.4,0.28905,SAFE
EVT_80609,36353,97590,2.493,13.424,32.7,167.998,0.51821,MEDIUM
EVT_80610,33315,85735,0.687,12.809,2.3,318.81,0.89107,HIGH
EVT_80611,43639,94363,16.121,6.502,78.1,310.047,0.19093,SAFE
EVT_80612,48721,93173,16.874,8.648,136.1,428.431,0.02776,SAFE
EVT_80613,42222,94880,4.13,9.541,156.4,361.345,0.44109,MEDIUM
EVT_80614,42021,98429,3.724,7.279,57.3,177.914,0.74569,MEDIUM
EVT_80615,26156,81953,7.758,14.504,165.5,177.112,0.59929,MEDIUM
EVT_80616,27530,93212,4.23,5.051,6.9,374.521,0.39231,MEDIUM
EVT_80617,47414,81570,13.952,5.715,52.9,32.361,0.23463,SAFE
EVT_80618,39358,92755,20.688,5.132,53.4,481.425,0.21894,SAFE
EVT_80619,48079,91584,10.4,11.899,174.6,300.55,0.15268,SAFE
EVT_80620,49276,82808,11.659,13.537,109.6,40.647,0.05087,SAFE
EVT_80621,41296,94048,8.309,5.675,16.4,300.374,0.59511,MEDIUM
EVT_80622,40810,89559,0.946,6.589,88.8,33.875,0.06244,SAFE
EVT_80623,41954,91492,9.191,11.575,23.2,267.324,0.71522,MEDIUM
EVT_80624,45600,84088,26.488,14.848,78.1,343.557,0.04142,SAFE
EVT_80625,45677,81658,28.45,11.212,141.0,371.996,0.24849,SAFE
EVT_80626,47748,92999,5.813,12.439,132.9,175.373,0.42478,MEDIUM
EVT_80627,46123,93027,11.116,14.846,99.9,448.059,0.18983,SAFE
EVT_80628,25174,91759,7.338,9.436,55.0,494.332,0.75991,MEDIUM
EVT_80629,38740,84578,23.431,5.253,80.3,89.667,0.21778,SAFE
EVT_80630,33867,91669,52.741,14.096,154.8,498.778,0.13273,SAFE
EVT_80631,45228,83450,1.293,6.161,31.7,215.367,0.61607,MEDIUM
EVT_80632,22480,98558,2.447,5.664,18.3,427.554,0.33666,MEDIUM
EVT_80633,42132,86537,7.776,5.717,93.3,104.596,0.60242,MEDIUM
EVT_80634,24249,88519,29.297,12.516,86.5,182.906,0.14288,SAFE
EVT_80635,37257,85458,120.55,14.416,42.4,218.42,0.15975,SAFE
EVT_80636,47055,98141,20.579,5.075,0.8,370.468,0.06314,SAFE
EVT_80637,35003,81867,24.961,8.318,2.9,387.41,0.04911,SAFE
EVT_80638,39333,85842,1.908,6.939,127.9,66.53,0.16442,SAFE
EVT_80639,25622,99426,19.65,11.696,34.7,254.511,0.14896,SAFE
EVT_80640,28228,94167,4.009,14.454,56.6,229.999,0.69096,MEDIUM
EVT_80641,41102,96563,7.507,11.956,159.6,122.459,0.59415,MEDIUM
EVT_80642,44092,83474,1.476,12.881,174.3,264.081,0.51548,MEDIUM
EVT_80643,42678,97115,2.443,13.779,9.1,55.017,0.07981,SAFE
EVT_80644,43961,91010,2.823,11.815,30.6,157.254,0.37722,MEDIUM
EVT_80645,45952,80866,44.266,9.351,165.1,298.02,0.16875,SAFE
EVT_80646,45889,82018,13.494,9.661,24.1,146.62,0.18257,SAFE
EVT_80647,22548,85361,2.214,10.117,66.8,438.804,0.32598,MEDIUM
EVT_80648,42083,99421,10.364,7.712,41.2,273.534,0.02711,SAFE
EVT_80649,21043,96948,0.156,12.285,24.9,442.85,0.80343,HIGH
EVT_80650,40054,91149,9.827,12.117,58.6,219.317,0.757,MEDIUM
EVT_80651,38043,94631,27.658,13.373,20.8,400.689,0.28062,SAFE
EVT_80652,41359,90249,5.955,6.489,70.9,34.697,0.19725,SAFE
EVT_80653,40775,97809,26.312,11.657,64.7,266.444,0.18527,SAFE
EVT_80654,25174,92182,13.061,10.06,92.0,204.579,0.18632,SAFE
EVT_80655,41996,97934,14.828,8.168,174.9,230.687,0.22792,SAFE
EVT_80656,45535,88592,7.834,6.388,58.7,347.76,0.72285,MEDIUM
EVT_80657,33460,81637,7.447,11.551,179.6,169.333,0.68383,MEDIUM
EVT_80658,31444,91543,22.071,10.886,34.9,162.04,0.22019,SAFE
EVT_80659,40215,89999,6.194,14.067,52.8,11.178,0.26402,SAFE
EVT_80660,26683,88036,17.19,10.365,149.2,341.977,0.10328,SAFE
EVT_80661,44981,96129,2.165,6.235,24.2,52.214,0.27524,SAFE
EVT_80662,47733,92026,37.338,14.976,72.1,291.012,0.14029,SAFE
EVT_80663,27371,99516,34.987,7.637,99.9,294.581,0.02155,SAFE
EVT_80664,37242,81103,13.996,6.266,17.8,236.827,0.1492,SAFE
EVT_80665,34758,90668,24.987,9.269,47.4,483.007,0.03793,SAFE
EVT_80666,40721,96733,2.178,10.181,118.8,172.06,0.70409,MEDIUM
EVT_80667,31410,95083,5.445,9.954,71.8,282.813,0.39093,MEDIUM
EVT_80668,26130,80285,30.146,12.604,127.1,481.839,0.20217,SAFE
EVT_80669,35170,91582,20.529,5.492,148.0,313.539,0.09735,SAFE
EVT_80670,27854,95434,5.698,14.77,164.1,373.856,0.60547,MEDIUM
EVT_80671,46902,91337,9.434,6.561,57.2,86.815,0.03138,SAFE
EVT_80672,40221,80171,21.673,9.072,24.9,180.554,0.06862,SAFE
EVT_80673,30464,83080,6.476,12.676,0.1,265.007,0.7247,MEDIUM
EVT_80674,38029,98316,16.12,10.925,88.8,406.322,0.01866,SAFE
EVT_80675,36350,89099,15.091,13.32,70.7,358.335,0.08495,SAFE
EVT_80676,23751,87669,36.366,11.521,99.2,295.37,0.21709,SAFE
EVT_80677,24734,80950,2.105,10.752,56.9,56.904,0.11042,SAFE
EVT_80678,23667,83078,7.362,5.649,175.3,283.003,0.45585,MEDIUM
EVT_80679,36212,95717,15.083,5.046,140.9,51.433,0.20259,SAFE
EVT_80680,49561,80782,3.868,7.593,177.6,329.929,0.34382,MEDIUM
EVT_80681,26252,87414,7.674,13.482,35.4,61.316,0.23825,SAFE
EVT_80682,30565,99465,1.041,10.304,95.3,241.017,0.60938,MEDIUM
EVT_80683,24921,90385,6.601,6.358,20.3,410.431,0.69136,MEDIUM
EVT_80684,44017,87039,7.846,7.831,30.8,382.703,0.46477,MEDIUM
EVT_80685,43630,82797,13.557,5.308,66.7,236.283,0.04956,SAFE
EVT_80686,35970,86756,3.137,10.105,51.6,352.876,0.53084,MEDIUM
EVT_80687,38745,90223,16.397,12.509,133.4,426.335,0.01393,SAFE
EVT_80688,46543,92598,21.448,7.69,64.4,283.693,0.18705,SAFE
EVT_80689,46812,92401,3.472,11.987,51.3,350.301,0.57209,MEDIUM
EVT_80690,43316,99804,8.374,5.502,153.6,458.465,0.45564,MEDIUM
EVT_80691,34626,90912,8.534,7.066,7.5,105.087,0.58225,MEDIUM
EVT_80692,29879,93105,4.107,9.148,117.9,421.431,0.58474,MEDIUM
EVT_80693,29341,89754,0.93,11.469,0.0,438.419,0.92469,HIGH
EVT_80694,24873,82478,8.46,10.046,77.7,149.467,0.35199,MEDIUM
EVT_80695,40902,84524,11.276,12.294,120.2,99.866,0.08856,SAFE
EVT_80696,34898,88570,7.855,11.596,65.1,147.644,0.44321,MEDIUM
EVT_80697,27525,80245,15.123,10.038,60.5,211.914,0.03,SAFE
EVT_80698,39971,99607,10.68,5.332,87.7,205.015,0.01376,SAFE
EVT_80699,25906,91516,11.183,14.999,118.1,197.472,0.08374,SAFE
EVT_80700,23808,88391,16.344,5.568,121.3,113.209,0.10527,SAFE
EVT_80701,42403,96934,33.089,8.478,172.5,219.941,0.03926,SAFE
EVT_80702,44097,81245,3.906,6.331,103.8,429.539,0.73074,MEDIUM
EVT_80703,23782,86570,11.869,6.296,76.7,187.041,0.12931,SAFE
EVT_80704,28252,93058,0.59,7.603,6.0,43.831,0.08205,SAFE
EVT_80705,33615,90320,182.126,11.55,124.7,145.185,0.07953,SAFE
EVT_80706,34358,97577,22.6,8.085,32.6,21.955,0.05855,SAFE
EVT_80707,21817,95017,14.726,7.281,44.9,412.186,0.22249,SAFE
EVT_80708,21738,87757,20.831,7.187,67.4,152.108,0.28686,SAFE
EVT_80709,28503,89125,21.31,9.292,122.7,432.092,0.02898,SAFE
EVT_80710,36524,89991,27.19,14.074,154.7,120.462,0.03521,SAFE
EVT_80711,36471,99279,21.341,10.893,126.7,92.236,0.11405,SAFE
EVT_80712,49685,84063,32.292,7.255,171.7,69.405,0.11426,SAFE
EVT_80713,37464,94769,4.767,9.501,82.0,167.331,0.40769,MEDIUM
EVT_80714,22209,98984,22.061,12.997,22.3,163.104,0.04346,SAFE
EVT_80715,39435,89073,11.267,6.937,115.0,247.928,0.21699,SAFE
EVT_80716,31378,94420,6.16,13.393,168.3,258.949,0.59045,MEDIUM
EVT_80717,34101,94117,27.832,7.697,136.3,119.52,0.27225,SAFE
EVT_80718,23350,97076,6.916,7.166,87.5,360.896,0.6886,MEDIUM
EVT_80719,20934,98005,3.149,6.322,134.4,443.202,0.63863,MEDIUM
EVT_80720,33691,87231,24.239,14.191,97.7,327.451,0.02603,SAFE
EVT_80721,20650,92013,4.419,12.427,158.3,287.89,0.43462,MEDIUM
EVT_80722,40749,91285,5.861,6.64,1.3,286.66,0.78528,MEDIUM
EVT_80723,38365,88816,3.95,14.463,61.2,110.9,0.40054,MEDIUM
EVT_80724,43687,95075,50.635,11.328,112.9,390.803,0.25219,SAFE
EVT_80725,44460,96747,45.614,6.588,80.2,252.536,0.16417,SAFE
EVT_80726,23792,98128,31.447,14.261,175.7,483.459,0.06583,SAFE
EVT_80727,33016,88248,14.571,6.485,169.3,176.753,0.19703,SAFE
EVT_80728,37376,89894,4.053,12.948,93.0,245.027,0.71106,MEDIUM
EVT_80729,47134,95787,4.111,14.013,55.2,316.712,0.7427,MEDIUM
EVT_80730,44409,98238,64.363,8.43,19.8,50.823,0.13116,SAFE
EVT_80731,48696,82552,17.132,13.662,122.0,186.736,0.24824,SAFE
EVT_80732,35694,80713,3.232,8.393,113.9,190.312,0.55406,MEDIUM
EVT_80733,25112,83088,5.814,10.626,172.3,467.865,0.49612,MEDIUM
EVT_80734,47926,99469,14.658,9.428,15.9,395.537,0.08357,SAFE
EVT_80735,20115,88964,12.863,14.132,88.9,430.72,0.23512,SAFE
EVT_80736,30225,96167,61.684,11.248,94.3,280.109,0.14511,SAFE
EVT_80737,47130,93990,78.498,6.881,78.4,238.196,0.1986,SAFE
EVT_80738,24794,99508,16.466,8.862,163.9,487.872,0.12317,SAFE
EVT_80739,22207,86255,1.93,6.233,104.7,15.378,0.26035,SAFE
EVT_80740,26141,96887,12.525,11.566,18.4,115.833,0.23876,SAFE
EVT_80741,49288,80168,9.673,9.362,50.1,62.63,0.10936,SAFE
EVT_80742,21002,93582,0.731,13.049,87.0,70.587,0.21029,SAFE
EVT_80743,42479,91354,1.509,11.823,142.9,54.345,0.26001,SAFE
EVT_80744,33546,98398,2.248,10.708,6.1,116.811,0.38962,MEDIUM
EVT_80745,20484,96629,27.23,9.98,3.5,113.75,0.09439,SAFE
EVT_80746,28894,89972,0.851,11.018,97.8,436.809,0.91363,HIGH
EVT_80747,37513,80766,0.412,11.834,137.2,14.085,0.03324,SAFE
EVT_80748,47681,89182,19.029,6.156,80.7,152.96,0.15175,SAFE
EVT_80749,26271,94435,14.371,8.367,40.2,354.956,0.00519,SAFE
EVT_80750,21742,95955,11.71,14.796,168.1,125.205,0.1275,SAFE
EVT_80751,28284,97776,21.27,8.872,42.2,44.09,0.14572,SAFE
EVT_80752,30094,96089,0.947,8.451,168.3,385.021,0.88495,HIGH
EVT_80753,28595,95843,17.516,12.053,151.8,285.236,0.02834,SAFE
EVT_80754,47139,90144,5.157,12.274,70.5,68.117,0.10646,SAFE
EVT_80755,21534,92558,31.302,9.244,41.2,282.258,0.07371,SAFE
EVT_80756,33233,95222,10.664,6.134,105.0,162.26,0.07655,SAFE
EVT_80757,29882,96026,13.989,14.852,7.7,442.21,0.12425,SAFE
EVT_80758,29467,92610,39.749,7.686,39.3,182.702,0.25574,SAFE
EVT_80759,42298,86493,5.021,13.258,175.8,144.037,0.35768,MEDIUM
EVT_80760,25764,82984,9.393,11.964,74.9,173.913,0.71907,MEDIUM
EVT_80761,27356,80092,43.927,8.378,7.7,310.974,0.14536,SAFE
EVT_80762,44308,82546,10.242,8.229,136.4,62.833,0.08076,SAFE
EVT_80763,45204,91885,20.06,7.672,123.8,244.024,0.22175,SAFE
EVT_80764,21493,93271,29.884,10.762,146.9,302.745,0.16269,SAFE
EVT_80765,29768,89251,10.509,9.959,46.2,268.31,0.21739,SAFE
EVT_80766,34564,85072,21.985,6.882,39.6,495.999,0.15067,SAFE
EVT_80767,29311,98319,20.111,9.884,27.4,220.946,0.20106,SAFE
EVT_80768,37543,80582,68.891,13.075,5.2,359.054,0.28928,SAFE
EVT_80769,23021,96561,43.143,6.988,9.1,286.888,0.15559,SAFE
EVT_80770,38508,95916,2.865,5.205,125.7,276.006,0.67495,MEDIUM
EVT_80771,31822,90552,5.829,13.617,19.6,12.262,0.14256,SAFE
EVT_80772,43892,97198,15.078,7.556,119.6,440.231,0.09747,SAFE
EVT_80773,36096,96002,11.428,8.784,84.2,388.419,0.01226,SAFE
EVT_80774,21670,98354,16.73,7.131,43.6,19.916,0.18502,SAFE
EVT_80775,35457,88819,37.565,13.071,10.0,246.211,0.27377,SAFE
EVT_80776,24770,86460,10.728,8.992,145.1,169.695,0.14402,SAFE
EVT_80777,32269,94352,15.816,5.183,162.8,67.888,0.14194,SAFE
EVT_80778,49181,94760,11.505,9.64,102.1,361.956,0.07945,SAFE
EVT_80779,30764,89493,15.913,6.676,53.1,106.632,0.28785,SAFE
EVT_80780,28763,95784,5.667,8.839,124.7,465.022,0.37904,MEDIUM
EVT_80781,34661,92678,37.424,9.567,63.9,64.072,0.02048,SAFE
EVT_80782,49257,94552,3.823,7.096,106.0,299.866,0.68334,MEDIUM
EVT_80783,24296,83961,31.726,6.861,1.9,436.564,0.00138,SAFE
EVT_80784,31979,96236,2.997,14.876,138.7,465.393,0.709,MEDIUM
EVT_80785,22980,84232,9.095,12.813,50.0,236.539,0.65674,MEDIUM
EVT_80786,33792,95289,2.833,14.099,165.8,334.756,0.57699,MEDIUM
EVT_80787,48307,93025,6.168,5.716,74.1,112.858,0.34774,MEDIUM
EVT_80788,34608,82733,17.568,7.567,117.9,72.696,0.00202,SAFE
EVT_80789,44621,89236,13.989,12.454,47.9,382.338,0.26009,SAFE
EVT_80790,47691,99148,11.54,12.68,69.6,466.939,0.19257,SAFE
EVT_80791,43222,89325,4.335,14.867,19.9,243.408,0.71318,MEDIUM
EVT_80792,33146,91718,10.424,9.73,60.9,333.261,0.24689,SAFE
EVT_80793,29037,90467,16.534,13.176,49.8,67.905,0.10262,SAFE
EVT_80794,23985,94359,27.048,6.973,147.0,124.421,0.22379,SAFE
EVT_80795,45600,90926,13.27,13.237,121.1,316.588,0.16157,SAFE
EVT_80796,22868,83059,8.024,13.196,122.4,423.07,0.46689,MEDIUM
EVT_80797,31034,89008,10.753,6.702,5.5,56.647,0.28593,SAFE
EVT_80798,45627,92539,8.915,6.025,58.3,79.554,0.05426,SAFE
EVT_80799,43826,93153,2.343,10.391,111.2,345.012,0.57263,MEDIUM
EVT_80800,48395,80767,1.396,14.222,18.7,70.666,0.03696,SAFE
EVT_80801,20346,94181,20.634,7.889,135.9,363.455,0.02338,SAFE
EVT_80802,26771,93147,2.332,6.1,34.5,235.45,0.56424,MEDIUM
EVT_80803,46812,91932,2.071,5.983,34.5,444.829,0.33691,MEDIUM
EVT_80804,24224,84738,20.638,11.427,116.9,106.64,0.12141,SAFE
EVT_80805,36219,84463,16.165,8.441,51.4,499.611,0.02119,SAFE
EVT_80806,29871,98743,7.952,11.101,166.1,466.594,0.65716,MEDIUM
EVT_80807,42718,85980,3.379,7.943,36.1,107.007,0.39442,MEDIUM
EVT_80808,48398,98352,3.322,11.711,136.6,448.65,0.49874,MEDIUM
EVT_80809,26103,80873,16.375,12.656,33.5,353.435,0.08851,SAFE
EVT_80810,24146,85079,8.897,11.756,82.0,388.749,0.52223,MEDIUM
EVT_80811,32589,86082,3.004,8.764,121.9,54.049,0.24761,SAFE
EVT_80812,33816,94273,4.817,11.602,50.2,398.886,0.49523,MEDIUM
EVT_80813,26389,90003,5.804,8.776,45.0,208.724,0.57181,MEDIUM
EVT_80814,23535,85434,20.898,7.391,64.4,35.166,0.14875,SAFE
EVT_80815,39726,89877,36.444,10.706,25.9,225.27,0.16884,SAFE
EVT_80816,35208,97691,13.898,9.813,154.9,47.594,0.2722,SAFE
EVT_80817,24188,94078,21.623,11.331,34.7,455.032,0.22657,SAFE
EVT_80818,20785,86137,8.059,11.351,154.8,98.955,0.12335,SAFE
EVT_80819,34555,83915,8.647,5.677,155.0,213.219,0.76201,MEDIUM
EVT_80820,41232,88926,1.024,8.989,0.5,270.285,0.54582,MEDIUM
EVT_80821,20821,86301,3.143,8.477,64.4,295.011,0.44669,MEDIUM
EVT_80822,22387,81002,32.052,6.431,176.5,51.073,0.08833,SAFE
EVT_80823,45717,82481,13.056,10.401,50.6,211.918,0.03707,SAFE
EVT_80824,49230,82992,23.012,11.117,164.7,404.454,0.02547,SAFE
EVT_80825,42635,99123,9.505,14.397,130.8,82.711,0.07672,SAFE
EVT_80826,33942,81440,0.571,5.267,37.9,164.727,0.55082,MEDIUM
EVT_80827,45707,90027,4.239,13.877,116.9,58.355,0.13034,SAFE
EVT_80828,41356,97218,8.399,14.516,163.9,201.96,0.48543,MEDIUM
EVT_80829,29891,93227,3.755,6.153,60.9,246.798,0.48246,MEDIUM
EVT_80830,37423,93084,2.826,9.457,179.5,271.891,0.66924,MEDIUM
EVT_80831,34221,93579,1.775,9.129,20.1,184.058,0.38276,MEDIUM
EVT_80832,43905,89576,37.237,7.432,85.9,70.771,0.26221,SAFE
EVT_80833,44249,95022,6.298,10.661,159.0,111.453,0.6058,MEDIUM
EVT_80834,26096,94640,16.61,14.82,20.4,12.187,0.15539,SAFE
EVT_80835,46984,93236,8.874,8.441,41.5,182.946,0.4186,MEDIUM
EVT_80836,39042,82435,27.975,6.774,58.9,473.529,0.07641,SAFE
EVT_80837,29885,94783,12.22,11.334,48.8,369.791,0.23353,SAFE
EVT_80838,34439,91042,11.481,5.927,174.6,307.938,0.17612,SAFE
EVT_80839,33385,94236,25.101,12.236,46.4,29.815,0.04022,SAFE
EVT_80840,36284,97437,10.507,9.826,104.6,364.007,0.27998,SAFE
EVT_80841,40495,90732,11.439,13.876,140.5,302.137,0.00902,SAFE
EVT_80842,40135,84514,17.501,12.451,75.3,20.559,0.09244,SAFE
EVT_80843,49990,89498,11.325,12.47,106.1,418.08,0.17189,SAFE
EVT_80844,44284,80825,8.721,10.349,129.2,272.366,0.70688,MEDIUM
EVT_80845,28006,88290,10.644,6.773,149.4,342.652,0.26332,SAFE
EVT_80846,47768,99893,11.046,6.198,13.4,69.579,0.12125,SAFE
EVT_80847,24875,92442,18.198,14.689,32.2,342.43,0.12628,SAFE
EVT_80848,48841,89883,21.878,6.408,1.7,192.252,0.13898,SAFE
EVT_80849,35138,97340,23.682,11.329,81.4,385.338,0.08728,SAFE
EVT_80850,41174,99397,5.349,13.559,56.9,384.599,0.7313,MEDIUM
EVT_80851,25093,98938,16.333,5.293,4.1,390.698,0.23002,SAFE
EVT_80852,25903,88097,9.797,10.524,78.3,295.478,0.59773,MEDIUM
EVT_80853,33632,80091,9.231,13.547,106.9,60.353,0.08366,SAFE
EVT_80854,34105,95464,8.076,14.151,38.8,226.497,0.64426,MEDIUM
EVT_80855,37697,81617,3.412,5.957,170.6,402.952,0.36876,MEDIUM
EVT_80856,23161,80067,16.588,9.238,44.3,460.107,0.03072,SAFE
EVT_80857,24072,92874,22.181,5.833,50.3,331.44,0.11719,SAFE
EVT_80858,24174,83881,13.772,10.446,171.2,194.827,0.15539,SAFE
EVT_80859,38581,85516,23.865,12.12,76.5,129.345,0.13859,SAFE
EVT_80860,24095,84726,58.196,6.773,56.6,266.386,0.1346,SAFE
EVT_80861,36880,91981,4.268,14.106,25.4,136.505,0.47432,MEDIUM
EVT_80862,45274,90626,0.969,8.857,129.3,290.583,0.49774,MEDIUM
EVT_80863,37915,81831,17.747,10.691,55.5,71.712,0.2339,SAFE
EVT_80864,39264,89634,17.064,14.449,53.5,127.933,0.14689,SAFE
EVT_80865,47360,86135,2.2,10.52,173.7,134.641,0.78249,MEDIUM
EVT_80866,36197,93853,7.167,12.836,115.6,470.428,0.58458,MEDIUM
EVT_80867,38165,94196,21.773,10.931,125.0,89.064,0.24504,SAFE
EVT_80868,28299,85709,29.661,7.779,21.5,12.453,0.04806,SAFE
EVT_80869,45048,94415,10.541,5.513,92.4,180.198,0.21495,SAFE
EVT_80870,27106,81532,50.866,11.538,15.9,78.047,0.22943,SAFE
EVT_80871,44269,83581,21.994,6.752,179.1,149.941,0.23774,SAFE
EVT_80872,46614,89043,1.218,8.551,92.8,270.468,0.40279,MEDIUM
EVT_80873,29854,92289,3.555,10.187,153.4,347.049,0.62254,MEDIUM
EVT_80874,23932,91683,4.357,8.958,170.7,299.139,0.66019,MEDIUM
EVT_80875,40224,80618,2.61,10.088,68.3,122.601,0.76082,MEDIUM
EVT_80876,40712,80461,4.127,10.516,174.9,434.103,0.6752,MEDIUM
EVT_80877,30354,90747,5.298,13.091,2.8,98.111,0.14776,SAFE
EVT_80878,23625,81538,13.591,9.957,84.4,487.034,0.06461,SAFE
EVT_80879,21976,93873,4.465,7.609,120.7,472.202,0.39981,MEDIUM
EVT_80880,20398,83278,3.433,7.592,27.7,460.025,0.37074,MEDIUM
EVT_80881,43279,86796,12.736,12.167,155.9,286.279,0.27304,SAFE
EVT_80882,34556,98336,75.629,8.277,148.0,304.111,0.23354,SAFE
EVT_80883,47090,97718,9.722,9.156,84.9,215.38,0.78717,MEDIUM
EVT_80884,49164,99716,4.064,8.292,77.6,51.636,0.10466,SAFE
EVT_80885,39351,89473,16.783,8.122,170.3,198.938,0.17869,SAFE
EVT_80886,28826,89493,15.377,12.364,24.2,470.074,0.03245,SAFE
EVT_80887,32944,85912,22.059,14.566,54.2,458.68,0.06958,SAFE
EVT_80888,26188,89586,29.855,9.487,89.1,186.575,0.01059,SAFE
EVT_80889,26595,88457,43.559,13.114,80.3,447.879,0.19504,SAFE
EVT_80890,31751,91505,12.357,13.785,146.1,78.114,0.0966,SAFE
EVT_80891,35963,98612,41.863,11.569,24.4,76.574,0.12162,SAFE
EVT_80892,42015,85349,27.728,6.276,7.1,158.312,0.21421,SAFE
EVT_80893,48041,98705,9.58,14.649,93.5,18.535,0.23178,SAFE
EVT_80894,32561,80454,6.965,12.696,83.7,325.829,0.63172,MEDIUM
EVT_80895,21098,94980,21.492,11.641,154.8,330.508,0.11008,SAFE
EVT_80896,27479,94477,41.388,14.051,100.9,13.263,0.18148,SAFE
EVT_80897,49789,90031,2.139,9.013,124.6,43.791,0.18012,SAFE
EVT_80898,48410,99346,16.084,9.049,20.9,331.004,0.09547,SAFE
EVT_80899,37985,82671,7.814,12.961,60.2,85.459,0.07104,SAFE
EVT_80900,25027,92128,13.432,5.043,95.2,84.726,0.26791,SAFE
EVT_80901,22347,96016,5.308,6.081,9.9,188.46,0.46838,MEDIUM
EVT_80902,39238,86355,10.954,7.666,132.7,109.275,0.05918,SAFE
EVT_80903,26243,99261,3.255,13.225,168.0,125.077,0.58804,MEDIUM
EVT_80904,36773,85088,2.33,10.666,90.1,266.444,0.4199,MEDIUM
EVT_80905,46042,88266,49.613,9.525,133.4,268.528,0.16923,SAFE
EVT_80906,47392,92389,18.429,13.88,109.1,188.697,0.01411,SAFE
EVT_80907,34139,88420,16.599,7.177,22.7,327.934,0.27057,SAFE
EVT_80908,21878,95399,5.78,14.949,167.3,361.087,0.75233,MEDIUM
EVT_80909,24543,93350,6.767,8.111,34.8,369.376,0.58003,MEDIUM
EVT_80910,44799,97606,10.591,8.056,75.8,221.906,0.02732,SAFE
EVT_80911,44969,97105,11.389,7.112,73.5,273.193,0.27331,SAFE
EVT_80912,45548,89130,18.22,10.228,38.9,256.673,0.02545,SAFE
EVT_80913,37329,88022,31.683,7.895,84.0,223.708,0.00121,SAFE
EVT_80914,32602,98849,27.515,7.834,166.8,398.757,0.272,SAFE
EVT_80915,39116,86936,25.702,14.697,136.6,330.704,0.20956,SAFE
EVT_80916,33368,83290,16.322,13.094,164.1,396.686,0.23506,SAFE
EVT_80917,27169,87426,25.709,11.141,38.4,237.946,0.00917,SAFE
EVT_80918,32984,88913,10.93,12.236,76.0,152.244,0.15637,SAFE
EVT_80919,38794,83816,1.091,9.807,25.0,78.299,0.1039,SAFE
EVT_80920,21326,83635,20.636,11.882,123.7,472.638,0.13,SAFE
EVT_80921,39009,80400,4.543,13.929,145.5,486.154,0.57002,MEDIUM
EVT_80922,44579,98895,15.121,11.734,5.1,220.758,0.14744,SAFE
EVT_80923,21176,95323,9.458,12.477,40.6,60.929,0.0388,SAFE
EVT_80924,31067,97922,27.511,12.663,122.7,213.877,0.10067,SAFE
EVT_80925,27457,88786,21.734,12.252,60.8,251.363,0.26701,SAFE
EVT_80926,47584,91883,2.249,12.918,165.8,290.288,0.57707,MEDIUM
EVT_80927,30838,89096,0.646,14.528,80.0,45.391,0.07799,SAFE
EVT_80928,32845,92571,25.149,11.22,8.5,421.25,0.18007,SAFE
EVT_80929,44649,85760,3.524,13.815,69.6,487.419,0.6908,MEDIUM
EVT_80930,27699,87306,3.846,10.172,145.0,126.984,0.5732,MEDIUM
EVT_80931,29035,91888,11.314,12.004,123.5,399.681,0.15388,SAFE
EVT_80932,36290,95388,3.528,5.765,7.6,307.197,0.77589,MEDIUM
EVT_80933,34953,95919,17.998,7.37,26.7,407.853,0.26205,SAFE
EVT_80934,46447,99374,2.514,7.674,68.1,310.113,0.54374,MEDIUM
EVT_80935,25823,88640,10.491,10.007,48.3,364.006,0.20496,SAFE
EVT_80936,40932,83412,27.506,11.702,174.0,432.534,0.08911,SAFE
EVT_80937,37502,82945,2.71,13.698,87.6,330.438,0.61002,MEDIUM
EVT_80938,39337,93438,1.274,9.149,116.4,117.138,0.63271,MEDIUM
EVT_80939,25613,82627,49.033,12.024,163.7,274.666,0.18176,SAFE
EVT_80940,44381,95538,32.788,14.334,62.3,311.428,0.11821,SAFE
EVT_80941,38792,88779,8.908,8.5,146.4,343.749,0.33892,MEDIUM
EVT_80942,31488,82994,8.13,11.621,75.4,199.023,0.4988,MEDIUM
EVT_80943,39577,93497,8.741,12.856,178.4,387.866,0.34902,MEDIUM
EVT_80944,34894,90750,11.166,11.203,123.1,402.765,0.0328,SAFE
EVT_80945,40455,80207,2.29,14.778,55.0,125.085,0.70633,MEDIUM
EVT_80946,35153,91110,26.259,9.438,37.9,260.565,0.15518,SAFE
EVT_80947,47479,84120,7.261,12.408,116.7,68.838,0.21305,SAFE
EVT_80948,34495,98735,6.34,7.318,107.0,155.33,0.71287,MEDIUM
EVT_80949,44929,81104,25.484,11.306,100.2,58.827,0.02552,SAFE
EVT_80950,22896,93564,17.7,6.174,36.9,223.058,0.09456,SAFE
EVT_80951,23597,89178,19.743,6.69,168.6,70.963,0.25906,SAFE
EVT_80952,37774,99864,6.451,14.233,121.0,346.249,0.69316,MEDIUM
EVT_80953,27060,89999,28.634,9.8,72.2,397.736,0.20374,SAFE
EVT_80954,40198,80660,32.111,6.301,37.8,277.995,0.10476,SAFE
EVT_80955,35026,94455,21.564,11.615,140.9,64.39,0.11545,SAFE
EVT_80956,23775,86298,8.805,14.402,169.4,234.636,0.51689,MEDIUM
EVT_80957,46056,83455,24.014,6.96,102.3,463.216,0.03559,SAFE
EVT_80958,46077,80643,1.64,11.033,151.9,79.258,0.1055,SAFE
EVT_80959,27995,97863,4.309,14.583,159.4,117.13,0.63921,MEDIUM
EVT_80960,33752,89656,1.814,7.208,149.2,292.16,0.76716,MEDIUM
EVT_80961,46685,88450,49.899,13.572,88.7,420.943,0.24378,SAFE
EVT_80962,30817,81502,1.937,10.874,92.2,377.61,0.93795,HIGH
EVT_80963,47691,83601,4.103,7.525,74.6,457.046,0.47839,MEDIUM
EVT_80964,45372,97492,3.35,6.966,131.4,383.23,0.4336,MEDIUM
EVT_80965,35771,99341,1.856,7.642,123.3,252.244,0.74141,MEDIUM
EVT_80966,42207,85490,2.558,14.044,89.0,280.474,0.59128,MEDIUM
EVT_80967,30777,99162,3.836,9.624,136.9,194.824,0.38027,MEDIUM
EVT_80968,35521,83465,1.195,13.075,160.1,55.598,0.15398,SAFE
EVT_80969,44525,86706,25.759,11.666,163.7,422.482,0.1017,SAFE
EVT_80970,29483,83966,33.979,5.609,128.7,142.093,0.1033,SAFE
EVT_80971,49057,88266,13.949,7.538,31.9,237.506,0.25247,SAFE
EVT_80972,37280,84212,5.467,6.473,151.2,111.181,0.37025,MEDIUM
EVT_80973,23769,82896,4.592,5.688,115.3,430.276,0.70989,MEDIUM
EVT_80974,21417,86274,3.61,7.869,79.4,39.38,0.20581,SAFE
EVT_80975,45676,84832,5.014,5.357,42.5,138.151,0.33606,MEDIUM
EVT_80976,25970,81536,2.881,13.368,13.7,51.002,0.18679,SAFE
EVT_80977,47316,90338,22.673,9.057,108.1,302.733,0.01095,SAFE
EVT_80978,31613,98754,1.007,7.391,103.8,297.192,0.45581,MEDIUM
EVT_80979,26240,89686,15.223,11.023,36.3,325.144,0.18332,SAFE
EVT_80980,28058,99776,4.329,8.41,37.1,320.084,0.37115,MEDIUM
EVT_80981,36689,81951,2.469,14.153,153.3,47.963,0.04575,SAFE
EVT_80982,45574,91161,25.498,13.969,135.9,255.478,0.22338,SAFE
EVT_80983,23156,86160,26.162,5.392,67.7,488.338,0.26546,SAFE
EVT_80984,24054,84058,11.007,14.178,128.2,78.669,0.20098,SAFE
EVT_80985,26334,99033,26.764,9.716,76.7,400.598,0.21262,SAFE
EVT_80986,48763,96885,12.343,5.984,42.2,408.463,0.06511,SAFE
EVT_80987,46143,84665,3.375,13.075,83.1,134.608,0.76142,MEDIUM
EVT_80988,38299,95426,10.786,6.971,164.5,306.855,0.1406,SAFE
EVT_80989,26145,91897,16.546,6.951,21.5,452.498,0.04242,SAFE
EVT_80990,28004,87752,9.009,7.532,143.1,398.067,0.32446,MEDIUM
EVT_80991,30696,83511,8.536,5.592,150.5,463.769,0.71297,MEDIUM
EVT_80992,33814,88335,17.17,10.389,111.1,202.13,0.07735,SAFE
EVT_80993,46700,94839,51.957,9.598,130.0,446.09,0.249,SAFE
EVT_80994,23334,86453,1.182,12.828,145.7,133.119,0.41319,MEDIUM
EVT_80995,32501,95211,1.47,9.743,144.0,92.957,0.13004,SAFE
EVT_80996,46222,85938,10.772,5.604,134.8,140.475,0.24543,SAFE
EVT_80997,21801,89141,15.502,12.73,58.5,482.194,0.19713,SAFE
EVT_80998,28525,94695,62.782,14.05,106.6,137.287,0.24283,SAFE
EVT_80999,33305,89814,9.644,12.328,139.1,405.719,0.44975,MEDIUM
EVT_81000,26632,98551,77.212,6.566,115.0,167.057,0.19633,SAFE
EVT_81001,27297,97293,20.055,11.575,163.4,138.781,0.18692,SAFE
EVT_81002,37338,89722,0.046,10.787,96.3,362.759,0.88443,HIGH
EVT_81003,24531,94043,2.233,7.503,61.3,296.688,0.35627,MEDIUM
EVT_81004,42658,92984,4.991,11.227,13.2,485.893,0.57964,MEDIUM
EVT_81005,36791,83603,3.712,14.44,83.5,332.08,0.73732,MEDIUM
EVT_81006,35228,81635,4.838,14.918,136.3,255.447,0.59666,MEDIUM
EVT_81007,32281,88028,28.379,6.379,52.8,227.014,0.13442,SAFE
EVT_81008,47324,93358,5.783,14.627,13.5,142.977,0.51009,MEDIUM
EVT_81009,28991,99236,7.862,6.24,53.0,76.916,0.17659,SAFE
EVT_81010,43313,98420,11.792,14.458,6.6,282.662,0.05861,SAFE
EVT_81011,44635,91226,5.523,8.485,95.5,167.585,0.57886,MEDIUM
EVT_81012,40465,81466,12.177,5.353,83.0,437.841,0.06154,SAFE
EVT_81013,33172,83385,0.737,9.152,140.7,148.608,0.57524,MEDIUM
EVT_81014,48067,97784,20.358,5.434,40.9,261.705,0.23675,SAFE
EVT_81015,32815,81799,7.103,6.494,9.5,274.746,0.77785,MEDIUM
EVT_81016,21913,97238,9.121,9.199,63.3,88.03,0.08897,SAFE
EVT_81017,25825,87336,10.002,8.049,104.1,386.936,0.00438,SAFE
EVT_81018,35219,92489,18.768,12.713,130.2,478.227,0.08656,SAFE
EVT_81019,46203,93835,10.332,9.938,93.0,232.654,0.06789,SAFE
EVT_81020,37341,88372,15.81,10.365,131.3,115.108,0.15197,SAFE
EVT_81021,45905,96746,1.148,13.689,2.2,371.606,0.94072,HIGH
EVT_81022,46973,91179,3.445,9.466,112.4,323.819,0.57389,MEDIUM
EVT_81023,39142,89691,71.125,5.746,18.1,203.122,0.07266,SAFE
EVT_81024,49801,96608,1.381,5.881,88.1,97.886,0.15515,SAFE
EVT_81025,44993,96825,2.149,6.161,172.1,125.371,0.44471,MEDIUM
EVT_81026,24359,84120,23.644,14.631,74.6,63.44,0.17888,SAFE
EVT_81027,29099,86882,16.49,11.82,172.5,372.746,0.07092,SAFE
EVT_81028,20203,89230,2.725,11.703,72.3,123.821,0.39426,MEDIUM
EVT_81029,25500,97114,0.57,7.345,107.8,435.789,0.89363,HIGH
EVT_81030,49385,91548,1.724,7.385,87.4,266.402,0.54541,MEDIUM
EVT_81031,29594,87190,8.11,8.292,164.7,260.515,0.38769,MEDIUM
EVT_81032,26766,91755,45.916,10.559,101.9,341.661,0.22888,SAFE
EVT_81033,44822,82788,3.75,11.758,120.3,206.54,0.51387,MEDIUM
EVT_81034,24267,90829,11.268,5.466,96.8,187.627,0.00596,SAFE
EVT_81035,45274,96944,49.876,10.75,119.1,268.751,0.14502,SAFE
EVT_81036,24594,82903,25.532,7.461,96.0,334.491,0.13028,SAFE
EVT_81037,37728,80134,4.787,13.901,0.8,335.479,0.66234,MEDIUM
EVT_81038,39458,95126,9.056,13.866,70.0,256.142,0.72263,MEDIUM
EVT_81039,43771,89700,1.43,9.249,103.8,222.428,0.49128,MEDIUM
EVT_81040,32262,86991,22.56,9.173,137.6,305.364,0.24556,SAFE
EVT_81041,43697,83990,24.316,10.003,168.0,210.514,0.25388,SAFE
EVT_81042,38869,86177,7.871,7.361,106.2,152.065,0.59444,MEDIUM
EVT_81043,33801,96879,23.106,13.02,112.8,105.928,0.28598,SAFE
EVT_81044,29718,80302,15.85,7.597,124.9,79.911,0.23514,SAFE
EVT_81045,40345,82938,80.679,10.746,65.6,233.732,0.0111,SAFE
EVT_81046,20210,93584,17.682,14.883,141.7,119.633,0.07345,SAFE
EVT_81047,48595,82216,17.992,8.396,35.2,14.999,0.02654,SAFE
EVT_81048,44931,99600,43.63,13.076,97.8,46.964,0.20441,SAFE
EVT_81049,49882,80510,6.263,12.138,86.9,450.295,0.40161,MEDIUM
EVT_81050,33813,83005,0.688,12.5,109.4,323.597,0.96808,HIGH
EVT_81051,35459,84774,8.864,5.047,37.4,352.212,0.49396,MEDIUM
EVT_81052,22351,98808,4.324,14.67,118.1,109.253,0.30877,MEDIUM
EVT_81053,30769,94372,56.172,12.998,95.9,392.351,0.13346,SAFE
EVT_81054,48944,88840,3.984,5.765,125.4,62.279,0.10358,SAFE
EVT_81055,31587,86197,0.171,10.002,106.5,495.381,0.83944,HIGH
EVT_81056,31024,81771,10.007,5.139,22.9,331.622,0.19927,SAFE
EVT_81057,26048,91951,0.197,14.226,165.3,421.971,0.88308,HIGH
EVT_81058,41702,85912,29.102,10.641,121.1,493.346,0.10712,SAFE
EVT_81059,22099,84209,14.896,6.396,65.5,472.727,0.09555,SAFE
EVT_81060,36157,80699,7.686,12.003,123.6,462.312,0.69333,MEDIUM
EVT_81061,36144,86314,0.103,13.018,145.1,405.524,0.81672,HIGH
EVT_81062,43859,82032,0.834,5.697,83.1,496.675,0.95533,HIGH
EVT_81063,25479,91757,11.717,10.764,176.1,112.278,0.23578,SAFE
EVT_81064,29119,85045,11.488,12.481,11.6,75.088,0.0495,SAFE
EVT_81065,21048,98806,12.112,8.56,142.6,456.231,0.2601,SAFE
EVT_81066,32370,96387,2.222,5.428,114.5,22.345,0.08488,SAFE
EVT_81067,22265,91365,2.521,5.045,86.9,159.696,0.70489,MEDIUM
EVT_81068,42732,91785,16.077,10.289,36.9,361.111,0.13682,SAFE
EVT_81069,37610,98886,17.091,7.561,84.8,178.152,0.00049,SAFE
EVT_81070,44682,98146,4.31,14.493,127.6,463.079,0.35039,MEDIUM
EVT_81071,49367,96460,43.948,10.736,163.8,455.085,0.23276,SAFE
EVT_81072,34385,86106,27.878,14.863,61.7,463.863,0.11372,SAFE
EVT_81073,20409,80728,39.728,10.38,150.7,364.074,0.0862,SAFE
EVT_81074,22377,94627,3.464,14.798,2.1,91.114,0.02022,SAFE
EVT_81075,27104,90028,27.286,13.31,79.6,340.144,0.28635,SAFE
EVT_81076,31878,82427,6.441,5.414,82.1,370.051,0.63977,MEDIUM
EVT_81077,25487,91441,12.269,14.649,166.0,377.312,0.22861,SAFE
EVT_81078,48079,87066,36.41,8.328,124.6,444.37,0.17617,SAFE
EVT_81079,22875,92976,2.038,10.309,69.1,311.354,0.65528,MEDIUM
EVT_81080,24591,94557,2.949,11.536,107.0,406.874,0.66231,MEDIUM
EVT_81081,20537,94349,17.258,6.888,76.4,304.837,0.13317,SAFE
EVT_81082,21562,92808,33.037,10.378,156.9,112.364,0.01539,SAFE
EVT_81083,22872,97896,60.518,7.506,134.5,79.692,0.10843,SAFE
EVT_81084,27390,86233,40.344,11.668,69.8,330.926,0.03468,SAFE
EVT_81085,20427,85024,21.313,6.7,102.2,17.442,0.28454,SAFE
EVT_81086,27427,98848,15.436,6.873,141.0,376.405,0.27165,SAFE
EVT_81087,28861,90920,0.175,10.103,46.7,306.612,0.85341,HIGH
EVT_81088,45554,93788,19.001,7.265,85.6,273.949,0.2828,SAFE
EVT_81089,27057,89697,2.403,10.402,91.7,83.972,0.26178,SAFE
EVT_81090,48633,80277,23.467,5.037,136.5,472.613,0.03306,SAFE
EVT_81091,35861,97407,29.959,7.889,165.7,23.897,0.11881,SAFE
EVT_81092,32636,89278,8.043,7.695,170.3,28.598,0.21147,SAFE
EVT_81093,46971,91938,53.472,12.36,100.7,301.911,0.22511,SAFE
EVT_81094,33895,94067,4.747,7.335,11.1,381.317,0.76617,MEDIUM
EVT_81095,49386,80419,1.407,13.144,167.5,117.451,0.55973,MEDIUM
EVT_81096,21003,95417,10.914,7.211,143.5,314.288,0.18599,SAFE
EVT_81097,30253,82495,37.481,11.08,149.5,438.018,0.16618,SAFE
EVT_81098,42300,98583,25.806,12.357,42.3,254.937,0.08833,SAFE
EVT_81099,35977,93535,10.509,9.434,120.7,165.42,0.2742,SAFE
EVT_81100,46587,93985,15.833,7.846,44.4,335.619,0.17209,SAFE
EVT_81101,25895,92284,11.343,9.853,25.6,276.281,0.23318,SAFE
EVT_81102,47384,93573,32.529,5.852,137.7,353.832,0.0183,SAFE
EVT_81103,28524,99573,12.325,14.61,88.9,198.756,0.13715,SAFE
EVT_81104,31241,83602,4.461,13.584,128.6,185.519,0.73381,MEDIUM
EVT_81105,22593,96006,10.586,13.939,86.5,76.884,0.25047,SAFE
EVT_81106,39940,88482,3.301,8.402,114.0,15.812,0.03465,SAFE
EVT_81107,43007,83108,9.954,13.252,24.0,20.289,0.11145,SAFE
EVT_81108,32146,86094,0.844,7.944,143.3,11.865,0.00821,SAFE
EVT_81109,38088,82421,2.709,6.261,116.1,109.692,0.74956,MEDIUM
EVT_81110,44677,90276,2.293,12.495,66.8,363.201,0.32001,MEDIUM
EVT_81111,25062,95645,6.894,5.442,95.6,299.152,0.67849,MEDIUM
EVT_81112,29971,94592,0.546,8.774,172.4,380.036,0.8716,HIGH
EVT_81113,47916,92455,0.8,7.773,69.9,265.3,0.7022,MEDIUM
EVT_81114,25944,92627,65.031,5.203,176.1,408.373,0.19075,SAFE
EVT_81115,41383,88500,34.206,11.847,126.3,195.994,0.19238,SAFE
EVT_81116,31410,98581,2.148,7.58,27.7,243.307,0.68919,MEDIUM
EVT_81117,27116,80047,3.163,12.579,179.9,478.91,0.7532,MEDIUM
EVT_81118,48673,86267,43.608,9.141,92.8,321.15,0.22768,SAFE
EVT_81119,21929,89342,39.072,10.674,136.4,394.645,0.11157,SAFE
EVT_81120,40320,99554,16.515,12.785,26.7,447.16,0.26384,SAFE
EVT_81121,49555,96207,2.274,9.884,25.2,196.396,0.38203,MEDIUM
EVT_81122,30976,90442,19.991,11.337,47.4,216.498,0.21366,SAFE
EVT_81123,33959,86425,24.225,11.332,81.4,414.637,0.08409,SAFE
EVT_81124,41756,97584,10.228,8.956,83.2,66.389,0.23504,SAFE
EVT_81125,39081,96974,3.402,10.007,128.9,444.235,0.38229,MEDIUM
EVT_81126,20749,95901,12.045,14.178,111.7,367.523,0.2099,SAFE
EVT_81127,20179,82317,1.999,5.952,110.7,126.239,0.51151,MEDIUM
EVT_81128,41599,93827,1.012,10.226,109.1,291.484,0.68338,MEDIUM
EVT_81129,23487,89415,11.326,13.544,124.2,100.222,0.00192,SAFE
EVT_81130,39743,98587,37.888,13.297,73.6,174.105,0.15892,SAFE
EVT_81131,46293,95696,8.407,7.367,52.6,309.802,0.41395,MEDIUM
EVT_81132,30771,95138,15.819,14.046,2.8,376.861,0.11866,SAFE
EVT_81133,40720,91170,47.398,10.152,21.3,221.734,0.27843,SAFE
EVT_81134,48250,98509,14.109,8.293,19.8,276.148,0.2144,SAFE
EVT_81135,48691,83754,5.204,11.501,134.4,125.531,0.45534,MEDIUM
EVT_81136,23502,88252,13.714,7.048,153.5,220.812,0.1307,SAFE
EVT_81137,48193,84987,17.283,7.418,173.2,185.926,0.20435,SAFE
EVT_81138,45612,99071,2.436,6.66,110.3,442.712,0.38126,MEDIUM
EVT_81139,34892,98784,3.544,10.226,136.3,74.39,0.02567,SAFE
EVT_81140,43133,94918,23.149,12.503,132.0,310.296,0.02244,SAFE
EVT_81141,25392,87762,1.283,14.03,89.2,72.894,0.15006,SAFE
EVT_81142,29766,97475,8.94,14.544,35.9,274.641,0.54528,MEDIUM
EVT_81143,23980,80606,1.195,14.078,70.9,160.769,0.44254,MEDIUM
EVT_81144,39394,86897,2.282,13.646,79.2,43.273,0.18935,SAFE
EVT_81145,47507,99622,38.217,11.135,120.2,258.446,0.27397,SAFE
EVT_81146,28776,80477,2.7,6.16,157.6,104.544,0.54662,MEDIUM
EVT_81147,21282,99196,4.407,8.895,111.6,280.704,0.5192,MEDIUM
EVT_81148,30988,84166,11.514,13.095,112.1,442.289,0.24886,SAFE
EVT_81149,20489,92610,23.192,6.996,168.3,45.969,0.23299,SAFE
EVT_81150,36359,90129,16.484,11.448,171.3,43.56,0.00723,SAFE
EVT_81151,20820,95337,18.437,12.697,167.3,469.154,0.15561,SAFE
EVT_81152,35174,86914,15.262,7.362,145.2,481.571,0.27958,SAFE
EVT_81153,29124,99152,8.085,7.614,16.4,392.794,0.49177,MEDIUM
EVT_81154,43069,87192,32.62,14.335,42.8,151.174,0.18072,SAFE
EVT_81155,44312,85610,27.403,12.725,122.2,324.068,0.23784,SAFE
EVT_81156,22870,95629,15.561,7.185,1.5,394.858,0.16574,SAFE
EVT_81157,26636,84657,27.574,13.049,131.4,84.094,0.18625,SAFE
EVT_81158,37369,86830,16.317,12.413,112.1,225.124,0.26138,SAFE
EVT_81159,41834,99403,7.428,9.471,133.1,191.185,0.67127,MEDIUM
EVT_81160,23455,80976,16.903,9.832,142.6,354.003,0.10174,SAFE
EVT_81161,26962,91154,6.104,12.944,23.0,493.496,0.3396,MEDIUM
EVT_81162,49669,89674,7.512,10.046,109.5,235.386,0.58519,MEDIUM
EVT_81163,22232,81948,27.495,12.122,10.4,386.239,0.10786,SAFE
EVT_81164,33709,88001,4.016,10.502,134.2,144.33,0.64647,MEDIUM
EVT_81165,26154,92802,13.958,5.391,38.5,232.75,0.05107,SAFE
EVT_81166,43435,80598,3.672,13.59,152.5,476.359,0.51404,MEDIUM
EVT_81167,21276,94430,33.649,14.185,15.6,436.527,0.00675,SAFE
EVT_81168,49760,97758,53.12,10.742,76.6,358.115,0.2851,SAFE
EVT_81169,21558,97363,18.49,6.894,15.7,32.651,0.05516,SAFE
EVT_81170,39067,82772,14.849,6.485,171.7,426.977,0.12109,SAFE
EVT_81171,33179,95958,2.042,11.984,111.4,27.996,0.00131,SAFE
EVT_81172,49603,90545,48.814,8.807,171.6,135.663,0.22136,SAFE
EVT_81173,27158,84455,8.03,6.274,57.6,205.396,0.51606,MEDIUM
EVT_81174,45066,91922,9.915,12.883,94.2,405.955,0.33863,MEDIUM
EVT_81175,46003,90226,4.966,5.161,41.3,117.464,0.45275,MEDIUM
EVT_81176,40290,96688,17.705,11.154,149.7,110.615,0.03576,SAFE
EVT_81177,34918,81025,21.826,14.678,162.3,473.858,0.14202,SAFE
EVT_81178,20477,99702,4.652,7.477,7.4,273.515,0.53995,MEDIUM
EVT_81179,25366,98306,10.012,7.868,93.2,454.833,0.07546,SAFE
EVT_81180,37015,84963,21.227,7.266,82.9,61.666,0.27011,SAFE
EVT_81181,42273,91173,9.171,14.729,85.3,409.246,0.50687,MEDIUM
EVT_81182,22509,96138,12.625,12.187,1.4,293.344,0.00825,SAFE
EVT_81183,45453,94214,24.224,12.286,89.0,240.534,0.07673,SAFE
EVT_81184,44599,93337,29.604,14.928,178.3,355.539,0.19201,SAFE
EVT_81185,47430,81174,3.156,5.013,20.4,118.639,0.65754,MEDIUM
EVT_81186,40853,85427,22.23,7.548,65.1,346.32,0.08678,SAFE
EVT_81187,34197,96858,0.527,14.575,171.0,369.484,0.92854,HIGH
EVT_81188,48466,89472,4.259,7.058,151.4,184.836,0.58757,MEDIUM
EVT_81189,33836,99236,16.021,13.972,131.4,15.718,0.13161,SAFE
EVT_81190,36000,94351,27.982,7.551,163.8,481.463,0.23739,SAFE
EVT_81191,22571,98736,11.948,6.805,43.3,31.162,0.02447,SAFE
EVT_81192,30250,86869,4.683,8.537,18.0,176.958,0.53222,MEDIUM
EVT_81193,46879,94807,11.758,6.692,80.6,335.859,0.20679,SAFE
EVT_81194,49605,97946,13.218,14.49,176.5,437.213,0.25873,SAFE
EVT_81195,41600,80510,30.015,10.568,5.9,386.7,0.1349,SAFE
EVT_81196,42617,87133,31.305,12.276,178.1,278.981,0.10196,SAFE
EVT_81197,27447,84026,5.272,7.701,83.9,449.238,0.60677,MEDIUM
EVT_81198,32166,89787,3.555,7.115,0.6,180.588,0.76328,MEDIUM
EVT_81199,43993,94835,28.494,14.354,10.0,106.761,0.19067,SAFE
EVT_81200,32962,82646,10.024,7.927,121.7,247.885,0.15735,SAFE
EVT_81201,32155,92025,5.57,7.204,31.0,477.403,0.66212,MEDIUM
EVT_81202,25871,90811,11.61,12.02,88.9,216.857,0.10208,SAFE
EVT_81203,32963,86842,47.733,11.902,51.7,251.117,0.21279,SAFE
EVT_81204,23425,80571,6.872,13.794,154.0,460.929,0.49101,MEDIUM
EVT_81205,21258,93596,6.095,12.247,40.5,16.481,0.02938,SAFE
EVT_81206,41296,91529,13.993,6.864,116.0,192.879,0.28156,SAFE
EVT_81207,33222,97626,2.4,12.744,85.0,453.523,0.65651,MEDIUM
EVT_81208,32210,98478,3.445,12.567,165.3,45.882,0.19973,SAFE
EVT_81209,23056,87178,8.265,9.496,31.6,171.223,0.50753,MEDIUM
EVT_81210,40393,96356,33.409,9.264,123.1,381.543,0.25483,SAFE
EVT_81211,41010,84513,11.297,12.046,32.7,333.142,0.24625,SAFE
EVT_81212,30028,84483,10.811,6.38,139.1,128.404,0.13558,SAFE
EVT_81213,39683,87915,3.142,8.66,162.1,283.828,0.53762,MEDIUM
EVT_81214,41407,86901,9.653,8.265,157.4,321.273,0.62891,MEDIUM
EVT_81215,22293,94889,3.381,14.887,142.8,474.073,0.76545,MEDIUM
EVT_81216,48141,97064,26.318,5.82,154.8,480.441,0.26904,SAFE
EVT_81217,34207,84801,25.309,10.986,18.0,319.968,0.21823,SAFE
EVT_81218,24505,84914,36.922,10.292,64.7,462.541,0.07869,SAFE
EVT_81219,20599,96762,15.442,8.731,114.3,124.278,0.07171,SAFE
EVT_81220,22294,99900,10.286,5.214,177.5,398.241,0.28876,SAFE
EVT_81221,23319,92550,22.33,10.733,74.6,71.546,0.03549,SAFE
EVT_81222,27715,98446,24.309,11.718,178.8,50.796,0.20872,SAFE
EVT_81223,41920,88048,9.626,5.31,54.6,68.44,0.08038,SAFE
EVT_81224,42659,99933,20.246,12.01,175.7,138.686,0.03758,SAFE
EVT_81225,46119,99977,16.734,10.962,121.4,213.806,0.10948,SAFE
EVT_81226,49341,86536,11.329,13.529,144.6,365.325,0.26703,SAFE
EVT_81227,30873,96893,2.078,8.355,22.3,180.883,0.66273,MEDIUM
EVT_81228,34669,90211,7.945,8.4,21.1,319.665,0.74499,MEDIUM
EVT_81229,22683,82368,0.516,14.923,7.2,242.916,0.5724,MEDIUM
EVT_81230,41567,86270,6.594,10.197,97.4,356.311,0.38305,MEDIUM
EVT_81231,37957,91605,6.396,12.106,155.3,399.787,0.75687,MEDIUM
EVT_81232,47588,91811,8.673,14.916,175.7,57.746,0.2065,SAFE
EVT_81233,47072,84236,0.926,6.531,45.9,337.402,0.80571,HIGH
EVT_81234,31541,82968,0.944,14.892,61.2,13.986,0.1127,SAFE
EVT_81235,20101,80010,16.894,9.166,94.8,285.457,0.09069,SAFE
EVT_81236,42951,91006,7.916,7.802,5.7,141.376,0.39539,MEDIUM
EVT_81237,49261,84001,6.873,14.119,123.7,332.154,0.36503,MEDIUM
EVT_81238,27540,80611,6.537,13.493,133.2,149.368,0.76614,MEDIUM
EVT_81239,48880,81019,13.911,12.391,96.3,416.721,0.23748,SAFE
EVT_81240,43464,85473,7.475,11.278,167.3,52.7,0.11337,SAFE
EVT_81241,49596,80470,24.031,13.514,165.1,191.407,0.09556,SAFE
EVT_81242,47691,90761,3.278,5.718,100.3,68.683,0.23505,SAFE
EVT_81243,21648,87890,22.669,13.872,52.7,242.568,0.09102,SAFE
EVT_81244,29803,82935,21.561,11.546,3.3,355.988,0.04756,SAFE
EVT_81245,34969,98363,26.466,13.205,154.3,304.159,0.16769,SAFE
EVT_81246,48779,92232,91.407,6.13,163.8,308.505,0.27944,SAFE
EVT_81247,37897,81923,8.131,9.733,147.3,228.766,0.62205,MEDIUM
EVT_81248,48529,91229,6.114,14.79,142.8,66.505,0.08502,SAFE
EVT_81249,25899,85492,3.955,5.021,31.7,425.913,0.40739,MEDIUM
EVT_81250,30855,94877,7.037,9.947,166.8,274.267,0.39494,MEDIUM
EVT_81251,26818,99323,12.453,5.878,97.9,291.057,0.27724,SAFE
EVT_81252,44665,88372,6.227,12.525,17.9,91.049,0.24048,SAFE
EVT_81253,21448,96429,47.94,11.684,39.6,187.719,0.06032,SAFE
EVT_81254,30346,85351,1.911,7.96,68.0,212.019,0.54706,MEDIUM
EVT_81255,24766,84333,10.219,6.807,72.7,420.761,0.04237,SAFE
EVT_81256,41680,91506,4.154,6.697,8.2,17.792,0.07479,SAFE
EVT_81257,23691,92692,23.046,6.431,20.6,397.357,0.20049,SAFE
EVT_81258,45879,97612,24.858,14.645,121.5,442.625,0.09293,SAFE
EVT_81259,46015,84261,23.256,14.301,161.5,212.157,0.26652,SAFE
EVT_81260,23560,83001,3.547,7.778,178.2,127.521,0.60245,MEDIUM
EVT_81261,28125,91573,24.96,9.757,40.8,432.788,0.12591,SAFE
EVT_81262,41201,98809,1.041,5.27,96.6,471.475,0.85664,HIGH
EVT_81263,36618,95808,1.308,6.584,26.5,160.519,0.47515,MEDIUM
EVT_81264,23063,81670,28.408,14.059,124.0,65.065,0.0832,SAFE
EVT_81265,34467,90469,1.004,11.834,145.6,59.032,0.2295,SAFE
EVT_81266,29588,84014,36.116,10.541,15.4,251.986,0.2314,SAFE
EVT_81267,35448,80057,31.727,8.394,129.2,341.148,0.17824,SAFE
EVT_81268,25418,94603,9.953,5.489,29.9,478.376,0.42022,MEDIUM
EVT_81269,43003,82401,11.827,11.565,59.6,126.025,0.05726,SAFE
EVT_81270,28481,91317,10.481,12.363,175.7,69.509,0.02589,SAFE
EVT_81271,20388,99736,28.572,8.386,179.9,57.903,0.2613,SAFE
EVT_81272,28204,90681,5.745,11.656,27.3,388.544,0.72353,MEDIUM
EVT_81273,35123,87167,3.447,14.863,21.8,302.116,0.62549,MEDIUM
EVT_81274,48567,96022,24.967,14.989,64.0,354.006,0.02181,SAFE
EVT_81275,22233,80613,31.171,10.354,81.4,318.089,0.23405,SAFE
EVT_81276,23635,88281,24.034,8.633,5.2,399.993,0.00265,SAFE
EVT_81277,31480,86879,4.891,6.588,93.9,194.715,0.34511,MEDIUM
EVT_81278,38375,85511,23.005,10.569,136.2,221.88,0.16414,SAFE
EVT_81279,48403,99313,10.295,11.808,10.0,449.612,0.14892,SAFE
EVT_81280,31328,90791,14.694,12.583,96.0,20.532,0.10773,SAFE
EVT_81281,23854,99689,31.039,7.174,6.8,283.433,0.02609,SAFE
EVT_81282,20099,87979,13.087,12.359,158.8,185.045,0.21214,SAFE
EVT_81283,44098,93321,54.537,10.786,3.1,441.235,0.12011,SAFE
EVT_81284,47407,86927,8.991,11.964,102.6,217.812,0.69877,MEDIUM
EVT_81285,31639,96836,8.079,7.329,18.9,340.547,0.39508,MEDIUM
EVT_81286,47928,85420,8.775,9.719,93.2,306.965,0.33961,MEDIUM
EVT_81287,49803,81645,10.993,12.26,61.6,376.624,0.15732,SAFE
EVT_81288,45734,94043,10.486,13.952,67.5,362.991,0.14864,SAFE
EVT_81289,28179,91200,3.063,14.827,113.1,121.806,0.77681,MEDIUM
EVT_81290,35289,88188,4.702,5.539,67.4,492.814,0.37764,MEDIUM
EVT_81291,22250,99945,30.713,8.137,58.7,261.375,0.10593,SAFE
EVT_81292,44239,93826,1.802,11.739,79.9,168.171,0.33825,MEDIUM
EVT_81293,41256,89056,8.322,14.461,45.1,27.085,0.19283,SAFE
EVT_81294,44627,98051,9.328,9.668,79.6,110.408,0.41555,MEDIUM
EVT_81295,42687,82829,0.362,12.253,45.0,17.588,0.22524,SAFE
EVT_81296,22818,93848,15.355,14.658,43.5,489.922,0.12694,SAFE
EVT_81297,24760,96887,31.374,7.97,111.1,185.106,0.22491,SAFE
EVT_81298,21833,83185,38.661,8.86,62.6,156.578,0.14966,SAFE
EVT_81299,34524,86232,27.971,5.934,103.9,81.709,0.05087,SAFE
EVT_81300,38273,99018,24.932,10.959,89.8,155.015,0.1229,SAFE
EVT_81301,46463,81060,7.449,10.28,11.3,216.469,0.44034,MEDIUM
EVT_81302,42825,91184,8.25,6.899,142.8,66.444,0.00135,SAFE
EVT_81303,33365,89515,21.731,9.646,3.8,360.128,0.08283,SAFE
EVT_81304,32429,84309,4.537,8.018,45.6,415.637,0.53608,MEDIUM
EVT_81305,30498,96225,17.08,10.154,73.9,446.288,0.12421,SAFE
EVT_81306,46627,98033,28.566,11.245,29.9,186.191,0.21176,SAFE
EVT_81307,32706,82100,43.146,6.614,64.5,203.621,0.27818,SAFE
EVT_81308,33036,81639,3.002,14.767,7.7,490.772,0.77814,MEDIUM
EVT_81309,32832,94404,16.776,8.982,164.3,104.871,0.09379,SAFE
EVT_81310,45665,81514,4.911,9.575,79.3,54.815,0.23521,SAFE
EVT_81311,36689,86697,13.912,8.223,46.9,477.342,0.13224,SAFE
EVT_81312,47582,99402,6.023,10.866,148.1,468.503,0.4696,MEDIUM
EVT_81313,35319,94340,3.969,8.12,4.1,198.337,0.66574,MEDIUM
EVT_81314,40975,96748,14.954,13.918,17.5,244.937,0.12124,SAFE
EVT_81315,20762,99729,5.03,9.8,59.9,329.132,0.50005,MEDIUM
EVT_81316,31294,95943,61.781,8.703,83.0,314.317,0.15315,SAFE
EVT_81317,32710,85528,15.46,13.444,52.7,338.988,0.24298,SAFE
EVT_81318,45426,90124,15.456,8.365,23.0,242.995,0.24606,SAFE
EVT_81319,36649,84306,37.259,13.653,70.4,484.238,0.1561,SAFE
EVT_81320,42880,90943,4.74,11.42,106.0,297.46,0.73473,MEDIUM
EVT_81321,47871,93290,26.648,11.828,176.3,345.378,0.19467,SAFE
EVT_81322,44924,86100,6.946,5.431,111.1,176.129,0.65204,MEDIUM
EVT_81323,47402,97462,4.309,13.773,21.1,345.423,0.40409,MEDIUM
EVT_81324,45596,80264,4.79,13.81,138.1,37.985,0.14956,SAFE
EVT_81325,39497,90558,1.511,11.029,144.0,258.701,0.52238,MEDIUM
EVT_81326,32420,81266,79.113,9.046,53.4,394.381,0.01235,SAFE
EVT_81327,34844,98707,1.724,7.071,116.4,124.937,0.71444,MEDIUM
EVT_81328,35990,90066,27.146,10.721,152.2,453.818,0.09051,SAFE
EVT_81329,27974,91150,15.554,7.083,166.8,466.509,0.25489,SAFE
EVT_81330,22733,88000,7.649,10.622,113.3,439.35,0.54273,MEDIUM
EVT_81331,38032,95449,64.311,5.331,65.1,343.017,0.24,SAFE
EVT_81332,32648,99589,10.327,12.412,140.9,305.407,0.1475,SAFE
EVT_81333,41603,82295,2.235,7.548,23.2,75.909,0.22054,SAFE
EVT_81334,45215,96421,13.5,5.263,103.5,256.056,0.10577,SAFE
EVT_81335,36625,87607,23.091,9.98,133.4,134.081,0.04374,SAFE
EVT_81336,33146,84957,1.383,6.583,124.1,195.201,0.35624,MEDIUM
EVT_81337,22452,99384,0.928,10.01,121.1,147.085,0.33963,MEDIUM
EVT_81338,46048,98770,13.613,13.369,162.2,100.718,0.07914,SAFE
EVT_81339,48916,92744,4.913,13.358,12.3,182.28,0.56252,MEDIUM
EVT_81340,28934,80306,5.814,11.702,116.6,471.765,0.66471,MEDIUM
EVT_81341,31973,81044,2.239,7.794,132.0,294.685,0.66765,MEDIUM
EVT_81342,45256,94941,19.684,9.002,38.4,376.701,0.22445,SAFE
EVT_81343,41984,88731,4.972,7.724,23.1,250.999,0.66062,MEDIUM
EVT_81344,29353,87220,48.344,11.323,117.2,162.389,0.14137,SAFE
EVT_81345,48573,94958,25.828,10.249,73.8,431.477,0.16164,SAFE
EVT_81346,20118,99687,6.117,6.476,97.1,406.966,0.77938,MEDIUM
EVT_81347,33941,93210,28.953,9.851,52.2,85.445,0.21188,SAFE
EVT_81348,38733,99561,23.854,12.787,37.9,464.021,0.12889,SAFE
EVT_81349,25465,82951,2.147,8.4,144.2,218.34,0.35657,MEDIUM
EVT_81350,27317,90815,9.447,9.37,8.7,406.164,0.62583,MEDIUM
EVT_81351,37098,88909,41.042,5.929,59.1,84.43,0.16531,SAFE
EVT_81352,37962,85949,25.918,6.352,20.0,286.044,0.18872,SAFE
EVT_81353,49602,97283,18.003,13.052,19.6,388.58,0.20057,SAFE
EVT_81354,38441,82956,16.697,6.594,80.2,25.159,0.05281,SAFE
EVT_81355,45004,91854,51.597,13.43,90.8,121.092,0.05055,SAFE
EVT_81356,21334,85722,0.505,13.578,12.1,347.727,0.90449,HIGH
EVT_81357,45325,98763,3.6,13.132,34.3,260.629,0.55349,MEDIUM
EVT_81358,20301,94122,21.06,7.947,163.9,253.11,0.12119,SAFE
EVT_81359,37108,98668,16.882,10.769,116.8,25.321,0.01375,SAFE
EVT_81360,41308,95876,14.601,14.051,26.7,106.313,0.09044,SAFE
EVT_81361,22266,87299,21.309,12.537,12.7,212.099,0.01444,SAFE
EVT_81362,46061,90854,4.702,10.288,37.5,365.281,0.5637,MEDIUM
EVT_81363,43050,85703,50.567,14.171,90.2,181.55,0.17502,SAFE
EVT_81364,46595,88809,3.106,11.825,18.1,51.161,0.24814,SAFE
EVT_81365,48870,92146,24.075,8.104,147.0,314.187,0.01583,SAFE
EVT_81366,40415,84283,2.417,14.821,92.3,205.865,0.75722,MEDIUM
EVT_81367,46565,84953,9.145,5.387,104.4,297.875,0.73331,MEDIUM
EVT_81368,30106,81408,20.635,5.599,105.9,481.687,0.28455,SAFE
EVT_81369,35418,84520,36.549,10.791,66.2,25.429,0.17397,SAFE
EVT_81370,43183,90674,0.843,12.774,156.2,184.286,0.39537,MEDIUM
EVT_81371,49000,82983,3.986,13.384,163.5,443.477,0.5376,MEDIUM
EVT_81372,46132,84762,27.774,5.217,98.5,296.431,0.04416,SAFE
EVT_81373,33370,91358,4.852,14.172,33.2,201.696,0.38035,MEDIUM
EVT_81374,21594,91194,13.381,10.052,19.2,201.978,0.13915,SAFE
EVT_81375,23396,83437,13.133,11.9,74.6,400.349,0.04664,SAFE
EVT_81376,33046,81177,26.607,8.734,138.5,152.035,0.26927,SAFE
EVT_81377,27858,97565,14.326,10.183,60.3,208.362,0.11087,SAFE
EVT_81378,49993,93252,45.534,12.276,25.3,44.241,0.2389,SAFE
EVT_81379,36566,93378,15.929,9.312,166.2,344.93,0.13881,SAFE
EVT_81380,24376,83154,3.671,5.506,66.8,338.861,0.47596,MEDIUM
EVT_81381,37389,88712,0.291,12.62,151.7,90.86,0.27258,SAFE
EVT_81382,39789,94292,37.191,9.119,158.4,404.742,0.11365,SAFE
EVT_81383,27758,83080,47.662,11.728,177.8,105.614,0.24182,SAFE
EVT_81384,20555,94373,15.654,13.536,75.2,374.991,0.14195,SAFE
EVT_81385,25723,91848,13.146,13.792,122.5,436.473,0.07015,SAFE
EVT_81386,25148,84746,9.431,10.367,62.0,308.941,0.63172,MEDIUM
EVT_81387,24123,91249,10.418,8.342,167.2,248.234,0.27534,SAFE
EVT_81388,23427,80173,1.697,14.592,42.4,467.995,0.85683,HIGH
EVT_81389,29752,86305,10.176,12.434,129.3,482.037,0.09843,SAFE
EVT_81390,25274,91586,8.775,9.802,145.5,266.98,0.45849,MEDIUM
EVT_81391,48615,89623,20.767,10.141,69.1,144.75,0.0938,SAFE
EVT_81392,38196,94262,6.63,8.548,121.5,254.451,0.69934,MEDIUM
EVT_81393,35384,89637,4.723,12.927,112.5,410.423,0.65091,MEDIUM
EVT_81394,32312,81326,9.21,13.616,133.6,61.13,0.12664,SAFE
EVT_81395,27780,85473,18.201,11.645,75.5,182.473,0.02534,SAFE
EVT_81396,22289,96393,13.421,14.695,144.5,158.991,0.26561,SAFE
EVT_81397,36959,90760,17.851,7.134,12.2,397.425,0.25545,SAFE
EVT_81398,45030,81555,1.715,8.271,64.7,286.654,0.587,MEDIUM
EVT_81399,45443,80450,21.126,9.886,88.0,274.034,0.07875,SAFE
EVT_81400,24057,95957,10.297,5.354,170.2,277.086,0.08102,SAFE
EVT_81401,45382,83704,12.943,6.801,151.3,278.068,0.22828,SAFE
EVT_81402,36838,97509,24.091,13.673,21.1,488.24,0.24927,SAFE
EVT_81403,37511,94618,3.013,8.657,134.6,452.347,0.55952,MEDIUM
EVT_81404,45944,84393,9.808,14.469,41.9,405.253,0.75512,MEDIUM
EVT_81405,26523,83170,5.105,13.48,77.0,322.3,0.7872,MEDIUM
EVT_81406,36127,88112,2.615,9.028,145.5,194.162,0.53187,MEDIUM
EVT_81407,22764,92913,15.716,14.422,165.4,175.795,0.05506,SAFE
EVT_81408,43726,97608,6.236,9.051,8.2,150.272,0.77372,MEDIUM
EVT_81409,28436,92044,6.533,13.896,55.7,233.689,0.53083,MEDIUM
EVT_81410,29354,89177,23.347,6.785,81.7,127.174,0.00316,SAFE
EVT_81411,48567,93510,12.942,6.483,124.4,202.715,0.18706,SAFE
EVT_81412,30727,81357,12.571,14.846,76.3,22.945,0.2883,SAFE
EVT_81413,49983,82016,3.788,6.435,113.2,54.959,0.24172,SAFE
EVT_81414,41848,91657,2.083,12.049,117.0,39.068,0.11264,SAFE
EVT_81415,32177,99138,0.287,5.944,156.9,402.03,0.8183,HIGH
EVT_81416,23521,98865,6.273,5.755,6.7,241.921,0.71539,MEDIUM
EVT_81417,26491,81543,5.731,12.329,36.8,331.295,0.44788,MEDIUM
EVT_81418,32933,94375,8.464,10.585,141.3,416.235,0.38538,MEDIUM
EVT_81419,39075,83895,19.808,6.136,18.6,284.883,0.0976,SAFE
EVT_81420,21403,94689,3.981,5.74,90.1,461.554,0.49314,MEDIUM
EVT_81421,41150,92381,17.59,11.536,127.6,373.107,0.22225,SAFE
EVT_81422,24437,98677,0.028,10.914,56.2,403.819,0.98179,HIGH
EVT_81423,46591,80836,16.911,6.669,49.5,100.285,0.27752,SAFE
EVT_81424,39892,90217,31.48,7.442,33.7,205.58,0.03527,SAFE
EVT_81425,35391,92097,16.518,8.888,168.7,42.358,0.00297,SAFE
EVT_81426,36479,95275,21.321,12.14,30.8,133.083,0.00758,SAFE
EVT_81427,22578,94444,9.306,5.752,19.6,106.999,0.3503,MEDIUM
EVT_81428,20071,94492,32.408,7.454,165.0,234.205,0.10309,SAFE
EVT_81429,35407,98416,6.646,10.844,151.6,202.7,0.33451,MEDIUM
EVT_81430,46565,90437,2.124,9.372,129.9,383.926,0.39849,MEDIUM
EVT_81431,49837,97614,11.254,9.523,26.3,160.14,0.22628,SAFE
EVT_81432,46806,99970,22.905,7.56,58.2,216.879,0.21003,SAFE
EVT_81433,46130,82699,15.074,10.891,27.9,313.185,0.13181,SAFE
EVT_81434,38356,83794,9.11,8.988,75.6,319.523,0.62582,MEDIUM
EVT_81435,40880,94748,3.144,12.038,97.9,458.577,0.43291,MEDIUM
EVT_81436,29141,80697,4.417,7.347,10.0,51.625,0.02311,SAFE
EVT_81437,21898,96670,12.57,6.331,131.6,286.226,0.286,SAFE
EVT_81438,33720,92373,1.373,9.919,86.8,197.458,0.44854,MEDIUM
EVT_81439,36068,85475,11.914,11.279,124.5,346.162,0.2829,SAFE
EVT_81440,28336,93555,2.337,7.347,169.9,403.368,0.70277,MEDIUM
EVT_81441,32847,82135,19.698,10.717,108.1,199.567,0.00798,SAFE
EVT_81442,40872,87453,27.878,9.067,51.3,281.869,0.13894,SAFE
EVT_81443,27440,97586,4.488,13.412,29.1,482.162,0.61238,MEDIUM
EVT_81444,44774,93054,17.383,9.654,88.6,67.652,0.28213,SAFE
EVT_81445,26836,87892,39.064,9.688,77.8,226.747,0.26942,SAFE
EVT_81446,41930,90288,1.644,12.299,1.5,159.093,0.3073,MEDIUM
EVT_81447,44233,93549,13.291,7.966,129.6,89.998,0.10928,SAFE
EVT_81448,24856,88584,20.885,11.473,164.5,308.904,0.10866,SAFE
EVT_81449,28979,86090,3.366,6.11,111.0,249.652,0.33832,MEDIUM
EVT_81450,41951,99864,21.88,14.378,159.6,136.91,0.14699,SAFE
EVT_81451,32951,93006,5.038,12.064,72.8,239.796,0.73123,MEDIUM
EVT_81452,20490,80109,12.228,9.597,8.6,386.406,0.00045,SAFE
EVT_81453,33404,92632,12.535,7.243,156.0,91.647,0.16153,SAFE
EVT_81454,44021,97075,5.902,6.378,157.7,148.033,0.3979,MEDIUM
EVT_81455,49268,86159,16.863,5.109,38.5,340.499,0.09178,SAFE
EVT_81456,22719,94550,24.69,9.185,61.0,389.876,0.28111,SAFE
EVT_81457,25013,90623,14.917,14.322,125.7,168.449,0.15301,SAFE
EVT_81458,39659,98987,5.922,8.808,154.3,497.262,0.41015,MEDIUM
EVT_81459,37704,86012,7.463,8.172,129.6,141.033,0.64759,MEDIUM
EVT_81460,48904,97586,40.521,11.994,79.3,376.349,0.28706,SAFE
EVT_81461,35951,89211,22.831,12.017,104.2,188.405,0.16442,SAFE
EVT_81462,38370,84316,1.264,5.417,85.4,161.706,0.45839,MEDIUM
EVT_81463,29404,81245,21.942,9.239,67.6,350.315,0.12011,SAFE
EVT_81464,41289,91494,9.459,7.718,89.6,214.243,0.69731,MEDIUM
EVT_81465,44904,84620,27.335,12.951,106.4,94.009,0.03436,SAFE
EVT_81466,41778,95590,75.391,13.13,10.5,362.755,0.20433,SAFE
EVT_81467,25454,99269,5.868,14.3,11.0,31.661,0.10717,SAFE
EVT_81468,35541,90150,4.072,9.956,110.6,307.75,0.36652,MEDIUM
EVT_81469,40753,90002,12.586,7.205,146.8,285.128,0.01809,SAFE
EVT_81470,49706,99020,22.12,9.663,96.5,411.024,0.11246,SAFE
EVT_81471,46299,84206,9.325,9.698,105.9,118.259,0.50993,MEDIUM
EVT_81472,22302,88513,2.96,14.192,155.9,389.396,0.56842,MEDIUM
EVT_81473,42480,86909,17.943,8.813,3.5,46.317,0.23979,SAFE
EVT_81474,25812,87731,103.292,7.072,150.6,29.859,0.1692,SAFE
EVT_81475,29357,92603,8.114,7.115,172.3,90.894,0.28978,SAFE
EVT_81476,24366,87666,3.752,7.398,62.6,45.895,0.04342,SAFE
EVT_81477,30599,94128,20.4,6.54,48.7,455.772,0.02651,SAFE
EVT_81478,40604,99146,3.257,7.659,167.1,209.929,0.36043,MEDIUM
EVT_81479,35359,96068,1.768,8.853,167.3,278.182,0.55067,MEDIUM
EVT_81480,36178,92000,21.774,7.472,41.8,485.626,0.03626,SAFE
EVT_81481,43508,99181,5.424,6.491,178.3,102.274,0.66161,MEDIUM
EVT_81482,39738,95595,21.467,11.872,130.5,57.969,0.27912,SAFE
EVT_81483,25458,97188,18.373,7.26,121.0,460.518,0.27134,SAFE
EVT_81484,28651,84314,6.116,8.011,50.7,132.747,0.78957,MEDIUM
EVT_81485,44804,82317,58.817,11.2,46.2,195.807,0.09431,SAFE
EVT_81486,49431,99203,35.292,11.126,67.9,186.714,0.18461,SAFE
EVT_81487,44968,83093,17.447,8.198,77.5,400.314,0.01029,SAFE
EVT_81488,39770,95249,7.085,9.55,163.1,314.151,0.47162,MEDIUM
EVT_81489,25384,86191,0.049,10.743,110.9,470.344,0.85528,HIGH
EVT_81490,46346,95440,13.559,13.321,115.6,421.608,0.17091,SAFE
EVT_81491,49073,88418,3.651,12.678,99.5,423.996,0.45157,MEDIUM
EVT_81492,28687,99672,1.968,13.787,80.1,85.709,0.27927,SAFE
EVT_81493,48257,94151,2.478,12.495,132.6,207.111,0.30681,MEDIUM
EVT_81494,48504,83753,13.034,10.639,140.2,266.941,0.13893,SAFE
EVT_81495,42311,96570,10.707,10.243,117.5,434.384,0.10425,SAFE
EVT_81496,49432,81480,1.212,5.863,107.9,92.909,0.02066,SAFE
EVT_81497,45394,81514,13.519,7.355,42.0,137.865,0.08623,SAFE
EVT_81498,43384,98578,30.416,6.72,157.9,25.877,0.25392,SAFE
EVT_81499,24763,92986,46.232,7.547,75.4,71.357,0.13467,SAFE
EVT_81500,48293,86078,4.402,13.91,22.4,65.304,0.01043,SAFE
EVT_81501,23723,85453,2.857,12.403,0.8,300.031,0.48182,MEDIUM
EVT_81502,43362,88659,16.561,10.22,101.5,407.501,0.26399,SAFE
EVT_81503,49543,99830,89.318,7.755,166.4,144.674,0.13397,SAFE
EVT_81504,28257,86815,5.497,12.823,139.9,59.177,0.05598,SAFE
EVT_81505,49184,98012,20.717,12.804,122.0,498.576,0.06687,SAFE
EVT_81506,45432,98044,60.023,8.337,21.5,405.62,0.22587,SAFE
EVT_81507,47540,86847,5.949,11.674,57.2,270.157,0.6343,MEDIUM
EVT_81508,31875,98081,0.819,5.768,84.5,110.195,0.69914,MEDIUM
EVT_81509,43588,80080,17.868,14.359,133.1,237.049,0.20599,SAFE
EVT_81510,45311,95272,6.795,11.036,136.2,354.795,0.44528,MEDIUM
EVT_81511,40128,89603,0.755,11.131,131.3,184.089,0.75753,MEDIUM
EVT_81512,28522,81636,1.997,13.399,19.0,171.088,0.40848,MEDIUM
EVT_81513,48943,81075,12.26,13.639,178.5,229.636,0.05448,SAFE
EVT_81514,36030,89911,8.726,11.935,104.4,381.699,0.33397,MEDIUM
EVT_81515,46186,92641,15.624,13.735,21.9,402.554,0.05818,SAFE
EVT_81516,23314,94807,8.119,14.355,132.3,71.151,0.20761,SAFE
EVT_81517,22736,92673,34.233,9.803,125.7,184.384,0.28699,SAFE
EVT_81518,44491,94688,7.521,13.027,44.3,139.927,0.54389,MEDIUM
EVT_81519,26673,95985,1.475,5.654,95.2,383.592,0.92296,HIGH
EVT_81520,37944,97410,8.741,5.292,110.1,164.921,0.31902,MEDIUM
EVT_81521,25792,96109,43.194,10.198,9.8,206.674,0.05201,SAFE
EVT_81522,36611,81671,13.683,12.188,88.7,380.508,0.00704,SAFE
EVT_81523,20446,84602,13.119,11.092,22.8,421.244,0.07253,SAFE
EVT_81524,31528,85335,12.119,14.334,40.4,102.102,0.13012,SAFE
EVT_81525,22747,88000,9.235,10.091,34.8,339.699,0.75641,MEDIUM
EVT_81526,42074,82923,3.217,7.514,82.0,333.21,0.34166,MEDIUM
EVT_81527,29366,85725,11.66,6.742,171.1,298.708,0.22416,SAFE
EVT_81528,27001,95936,1.758,12.768,7.4,150.18,0.35229,MEDIUM
EVT_81529,46579,87755,26.944,9.42,104.1,201.84,0.19071,SAFE
EVT_81530,31400,96097,30.217,8.607,79.8,463.657,0.03705,SAFE
EVT_81531,47734,87941,25.887,12.76,62.0,210.931,0.27215,SAFE
EVT_81532,27961,86506,19.665,13.897,166.4,51.87,0.22792,SAFE
EVT_81533,26682,88411,9.478,11.972,114.4,375.294,0.38493,MEDIUM
EVT_81534,36106,98646,15.99,13.241,98.4,487.813,0.06839,SAFE
EVT_81535,40639,81235,23.424,12.915,106.6,477.445,0.09178,SAFE
EVT_81536,22815,86179,0.955,6.652,171.6,300.534,0.91975,HIGH
EVT_81537,35399,99963,11.077,11.806,60.3,275.67,0.26812,SAFE
EVT_81538,46958,86862,60.972,9.859,178.6,311.223,0.02845,SAFE
EVT_81539,37125,89138,11.252,6.053,178.0,376.485,0.07976,SAFE
EVT_81540,31100,94692,23.76,9.076,42.1,138.697,0.28424,SAFE
EVT_81541,23325,95084,1.394,10.616,137.9,125.807,0.57481,MEDIUM
EVT_81542,35021,90496,2.943,12.964,128.9,208.41,0.62102,MEDIUM
EVT_81543,40254,80037,35.436,8.42,39.1,175.319,0.28028,SAFE
EVT_81544,36627,82724,8.895,11.985,174.2,141.167,0.3182,MEDIUM
EVT_81545,36524,85256,57.049,7.717,125.0,365.576,0.28616,SAFE
EVT_81546,24301,82656,5.989,5.882,62.7,280.837,0.59425,MEDIUM
EVT_81547,48952,92543,2.38,11.096,14.0,104.813,0.59924,MEDIUM
EVT_81548,35465,99979,11.229,5.051,155.1,468.577,0.04664,SAFE
EVT_81549,25755,90775,15.364,13.412,41.3,256.492,0.02236,SAFE
EVT_81550,25867,99441,10.01,11.415,174.8,445.998,0.17172,SAFE
EVT_81551,49675,83964,3.629,5.087,110.6,228.856,0.73643,MEDIUM
EVT_81552,29145,98785,29.07,8.439,43.8,367.951,0.25128,SAFE
EVT_81553,29775,82406,2.481,11.938,134.5,416.67,0.44789,MEDIUM
EVT_81554,28369,97185,9.334,13.367,119.4,143.597,0.57855,MEDIUM
EVT_81555,33037,95857,1.069,7.897,122.7,135.305,0.31945,MEDIUM
EVT_81556,27969,90058,26.934,11.764,128.9,274.31,0.06769,SAFE
EVT_81557,41763,96556,28.805,13.174,1.6,72.028,0.08792,SAFE
EVT_81558,30438,86376,28.38,9.262,82.0,196.125,0.07466,SAFE
EVT_81559,37830,84190,0.254,11.465,144.3,476.697,0.92401,HIGH
EVT_81560,38369,81753,5.087,8.57,9.8,120.764,0.66967,MEDIUM
EVT_81561,46918,99999,1.271,11.571,177.3,484.96,0.81423,HIGH
EVT_81562,47613,88121,5.39,10.931,100.0,499.485,0.44187,MEDIUM
EVT_81563,41095,82363,5.14,13.63,20.5,321.261,0.68675,MEDIUM
EVT_81564,34717,81862,5.665,7.725,57.9,426.868,0.52439,MEDIUM
EVT_81565,46587,83482,68.515,12.854,24.0,154.777,0.205,SAFE
EVT_81566,29533,81467,3.691,12.362,154.0,98.754,0.18605,SAFE
EVT_81567,47004,84892,58.602,8.536,28.7,57.919,0.15169,SAFE
EVT_81568,39451,99371,13.735,13.756,111.5,181.544,0.21221,SAFE
EVT_81569,28991,82025,2.543,12.795,69.0,58.541,0.05981,SAFE
EVT_81570,48414,81484,3.658,14.966,125.0,270.951,0.67724,MEDIUM
EVT_81571,21225,98844,40.17,10.902,52.8,294.811,0.00387,SAFE
EVT_81572,29369,88692,1.989,6.553,76.9,494.365,0.88659,HIGH
EVT_81573,30964,91420,8.848,10.242,70.7,287.717,0.51788,MEDIUM
EVT_81574,49193,81193,2.478,6.741,61.9,253.788,0.76585,MEDIUM
EVT_81575,23390,92268,7.111,7.455,11.0,484.69,0.4081,MEDIUM
EVT_81576,42213,95754,33.536,7.151,115.1,196.941,0.15867,SAFE
EVT_81577,41907,83514,2.264,6.905,95.3,130.421,0.4983,MEDIUM
EVT_81578,48246,87293,23.394,12.553,29.4,151.572,0.15353,SAFE
EVT_81579,39852,98254,11.05,14.723,91.5,476.254,0.26663,SAFE
EVT_81580,28208,80591,6.263,11.767,71.3,51.368,0.27547,SAFE
EVT_81581,23797,84029,11.362,7.185,11.3,361.211,0.13584,SAFE
EVT_81582,46359,90698,8.231,11.578,1.6,393.242,0.4272,MEDIUM
EVT_81583,48862,85649,12.843,14.671,151.5,426.26,0.15053,SAFE
EVT_81584,45482,91555,3.786,12.291,170.8,440.421,0.52101,MEDIUM
EVT_81585,23970,91038,7.825,9.875,155.0,323.613,0.74415,MEDIUM
EVT_81586,47883,92577,0.36,12.095,136.7,170.942,0.39891,MEDIUM
EVT_81587,23850,82551,8.152,11.018,66.3,208.651,0.55055,MEDIUM
EVT_81588,47713,96786,10.282,10.584,32.6,226.808,0.03509,SAFE
EVT_81589,41501,96785,11.149,11.63,106.3,491.942,0.06409,SAFE
EVT_81590,27948,85757,3.964,11.935,153.7,346.942,0.45392,MEDIUM
EVT_81591,21117,85904,5.521,13.62,86.3,346.606,0.51303,MEDIUM
EVT_81592,42347,94503,2.208,6.102,86.5,99.0,0.10505,SAFE
EVT_81593,37202,91436,26.408,14.991,83.9,71.895,0.26567,SAFE
EVT_81594,29403,98362,1.171,10.881,141.1,341.142,0.87547,HIGH
EVT_81595,28691,95253,1.959,7.929,115.4,153.691,0.75857,MEDIUM
EVT_81596,26113,90663,10.56,5.505,85.3,118.75,0.0878,SAFE
EVT_81597,35497,93531,0.993,8.438,125.4,479.336,0.81748,HIGH
EVT_81598,32399,85613,8.871,5.718,165.5,459.123,0.53156,MEDIUM
EVT_81599,48967,83575,8.465,6.557,140.1,490.594,0.64633,MEDIUM
EVT_81600,40132,98249,4.794,10.028,169.7,55.071,0.1109,SAFE
EVT_81601,22860,89875,19.102,9.886,114.3,300.214,0.23776,SAFE
EVT_81602,43544,92243,11.764,11.633,15.5,412.004,0.11445,SAFE
EVT_81603,24512,80859,19.22,8.143,53.9,284.145,0.11632,SAFE
EVT_81604,47710,95589,47.356,8.309,130.8,136.718,0.12366,SAFE
EVT_81605,22940,94683,7.349,12.698,56.7,260.872,0.76156,MEDIUM
EVT_81606,35552,90157,4.843,14.578,144.1,450.112,0.55926,MEDIUM
EVT_81607,24040,80507,16.479,11.197,42.5,159.257,0.15541,SAFE
EVT_81608,45411,91194,16.095,5.45,113.1,152.794,0.24111,SAFE
EVT_81609,39180,82438,20.958,13.031,19.9,220.007,0.06011,SAFE
EVT_81610,44841,95509,28.699,10.834,7.6,258.761,0.12464,SAFE
EVT_81611,35207,86306,17.041,14.125,80.3,355.043,0.11525,SAFE
EVT_81612,42174,95673,8.257,6.291,148.4,42.792,0.1039,SAFE
EVT_81613,39003,94590,1.602,6.163,96.3,109.123,0.39895,MEDIUM
EVT_81614,27109,93551,22.582,5.103,44.5,129.776,0.12599,SAFE
EVT_81615,24188,94224,10.515,9.871,15.9,183.261,0.14364,SAFE
EVT_81616,42107,90928,4.327,13.328,14.1,106.164,0.34431,MEDIUM
EVT_81617,46843,99778,6.835,9.754,36.5,268.212,0.78976,MEDIUM
EVT_81618,41994,87653,13.118,10.351,129.0,66.541,0.04047,SAFE
EVT_81619,30020,97258,44.625,10.809,46.5,81.609,0.0883,SAFE
EVT_81620,34402,80582,11.238,12.554,29.5,256.318,0.22862,SAFE
EVT_81621,26299,94078,35.041,14.639,176.5,249.091,0.27735,SAFE
EVT_81622,36530,80138,10.645,13.834,140.1,458.645,0.09719,SAFE
EVT_81623,37688,89805,0.149,14.736,59.0,315.854,0.82905,HIGH
EVT_81624,20352,83680,11.576,11.462,46.9,197.539,0.22662,SAFE
EVT_81625,48551,95494,27.829,9.716,176.8,48.097,0.02673,SAFE
EVT_81626,31551,93788,1.928,5.112,15.5,144.45,0.71839,MEDIUM
EVT_81627,33543,95661,14.379,7.913,68.4,166.505,0.063,SAFE
EVT_81628,38131,99242,4.731,10.78,64.0,346.905,0.73473,MEDIUM
EVT_81629,28031,88375,44.128,14.854,94.7,113.632,0.04717,SAFE
EVT_81630,43720,99945,4.67,7.84,153.7,295.649,0.5318,MEDIUM
EVT_81631,40926,93282,6.369,14.239,115.5,430.626,0.51593,MEDIUM
EVT_81632,40097,99938,1.431,5.295,1.4,209.927,0.4853,MEDIUM
EVT_81633,22624,88102,90.148,9.965,52.2,395.757,0.0938,SAFE
EVT_81634,42864,96473,5.728,8.224,175.4,396.042,0.58257,MEDIUM
EVT_81635,21863,96567,2.068,6.603,81.8,477.772,0.78683,MEDIUM
EVT_81636,27928,82185,24.804,6.042,102.2,16.763,0.03672,SAFE
EVT_81637,26902,84727,2.046,6.246,79.2,461.364,0.53662,MEDIUM
EVT_81638,23409,86436,31.858,5.993,98.3,404.294,0.14964,SAFE
EVT_81639,42257,98752,23.634,11.455,39.2,217.984,0.26189,SAFE
EVT_81640,24267,95795,22.314,5.334,119.9,27.928,0.00451,SAFE
EVT_81641,21445,86165,24.267,5.84,158.9,381.722,0.02461,SAFE
EVT_81642,45452,90237,12.736,10.575,44.6,167.588,0.17347,SAFE
EVT_81643,42912,96251,7.72,13.194,156.3,55.703,0.06206,SAFE
EVT_81644,44522,83446,3.522,13.37,42.7,320.372,0.32775,MEDIUM
EVT_81645,30282,87433,13.454,11.506,77.6,498.981,0.03056,SAFE
EVT_81646,29365,91695,3.858,7.357,107.3,135.298,0.43689,MEDIUM
EVT_81647,27240,97654,20.894,6.977,114.7,469.223,0.14553,SAFE
EVT_81648,45293,99201,1.891,9.134,167.2,448.927,0.87211,HIGH
EVT_81649,25861,84419,10.605,5.968,71.5,462.857,0.11632,SAFE
EVT_81650,26456,88431,1.871,8.329,154.2,53.166,0.04043,SAFE
EVT_81651,44003,80939,14.046,9.478,118.7,216.241,0.09325,SAFE
EVT_81652,43313,92049,0.422,8.517,82.4,383.235,0.86982,HIGH
EVT_81653,32953,90971,3.236,14.979,52.2,199.729,0.60181,MEDIUM
EVT_81654,44980,84084,9.21,5.377,133.1,50.981,0.21947,SAFE
EVT_81655,43268,97466,6.749,9.493,172.0,475.128,0.67219,MEDIUM
EVT_81656,27231,93178,11.107,14.091,65.3,389.974,0.15593,SAFE
EVT_81657,33771,95498,53.307,14.615,138.7,192.518,0.20853,SAFE
EVT_81658,49373,90724,3.247,6.445,154.7,236.667,0.34765,MEDIUM
EVT_81659,26149,87654,7.386,11.899,69.9,115.725,0.33855,MEDIUM
EVT_81660,41397,87553,21.602,6.171,156.8,415.099,0.09212,SAFE
EVT_81661,34876,82548,31.288,12.565,162.3,222.719,0.25525,SAFE
EVT_81662,35303,93201,25.693,7.986,168.7,413.118,0.10402,SAFE
EVT_81663,35319,96827,30.499,5.877,121.1,351.098,0.258,SAFE
EVT_81664,41720,88715,36.978,13.749,134.7,147.861,0.10584,SAFE
EVT_81665,48307,83034,11.167,6.018,129.7,418.572,0.22257,SAFE
EVT_81666,21341,85684,10.123,8.209,58.3,208.177,0.09907,SAFE
EVT_81667,46428,88341,66.225,10.675,150.5,288.943,0.28582,SAFE
EVT_81668,24680,85444,27.71,11.502,68.4,447.815,0.21017,SAFE
EVT_81669,48326,81523,15.094,5.089,154.5,265.665,0.09445,SAFE
EVT_81670,21982,81545,4.654,7.179,86.8,356.065,0.46609,MEDIUM
EVT_81671,29723,83620,7.303,13.387,128.3,243.635,0.46526,MEDIUM
EVT_81672,43910,98401,1.609,11.791,106.0,58.635,0.13061,SAFE
EVT_81673,42760,97622,4.266,5.388,33.5,197.124,0.74935,MEDIUM
EVT_81674,35682,82460,3.597,14.229,28.9,456.881,0.77383,MEDIUM
EVT_81675,25074,86087,1.104,13.506,174.8,331.048,0.80564,HIGH
EVT_81676,38222,87041,54.514,12.547,27.2,168.139,0.24894,SAFE
EVT_81677,28443,91469,3.277,14.721,46.9,254.813,0.71923,MEDIUM
EVT_81678,42227,89802,43.666,12.475,156.6,465.26,0.18893,SAFE
EVT_81679,23823,92942,0.542,5.686,7.6,359.966,0.84807,HIGH
EVT_81680,42945,96774,1.005,7.431,147.8,227.527,0.41818,MEDIUM
EVT_81681,41685,88340,5.143,7.5,147.5,492.896,0.63705,MEDIUM
EVT_81682,42191,84942,23.606,7.808,101.7,221.418,0.02368,SAFE
EVT_81683,43024,92784,20.828,5.349,176.7,418.32,0.2687,SAFE
EVT_81684,34635,87640,20.428,14.878,106.6,131.118,0.27843,SAFE
EVT_81685,40450,82909,6.063,13.528,130.2,104.044,0.36486,MEDIUM
EVT_81686,42619,98975,13.494,10.808,115.2,188.053,0.02484,SAFE
EVT_81687,38030,86386,1.334,10.241,125.9,357.288,0.95831,HIGH
EVT_81688,25762,82682,20.386,9.354,100.7,75.198,0.14296,SAFE
EVT_81689,41569,94816,46.359,14.335,59.7,412.929,0.08075,SAFE
EVT_81690,23953,85596,17.786,13.324,126.7,325.505,0.14337,SAFE
EVT_81691,47863,83412,2.312,11.573,95.9,185.882,0.47501,MEDIUM
EVT_81692,42667,85042,16.418,9.371,113.3,304.947,0.01717,SAFE
EVT_81693,47658,96771,8.248,14.642,152.0,146.703,0.66047,MEDIUM
EVT_81694,34124,80047,1.279,7.914,13.7,138.036,0.59746,MEDIUM
EVT_81695,46184,94826,12.868,13.919,174.3,130.173,0.12179,SAFE
EVT_81696,20159,98663,0.331,11.14,16.9,413.465,0.80213,HIGH
EVT_81697,43114,92523,1.58,13.583,103.4,266.554,0.32204,MEDIUM
EVT_81698,33432,90025,16.849,6.395,48.7,224.114,0.12973,SAFE
EVT_81699,36421,96872,10.663,7.691,127.7,349.919,0.25735,SAFE
EVT_81700,47897,97784,10.819,6.075,102.7,389.574,0.02145,SAFE
EVT_81701,42159,88668,3.038,6.841,103.0,200.194,0.45212,MEDIUM
EVT_81702,28151,85056,15.896,10.262,163.8,14.292,0.26432,SAFE
EVT_81703,21074,84675,7.547,14.53,52.4,85.25,0.23899,SAFE
EVT_81704,45225,87800,35.911,9.157,50.6,164.009,0.13862,SAFE
EVT_81705,25094,95230,3.84,9.865,159.0,316.7,0.69354,MEDIUM
EVT_81706,47559,87801,2.491,11.573,149.7,444.245,0.606,MEDIUM
EVT_81707,42309,83366,1.451,10.829,91.6,484.915,0.87489,HIGH
EVT_81708,30797,90233,0.817,11.075,97.7,26.785,0.1707,SAFE
EVT_81709,38174,95536,23.602,13.964,80.0,363.18,0.25828,SAFE
EVT_81710,36335,82912,2.591,11.206,105.1,110.644,0.45618,MEDIUM
EVT_81711,41506,81149,24.885,13.449,72.7,356.527,0.08938,SAFE
EVT_81712,24117,84265,82.749,12.151,130.9,268.369,0.28515,SAFE
EVT_81713,24602,84055,26.305,9.174,29.4,120.166,0.2605,SAFE
EVT_81714,37107,96889,7.788,8.986,103.4,487.959,0.48911,MEDIUM
EVT_81715,40466,97663,3.123,7.225,137.5,266.602,0.78546,MEDIUM
EVT_81716,39166,99225,33.436,5.928,58.9,401.072,0.01718,SAFE
EVT_81717,45482,95844,58.318,9.052,39.2,252.504,0.12794,SAFE
EVT_81718,43509,86019,10.059,5.164,112.7,220.744,0.25893,SAFE
EVT_81719,36672,83507,0.997,11.986,113.5,399.015,0.98468,HIGH
EVT_81720,39793,97674,32.959,11.871,65.6,308.895,0.00081,SAFE
EVT_81721,32644,81652,5.759,5.153,17.5,384.754,0.31552,MEDIUM
EVT_81722,45605,91363,7.963,11.484,116.2,434.844,0.78322,MEDIUM
EVT_81723,27330,92475,8.497,8.457,14.2,354.541,0.67852,MEDIUM
EVT_81724,31536,99301,7.814,10.068,127.2,237.313,0.40137,MEDIUM
EVT_81725,39964,84950,0.363,14.642,7.2,376.955,0.94919,HIGH
EVT_81726,20986,90824,19.539,14.951,1.4,48.367,0.24839,SAFE
EVT_81727,44961,92266,38.601,11.668,113.0,71.45,0.04171,SAFE
EVT_81728,32272,83648,9.028,11.764,73.6,29.895,0.00329,SAFE
EVT_81729,20991,90083,22.228,7.1,87.1,453.87,0.19241,SAFE
EVT_81730,29683,87294,7.037,13.212,48.0,78.395,0.23358,SAFE
EVT_81731,38803,99146,2.325,9.842,92.8,205.02,0.4916,MEDIUM
EVT_81732,31378,89563,25.255,13.751,133.7,192.51,0.06921,SAFE
EVT_81733,39551,98871,1.541,14.091,107.1,409.399,0.904,HIGH
EVT_81734,41664,97748,3.309,6.624,39.7,411.49,0.64527,MEDIUM
EVT_81735,33594,90442,13.44,12.381,118.9,158.643,0.08205,SAFE
EVT_81736,37425,84331,2.74,5.249,108.7,182.753,0.51889,MEDIUM
EVT_81737,26952,94002,10.426,7.846,134.9,11.817,0.25893,SAFE
EVT_81738,37880,83824,26.006,12.881,51.3,301.969,0.09016,SAFE
EVT_81739,43588,88254,30.419,13.24,42.8,477.929,0.12647,SAFE
EVT_81740,32915,84829,3.644,14.04,132.2,488.967,0.78584,MEDIUM
EVT_81741,23195,87856,2.922,9.112,124.3,51.293,0.21356,SAFE
EVT_81742,31010,94844,6.183,8.477,20.0,471.801,0.4811,MEDIUM
EVT_81743,38748,88516,10.776,7.485,129.1,138.541,0.25365,SAFE
EVT_81744,44718,92093,3.356,12.764,141.2,252.896,0.70793,MEDIUM
EVT_81745,32911,81271,4.505,5.77,63.6,220.155,0.33918,MEDIUM
EVT_81746,37853,98328,15.407,7.571,141.4,360.317,0.2076,SAFE
EVT_81747,42761,85267,5.068,5.733,92.3,369.244,0.583,MEDIUM
EVT_81748,36451,91725,3.783,13.231,29.4,433.039,0.3755,MEDIUM
EVT_81749,22216,80107,14.084,5.806,105.3,14.486,0.21883,SAFE
EVT_81750,49680,88220,1.744,12.272,19.9,240.51,0.72772,MEDIUM
EVT_81751,33359,93680,21.413,11.191,49.3,46.616,0.19043,SAFE
EVT_81752,40973,93717,14.136,11.127,58.2,397.988,0.27862,SAFE
EVT_81753,47021,82862,10.73,7.026,91.4,366.351,0.06331,SAFE
EVT_81754,43606,94585,7.712,7.651,34.7,55.688,0.01592,SAFE
EVT_81755,41049,85764,6.705,14.538,165.6,318.142,0.67606,MEDIUM
EVT_81756,31757,81543,15.122,7.213,62.7,347.216,0.00114,SAFE
EVT_81757,22160,83812,21.289,14.639,49.8,40.653,0.04972,SAFE
EVT_81758,41131,97741,4.133,6.114,61.7,352.331,0.7499,MEDIUM
EVT_81759,25632,90003,19.602,9.358,22.9,25.719,0.24304,SAFE
EVT_81760,29755,86575,5.9,8.097,140.4,194.378,0.59332,MEDIUM
EVT_81761,42784,93530,3.676,13.793,144.5,96.046,0.06704,SAFE
EVT_81762,34316,88798,23.821,11.141,148.4,125.864,0.28639,SAFE
EVT_81763,47916,83034,2.431,7.975,126.2,125.567,0.31446,MEDIUM
EVT_81764,48977,98422,9.997,11.044,55.4,236.777,0.48845,MEDIUM
EVT_81765,21485,81355,2.729,14.236,168.4,377.89,0.63968,MEDIUM
EVT_81766,26992,89838,16.571,12.159,46.0,399.932,0.22523,SAFE
EVT_81767,43630,97512,3.554,10.466,175.1,402.491,0.44172,MEDIUM
EVT_81768,31754,98498,34.181,9.224,14.0,307.25,0.16528,SAFE
EVT_81769,38421,91171,9.194,12.104,103.7,478.752,0.38697,MEDIUM
EVT_81770,23811,89794,12.843,5.239,122.9,455.247,0.12969,SAFE
EVT_81771,25996,92766,3.555,5.28,25.3,59.304,0.20717,SAFE
EVT_81772,48426,89313,4.267,10.538,137.1,216.075,0.44911,MEDIUM
EVT_81773,23724,94228,34.587,7.875,74.9,476.924,0.15719,SAFE
EVT_81774,39314,97338,8.414,14.879,104.3,33.495,0.28189,SAFE
EVT_81775,39042,84761,5.239,9.815,174.8,44.973,0.18339,SAFE
EVT_81776,23187,84080,12.902,12.015,164.0,301.077,0.11368,SAFE
EVT_81777,26868,87509,21.929,10.221,105.0,313.802,0.00466,SAFE
EVT_81778,42477,98095,3.62,5.306,155.3,410.443,0.31326,MEDIUM
EVT_81779,44074,81247,10.561,7.063,80.6,106.391,0.01245,SAFE
EVT_81780,41259,91989,19.941,7.903,25.4,152.699,0.11522,SAFE
EVT_81781,36411,93027,3.959,9.238,95.6,144.648,0.59619,MEDIUM
EVT_81782,46049,94578,22.529,14.038,167.5,124.155,0.06363,SAFE
EVT_81783,31049,97420,18.406,14.439,124.9,358.746,0.16477,SAFE
EVT_81784,32953,95663,33.493,13.681,73.7,164.103,0.04344,SAFE
EVT_81785,43059,89836,2.422,7.147,134.4,179.678,0.439,MEDIUM
EVT_81786,44363,83206,9.022,7.088,110.7,404.901,0.78924,MEDIUM
EVT_81787,23863,83674,1.599,14.814,31.3,371.887,0.84809,HIGH
EVT_81788,44067,94776,3.101,11.652,92.3,110.204,0.53694,MEDIUM
EVT_81789,41812,90930,3.603,7.939,28.5,321.285,0.40783,MEDIUM
EVT_81790,28613,85889,1.013,10.911,12.2,350.999,0.89885,HIGH
EVT_81791,44837,81871,6.794,10.31,140.3,333.365,0.36757,MEDIUM
EVT_81792,45866,96731,12.455,7.518,19.4,29.002,0.04041,SAFE
EVT_81793,21306,83441,35.628,7.488,69.8,280.414,0.09248,SAFE
EVT_81794,49924,93274,3.008,13.262,39.8,33.461,0.07579,SAFE
EVT_81795,20945,94172,18.914,10.041,155.6,439.069,0.13802,SAFE
EVT_81796,30829,99449,0.372,10.405,11.2,287.338,0.43959,MEDIUM
EVT_81797,21242,85609,1.122,13.958,157.3,174.47,0.56046,MEDIUM
EVT_81798,26261,99731,36.669,8.71,129.2,440.838,0.21829,SAFE
EVT_81799,27633,81487,13.382,6.305,43.4,33.479,0.01461,SAFE
EVT_81800,22127,98217,34.609,9.067,72.6,482.945,0.01998,SAFE
EVT_81801,21896,91956,0.887,12.07,24.7,237.993,0.37303,MEDIUM
EVT_81802,31735,82836,33.882,10.651,65.7,252.263,0.21263,SAFE
EVT_81803,38140,88092,33.341,12.571,13.1,412.534,0.11794,SAFE
EVT_81804,32898,88117,12.57,9.505,34.6,467.374,0.17085,SAFE
EVT_81805,43510,92538,13.91,6.232,8.4,493.521,0.22668,SAFE
EVT_81806,27892,98234,36.027,5.292,135.7,10.054,0.15024,SAFE
EVT_81807,25154,84244,56.602,13.048,76.8,29.654,0.00312,SAFE
EVT_81808,25119,88213,5.82,9.562,20.0,12.101,0.13685,SAFE
EVT_81809,41565,83030,22.335,14.87,122.8,180.001,0.13448,SAFE
EVT_81810,48709,81128,11.642,11.597,155.5,107.378,0.15653,SAFE
EVT_81811,45483,92849,10.743,5.278,104.6,451.812,0.08047,SAFE
EVT_81812,27994,92055,26.303,14.619,101.6,300.27,0.17558,SAFE
EVT_81813,41690,95978,10.275,8.819,91.2,418.878,0.26641,SAFE
EVT_81814,40250,83793,19.489,12.799,70.1,400.857,0.00206,SAFE
EVT_81815,40686,98312,9.546,14.447,59.1,17.086,0.10414,SAFE
EVT_81816,45683,97714,0.651,10.505,45.3,336.036,0.86434,HIGH
EVT_81817,27699,98064,29.776,7.387,153.0,492.743,0.22914,SAFE
EVT_81818,25988,86723,11.145,11.386,17.8,182.347,0.19005,SAFE
EVT_81819,48363,80054,23.695,14.382,142.6,382.047,0.06269,SAFE
EVT_81820,42608,98443,17.755,9.128,170.8,354.902,0.10309,SAFE
EVT_81821,48175,82548,1.828,11.959,31.4,120.728,0.61695,MEDIUM
EVT_81822,26954,97245,2.981,5.871,55.9,445.914,0.72446,MEDIUM
EVT_81823,44538,95947,23.717,12.826,13.6,290.502,0.16729,SAFE
EVT_81824,40533,92526,21.133,7.121,111.5,413.495,0.12153,SAFE
EVT_81825,31983,81891,2.977,11.501,5.7,72.665,0.16546,SAFE
EVT_81826,30143,91489,7.866,7.779,8.1,164.424,0.63672,MEDIUM
EVT_81827,45404,96839,29.313,9.536,11.1,173.756,0.26093,SAFE
EVT_81828,39515,92631,5.52,12.293,95.3,405.399,0.54376,MEDIUM
EVT_81829,25316,95107,16.715,14.037,35.6,277.418,0.28602,SAFE
EVT_81830,24415,81595,5.71,8.234,13.1,387.443,0.47661,MEDIUM
EVT_81831,24033,96871,7.0,6.019,160.6,225.161,0.31469,MEDIUM
EVT_81832,28088,97892,3.034,6.296,61.2,331.955,0.35204,MEDIUM
EVT_81833,27310,92120,11.762,8.277,90.8,315.789,0.05207,SAFE
EVT_81834,21070,99089,4.582,9.279,58.0,329.885,0.66528,MEDIUM
EVT_81835,28517,84779,3.142,11.454,40.8,211.121,0.72908,MEDIUM
EVT_81836,29687,89687,10.744,7.675,129.8,34.948,0.11996,SAFE
EVT_81837,43361,83241,5.349,8.223,95.1,126.528,0.60206,MEDIUM
EVT_81838,43273,89259,7.867,8.499,2.7,198.675,0.78289,MEDIUM
EVT_81839,21168,90003,20.78,10.149,145.8,111.563,0.23978,SAFE
EVT_81840,21121,95608,10.401,12.291,92.3,197.831,0.17021,SAFE
EVT_81841,40985,87522,41.488,11.754,141.7,58.576,0.11498,SAFE
EVT_81842,24760,82563,16.771,7.035,158.9,406.051,0.08145,SAFE
EVT_81843,45617,93928,32.472,6.822,30.1,429.01,0.26633,SAFE
EVT_81844,28099,88526,19.142,13.036,109.6,455.416,0.16096,SAFE
EVT_81845,37428,80164,1.209,10.761,153.0,412.165,0.94064,HIGH
EVT_81846,40494,87999,10.245,10.638,129.7,309.731,0.08445,SAFE
EVT_81847,46933,88668,7.23,11.222,129.3,123.608,0.59804,MEDIUM
EVT_81848,46711,80662,0.029,12.078,151.3,315.852,0.95508,HIGH
EVT_81849,45823,84060,3.764,8.254,39.4,401.609,0.57205,MEDIUM
EVT_81850,34945,82118,4.922,12.021,44.1,379.484,0.4186,MEDIUM
EVT_81851,34300,96373,3.162,8.082,55.2,470.389,0.60872,MEDIUM
EVT_81852,27770,94603,10.312,5.899,60.7,198.826,0.12047,SAFE
EVT_81853,44272,94120,3.691,10.517,108.8,456.683,0.72432,MEDIUM
EVT_81854,21654,93648,2.499,10.635,46.9,228.879,0.44395,MEDIUM
EVT_81855,39648,93541,55.652,14.813,105.7,499.15,0.13785,SAFE
EVT_81856,40981,91235,7.592,6.093,20.3,75.594,0.18083,SAFE
EVT_81857,47954,92549,16.037,9.649,46.9,306.38,0.0668,SAFE
EVT_81858,38341,87817,17.217,9.495,169.9,122.647,0.00379,SAFE
EVT_81859,21520,84260,33.176,11.801,84.8,105.577,0.25758,SAFE
EVT_81860,40429,86394,24.8,13.319,135.2,184.141,0.27798,SAFE
EVT_81861,41937,81358,19.139,13.961,94.9,415.919,0.10943,SAFE
EVT_81862,26357,95581,25.09,5.218,11.3,480.626,0.25196,SAFE
EVT_81863,48059,91413,1.906,7.527,175.3,215.213,0.5475,MEDIUM
EVT_81864,29668,96112,12.477,14.612,129.7,199.528,0.04094,SAFE
EVT_81865,32464,83268,4.199,7.037,62.1,124.213,0.4229,MEDIUM
EVT_81866,42313,82249,11.952,14.368,16.7,208.187,0.0451,SAFE
EVT_81867,38093,87061,3.529,10.639,46.0,110.166,0.5541,MEDIUM
EVT_81868,32723,88657,18.877,13.91,93.8,302.237,0.20288,SAFE
EVT_81869,42500,84828,22.543,6.217,21.0,334.046,0.09359,SAFE
EVT_81870,28558,98941,4.355,5.395,124.6,199.421,0.68787,MEDIUM
EVT_81871,21904,89358,19.392,9.632,115.8,306.769,0.21316,SAFE
EVT_81872,25372,94302,4.798,9.672,54.7,267.445,0.46236,MEDIUM
EVT_81873,36198,88571,31.518,6.598,157.9,109.873,0.21608,SAFE
EVT_81874,42361,99072,17.447,9.955,99.6,491.682,0.20384,SAFE
EVT_81875,32956,80435,32.98,11.65,9.7,280.787,0.09851,SAFE
EVT_81876,32582,86057,13.203,6.539,70.3,345.612,0.021,SAFE
EVT_81877,24056,92396,10.586,14.357,130.6,365.42,0.04319,SAFE
EVT_81878,29923,93749,28.763,7.722,80.7,185.395,0.19109,SAFE
EVT_81879,47948,82982,25.36,6.016,174.7,257.579,0.00319,SAFE
EVT_81880,21834,87380,12.665,6.417,25.5,160.375,0.07338,SAFE
EVT_81881,42487,82631,26.198,10.744,29.4,126.096,0.16915,SAFE
EVT_81882,34372,88207,35.396,13.597,153.9,329.452,0.02072,SAFE
EVT_81883,25904,98068,16.772,12.649,7.1,376.62,0.25331,SAFE
EVT_81884,22550,93304,43.612,6.616,71.2,66.07,0.05451,SAFE
EVT_81885,44277,80986,20.835,13.357,116.2,222.724,0.27411,SAFE
EVT_81886,43066,90253,0.76,8.729,114.6,236.555,0.67208,MEDIUM
EVT_81887,41916,83646,0.159,12.928,37.3,104.26,0.43827,MEDIUM
EVT_81888,46870,86884,26.547,10.786,9.6,472.609,0.25757,SAFE
EVT_81889,36169,89369,46.71,6.248,49.4,173.598,0.12369,SAFE
EVT_81890,33452,85384,41.683,10.304,114.8,312.06,0.22254,SAFE
EVT_81891,48690,95410,3.8,8.405,128.1,248.802,0.77959,MEDIUM
EVT_81892,47875,91699,22.44,8.806,11.4,453.758,0.06426,SAFE
EVT_81893,36051,96444,1.302,8.106,0.8,381.096,0.82963,HIGH
EVT_81894,49139,89578,31.813,14.148,167.5,434.76,0.23443,SAFE
EVT_81895,42479,80091,8.957,11.697,15.9,258.304,0.5163,MEDIUM
EVT_81896,48184,93556,97.988,13.66,78.9,312.134,0.02549,SAFE
EVT_81897,44229,92486,3.644,12.044,12.6,129.167,0.51221,MEDIUM
EVT_81898,31217,95005,13.087,13.297,59.5,326.398,0.23639,SAFE
EVT_81899,33525,85441,5.156,13.129,72.7,134.265,0.59661,MEDIUM
EVT_81900,42720,85197,2.513,14.312,92.3,288.026,0.78556,MEDIUM
EVT_81901,25727,82016,0.288,10.581,151.0,144.983,0.59494,MEDIUM
EVT_81902,26900,81976,14.418,13.3,107.5,425.441,0.25075,SAFE
EVT_81903,44657,80956,6.403,14.387,41.1,119.613,0.43495,MEDIUM
EVT_81904,26394,98652,4.131,8.923,129.4,178.303,0.45902,MEDIUM
EVT_81905,26918,84047,6.169,7.695,72.7,356.126,0.30393,MEDIUM
EVT_81906,36796,85758,34.157,9.029,148.5,215.552,0.16048,SAFE
EVT_81907,39272,97611,24.548,8.591,122.6,217.208,0.23056,SAFE
EVT_81908,49813,81027,2.267,8.058,149.3,226.801,0.51015,MEDIUM
EVT_81909,38310,98661,6.114,9.86,11.5,299.97,0.77072,MEDIUM
EVT_81910,42788,82802,19.096,12.758,121.7,240.319,0.10887,SAFE
EVT_81911,26855,98984,6.012,11.448,28.6,421.285,0.55938,MEDIUM
EVT_81912,45327,97352,45.337,13.624,39.9,498.098,0.2724,SAFE
EVT_81913,20250,84197,17.92,9.541,63.9,32.567,0.04304,SAFE
EVT_81914,42581,86662,27.398,7.621,124.9,26.045,0.06381,SAFE
EVT_81915,35673,87274,26.466,13.186,155.8,13.021,0.11142,SAFE
EVT_81916,26023,82495,0.567,14.421,57.8,217.556,0.5782,MEDIUM
EVT_81917,37310,89984,27.993,11.097,11.7,241.841,0.06864,SAFE
EVT_81918,46794,97905,8.178,7.943,58.9,386.456,0.50836,MEDIUM
EVT_81919,38127,86424,4.284,12.127,73.3,166.902,0.47194,MEDIUM
EVT_81920,28035,96083,40.517,10.54,177.2,130.475,0.1963,SAFE
EVT_81921,36201,82014,19.655,11.02,132.3,336.151,0.02622,SAFE
EVT_81922,31639,97477,16.92,8.953,163.5,144.465,0.05416,SAFE
EVT_81923,49530,94108,15.852,11.009,124.7,240.469,0.24895,SAFE
EVT_81924,22477,85526,8.295,11.205,153.6,327.004,0.66588,MEDIUM
EVT_81925,21844,90910,28.104,9.796,55.2,56.367,0.05783,SAFE
EVT_81926,29326,86385,4.61,9.064,102.7,211.289,0.33985,MEDIUM
EVT_81927,21022,82858,5.929,8.712,1.1,416.935,0.4383,MEDIUM
EVT_81928,29885,81367,22.748,14.365,135.8,302.985,0.14645,SAFE
EVT_81929,45602,80388,28.497,8.23,44.7,142.063,0.01717,SAFE
EVT_81930,27722,97795,25.214,6.218,80.0,169.57,0.02754,SAFE
EVT_81931,35485,88913,6.06,10.547,172.5,322.716,0.52847,MEDIUM
EVT_81932,26797,82162,31.866,9.122,118.8,186.869,0.12678,SAFE
EVT_81933,48676,90758,1.374,13.76,158.5,301.057,0.93593,HIGH
EVT_81934,49384,90730,1.777,8.794,72.5,65.458,0.14676,SAFE
EVT_81935,35374,92258,11.0,11.357,59.6,454.587,0.07467,SAFE
EVT_81936,27685,86750,71.511,6.449,99.7,351.659,0.1695,SAFE
EVT_81937,21348,82394,12.498,10.807,81.2,311.329,0.24022,SAFE
EVT_81938,35956,85549,1.844,12.129,71.5,354.745,0.92754,HIGH
EVT_81939,43204,95158,20.372,10.185,78.2,285.033,0.23322,SAFE
EVT_81940,45624,83838,2.497,9.864,10.1,357.833,0.47154,MEDIUM
EVT_81941,35598,89601,5.568,12.591,117.8,414.363,0.64451,MEDIUM
EVT_81942,38517,81368,12.116,14.852,138.1,335.214,0.00342,SAFE
EVT_81943,47082,80600,5.944,14.099,139.2,50.098,0.13376,SAFE
EVT_81944,31340,96807,0.407,9.743,130.3,132.485,0.56938,MEDIUM
EVT_81945,28658,80696,35.43,9.619,61.5,400.326,0.01812,SAFE
EVT_81946,26372,83507,19.179,10.015,56.0,94.435,0.16814,SAFE
EVT_81947,30333,91897,58.292,14.925,161.8,198.079,0.23243,SAFE
EVT_81948,36517,85831,2.46,10.95,140.3,382.022,0.40336,MEDIUM
EVT_81949,38922,96054,0.493,10.465,104.4,498.097,0.90838,HIGH
EVT_81950,24665,98888,24.394,5.299,96.7,112.889,0.06616,SAFE
EVT_81951,47829,99786,4.92,10.862,112.6,222.371,0.74075,MEDIUM
EVT_81952,38317,97557,15.599,14.299,128.4,151.707,0.17105,SAFE
EVT_81953,49136,99397,23.736,8.309,122.1,445.594,0.21335,SAFE
EVT_81954,30556,93578,23.894,9.352,87.3,490.684,0.26392,SAFE
EVT_81955,44282,80998,17.905,12.371,25.5,208.323,0.04453,SAFE
EVT_81956,24877,98536,2.865,13.644,29.6,341.758,0.7204,MEDIUM
EVT_81957,40666,81926,46.991,5.5,58.2,461.483,0.23252,SAFE
EVT_81958,44418,86278,18.904,10.52,172.2,282.995,0.14434,SAFE
EVT_81959,38952,81123,21.272,14.314,126.1,390.267,0.249,SAFE
EVT_81960,27174,96125,12.003,11.924,51.5,207.925,0.20016,SAFE
EVT_81961,34091,98289,12.823,12.618,102.8,407.596,0.21793,SAFE
EVT_81962,30644,85973,52.638,5.853,39.5,14.555,0.11743,SAFE
EVT_81963,33339,92786,7.197,14.388,107.6,283.946,0.57929,MEDIUM
EVT_81964,29888,95188,1.725,11.131,106.1,155.725,0.35006,MEDIUM
EVT_81965,25305,99012,20.102,13.692,2.7,53.909,0.15016,SAFE
EVT_81966,22927,95716,49.926,8.642,104.8,251.862,0.03113,SAFE
EVT_81967,34747,98260,3.068,12.472,161.6,89.148,0.25191,SAFE
EVT_81968,41734,88404,3.112,6.494,33.1,134.383,0.73318,MEDIUM
EVT_81969,36567,81113,24.893,11.7,30.5,114.742,0.06678,SAFE
EVT_81970,37124,92924,23.302,7.502,100.8,333.085,0.07295,SAFE
EVT_81971,48935,97475,33.318,14.579,109.8,217.225,0.23874,SAFE
EVT_81972,27032,81120,6.205,9.824,8.4,409.605,0.71877,MEDIUM
EVT_81973,36313,99335,20.723,11.202,27.6,318.122,0.1019,SAFE
EVT_81974,48181,99834,18.217,11.559,137.8,294.964,0.10562,SAFE
EVT_81975,33686,88180,54.007,8.5,12.9,219.118,0.22449,SAFE
EVT_81976,40004,82309,14.522,5.677,63.3,353.432,0.11029,SAFE
EVT_81977,33826,97655,28.036,9.215,38.7,247.653,0.12675,SAFE
EVT_81978,37042,85601,5.763,9.474,106.0,297.146,0.34209,MEDIUM
EVT_81979,20069,86375,22.319,8.984,165.7,450.224,0.25567,SAFE
EVT_81980,40199,87835,2.884,8.0,179.3,394.725,0.73174,MEDIUM
EVT_81981,33702,91731,16.468,14.312,32.6,61.094,0.25829,SAFE
EVT_81982,40935,96039,11.627,12.762,159.9,37.497,0.27784,SAFE
EVT_81983,33321,83090,11.765,9.933,3.0,338.13,0.04726,SAFE
EVT_81984,48547,89244,20.127,6.153,82.2,121.617,0.1536,SAFE
EVT_81985,32713,96852,0.443,9.872,149.9,191.473,0.78832,MEDIUM
EVT_81986,48124,99110,10.993,12.8,2.5,132.456,0.0949,SAFE
EVT_81987,48302,82143,5.795,9.811,65.1,395.73,0.34519,MEDIUM
EVT_81988,35934,80022,2.19,14.567,87.0,456.021,0.36576,MEDIUM
EVT_81989,34158,96871,8.604,12.296,85.8,237.334,0.55634,MEDIUM
EVT_81990,28601,97567,5.508,7.259,52.9,346.793,0.71792,MEDIUM
EVT_81991,40162,98431,26.191,5.194,121.8,498.099,0.13518,SAFE
EVT_81992,27395,86573,70.043,12.854,2.5,495.063,0.04508,SAFE
EVT_81993,33812,91982,17.249,12.961,36.7,180.657,0.13478,SAFE
EVT_81994,27435,86489,1.178,8.137,95.4,449.582,0.91167,HIGH
EVT_81995,43276,93783,6.054,12.355,77.9,80.993,0.03853,SAFE
EVT_81996,44996,88971,2.276,8.582,48.8,181.752,0.62382,MEDIUM
EVT_81997,36616,85162,1.188,9.925,145.2,234.18,0.49064,MEDIUM
EVT_81998,20436,92428,3.866,9.691,147.0,58.642,0.12571,SAFE
EVT_81999,35258,95081,2.081,13.692,90.8,94.457,0.07448,SAFE
EVT_82000,43461,86401,6.389,14.524,40.2,455.045,0.5428,MEDIUM
EVT_82001,31843,91198,14.099,9.279,119.5,467.425,0.0655,SAFE
EVT_82002,30227,90818,1.252,8.185,158.1,329.79,0.85205,HIGH
EVT_82003,31366,89746,17.639,13.677,49.0,39.233,0.07047,SAFE
EVT_82004,32432,92049,46.683,6.776,89.7,50.666,0.19628,SAFE
EVT_82005,30422,92230,23.113,13.553,112.0,434.131,0.06227,SAFE
EVT_82006,24896,80280,3.241,7.777,53.4,325.053,0.33566,MEDIUM
EVT_82007,40387,83306,23.014,6.269,148.3,94.254,0.23327,SAFE
EVT_82008,24294,96053,15.53,8.772,68.0,405.942,0.10714,SAFE
EVT_82009,35028,97498,1.573,7.855,21.9,36.548,0.21802,SAFE
EVT_82010,48212,91436,29.02,6.625,134.6,294.14,0.1043,SAFE
EVT_82011,35829,80798,30.379,9.626,43.0,442.388,0.17951,SAFE
EVT_82012,44189,91989,18.053,11.029,166.2,492.238,0.04956,SAFE
EVT_82013,43485,99654,4.267,11.445,155.0,292.855,0.66463,MEDIUM
EVT_82014,25289,81875,6.476,12.235,17.9,58.369,0.1667,SAFE
EVT_82015,42150,86660,11.534,10.547,129.9,196.126,0.14023,SAFE
EVT_82016,25564,81821,4.244,8.212,32.0,167.193,0.75944,MEDIUM
EVT_82017,35126,81436,11.183,10.051,126.0,247.906,0.0069,SAFE
EVT_82018,29848,83552,23.892,6.953,81.5,221.068,0.12381,SAFE
EVT_82019,43494,95734,15.644,14.293,128.2,478.941,0.25665,SAFE
EVT_82020,27602,84962,45.225,10.579,0.3,262.957,0.0429,SAFE
EVT_82021,27360,81329,35.522,7.997,46.6,492.759,0.09679,SAFE
EVT_82022,45053,95400,11.405,7.401,23.6,404.465,0.23994,SAFE
EVT_82023,35665,95113,0.635,5.423,66.3,353.124,0.88346,HIGH
EVT_82024,42194,82014,33.291,8.148,133.2,281.999,0.16879,SAFE
EVT_82025,34532,90837,1.924,7.449,78.7,14.384,0.02297,SAFE
EVT_82026,21199,81925,3.284,13.316,8.1,349.25,0.58412,MEDIUM
EVT_82027,49634,84039,1.053,7.916,158.4,210.205,0.47915,MEDIUM
EVT_82028,34931,81997,1.058,6.235,42.5,352.074,0.85346,HIGH
EVT_82029,33833,93107,20.644,11.372,91.4,184.479,0.00619,SAFE
EVT_82030,39662,85591,8.554,13.765,53.5,209.894,0.78022,MEDIUM
EVT_82031,46050,89200,4.955,7.746,53.5,82.704,0.05558,SAFE
EVT_82032,43462,84509,35.755,6.48,51.2,49.29,0.06684,SAFE
EVT_82033,25226,85233,60.057,6.903,156.9,422.366,0.23124,SAFE
EVT_82034,30753,92724,3.635,8.286,151.4,31.465,0.25361,SAFE
EVT_82035,40690,96743,14.513,13.927,97.5,196.464,0.00242,SAFE
EVT_82036,20887,94042,11.995,7.959,177.3,304.988,0.22093,SAFE
EVT_82037,43383,92386,7.347,13.798,131.5,434.247,0.44249,MEDIUM
EVT_82038,40103,86331,12.624,7.691,61.3,179.508,0.08288,SAFE
EVT_82039,42362,84699,13.6,10.403,74.0,306.853,0.16688,SAFE
EVT_82040,42548,83631,4.551,9.903,2.8,287.923,0.74241,MEDIUM
EVT_82041,22831,86397,22.108,13.482,19.8,289.733,0.09751,SAFE
EVT_82042,48652,95697,2.84,5.841,26.3,249.171,0.35779,MEDIUM
EVT_82043,23208,80708,2.521,14.181,38.8,407.138,0.34437,MEDIUM
EVT_82044,25770,95696,0.65,8.215,71.3,155.659,0.76982,MEDIUM
EVT_82045,23380,83617,4.5,5.364,155.8,269.149,0.73456,MEDIUM
EVT_82046,20507,87757,20.165,5.821,41.2,172.394,0.26459,SAFE
EVT_82047,45297,94516,6.174,6.289,153.0,204.824,0.69535,MEDIUM
EVT_82048,49614,95100,33.969,10.815,163.5,315.876,0.08728,SAFE
EVT_82049,24291,94877,33.721,9.424,1.6,496.36,0.08364,SAFE
EVT_82050,20171,87342,9.579,11.415,173.4,187.213,0.41063,MEDIUM
EVT_82051,31784,90614,17.319,13.095,78.9,316.943,0.10618,SAFE
EVT_82052,25101,80601,18.984,8.368,1.5,352.889,0.24369,SAFE
EVT_82053,37623,83639,13.761,11.949,40.3,13.258,0.0732,SAFE
EVT_82054,32965,93835,44.204,11.074,47.8,256.358,0.1571,SAFE
EVT_82055,23495,99547,5.772,12.138,171.4,84.15,0.09889,SAFE
EVT_82056,36658,88879,24.927,12.054,138.4,466.317,0.20189,SAFE
EVT_82057,49515,90908,52.703,12.06,36.9,353.317,0.03693,SAFE
EVT_82058,42945,80024,15.597,5.874,42.5,298.578,0.10262,SAFE
EVT_82059,48922,97427,16.356,13.075,19.2,440.254,0.20497,SAFE
EVT_82060,36167,84325,0.413,6.878,10.1,49.183,0.21516,SAFE
EVT_82061,48017,82300,17.245,11.992,142.0,215.391,0.21994,SAFE
EVT_82062,31293,85634,12.99,10.71,156.4,267.491,0.21957,SAFE
EVT_82063,20906,96276,24.287,11.833,113.9,387.078,0.17958,SAFE
EVT_82064,29172,83726,37.394,11.13,94.5,100.766,0.092,SAFE
EVT_82065,35663,89689,10.203,6.595,69.8,281.229,0.1272,SAFE
EVT_82066,21541,98752,6.386,13.368,135.9,271.232,0.62998,MEDIUM
EVT_82067,35676,95359,11.077,10.776,90.3,480.434,0.05651,SAFE
EVT_82068,33390,86160,13.555,6.928,19.9,253.413,0.07186,SAFE
EVT_82069,38702,97539,9.056,8.024,38.6,497.67,0.44199,MEDIUM
EVT_82070,41953,86601,3.863,10.815,134.9,48.482,0.19539,SAFE
EVT_82071,38288,97039,15.858,12.036,74.5,182.039,0.12527,SAFE
EVT_82072,42086,87015,6.687,9.013,106.4,115.183,0.43078,MEDIUM
EVT_82073,33206,96201,6.721,9.627,19.6,159.379,0.69414,MEDIUM
EVT_82074,42377,94619,22.961,13.407,45.3,410.359,0.0665,SAFE
EVT_82075,48126,93601,57.229,10.883,66.6,210.368,0.28996,SAFE
EVT_82076,47927,85783,3.355,12.501,63.6,53.36,0.2813,SAFE
EVT_82077,38500,95518,11.761,7.932,67.1,211.867,0.11965,SAFE
EVT_82078,30117,98296,57.632,8.376,143.6,356.376,0.19548,SAFE
EVT_82079,49822,84603,1.253,14.113,103.4,269.448,0.75016,MEDIUM
EVT_82080,32477,99223,12.447,13.133,17.3,292.845,0.1628,SAFE
EVT_82081,29084,94261,7.469,5.842,142.7,142.715,0.73063,MEDIUM
EVT_82082,34906,89704,1.528,12.236,96.8,71.302,0.01134,SAFE
EVT_82083,35911,80005,8.531,13.343,21.5,193.095,0.53306,MEDIUM
EVT_82084,29037,99738,21.753,11.21,171.1,318.237,0.2783,SAFE
EVT_82085,29914,82917,23.568,8.228,77.4,295.01,0.21818,SAFE
EVT_82086,40265,81960,31.509,12.103,164.5,61.084,0.18774,SAFE
EVT_82087,26026,80512,22.548,7.808,8.5,282.5,0.16272,SAFE
EVT_82088,31930,89391,6.391,9.002,37.0,142.686,0.30026,MEDIUM
EVT_82089,25673,99665,4.962,10.139,171.3,24.735,0.18652,SAFE
EVT_82090,39190,97748,10.912,12.56,167.5,171.146,0.23461,SAFE
EVT_82091,45302,89966,4.81,13.943,157.4,31.031,0.07401,SAFE
EVT_82092,44869,98924,11.849,5.614,74.4,332.01,0.18084,SAFE
EVT_82093,34027,86386,11.073,12.359,1.9,95.455,0.13426,SAFE
EVT_82094,30890,88029,8.874,7.206,111.8,113.959,0.69204,MEDIUM
EVT_82095,31013,83179,0.34,8.571,146.6,284.704,0.60955,MEDIUM
EVT_82096,38418,91334,2.25,11.57,85.8,145.239,0.66009,MEDIUM
EVT_82097,32624,89471,7.263,14.386,120.5,42.813,0.24953,SAFE
EVT_82098,35075,94890,3.288,7.922,19.5,347.926,0.34258,MEDIUM
EVT_82099,42300,88858,31.705,14.854,16.4,453.15,0.09499,SAFE
EVT_82100,39138,90552,12.343,9.215,168.7,70.136,0.05299,SAFE
EVT_82101,30068,80288,9.017,13.179,74.8,35.434,0.06253,SAFE
EVT_82102,20977,82987,13.38,12.563,175.3,142.846,0.13112,SAFE
EVT_82103,41751,95180,5.202,6.289,107.1,282.808,0.35208,MEDIUM
EVT_82104,24755,98436,1.466,9.763,84.3,437.992,0.81625,HIGH
EVT_82105,24412,91306,3.279,14.245,99.3,124.777,0.72802,MEDIUM
EVT_82106,40777,95948,5.086,14.052,74.6,498.466,0.52547,MEDIUM
EVT_82107,34623,89788,5.258,6.15,89.3,209.415,0.50022,MEDIUM
EVT_82108,47219,94100,17.146,9.205,17.5,146.57,0.22769,SAFE
EVT_82109,43021,90574,0.586,10.457,78.5,254.184,0.3997,MEDIUM
EVT_82110,22773,83921,10.405,6.601,50.5,224.555,0.27314,SAFE
EVT_82111,40711,82345,3.712,13.979,97.7,153.964,0.57048,MEDIUM
EVT_82112,28536,82920,42.812,9.937,141.6,132.656,0.15985,SAFE
EVT_82113,43249,82142,8.438,5.405,122.8,104.202,0.31151,MEDIUM
EVT_82114,30022,95346,2.077,7.726,40.6,220.38,0.48559,MEDIUM
EVT_82115,37548,95309,20.235,13.443,147.6,395.905,0.09453,SAFE
EVT_82116,38191,97324,15.716,8.265,33.3,482.352,0.25638,SAFE
EVT_82117,33759,84406,0.95,12.965,137.1,103.036,0.34579,MEDIUM
EVT_82118,42053,97360,12.974,11.54,102.9,268.528,0.25143,SAFE
EVT_82119,33105,95348,0.065,5.76,49.0,291.42,0.54646,MEDIUM
EVT_82120,43413,80721,28.693,8.356,117.2,135.444,0.12964,SAFE
EVT_82121,31282,92374,1.797,14.938,175.5,201.578,0.6506,MEDIUM
EVT_82122,24248,87420,14.871,6.391,162.5,345.287,0.26135,SAFE
EVT_82123,48108,86787,4.125,9.722,65.4,412.861,0.66507,MEDIUM
EVT_82124,49259,88371,7.192,14.184,81.0,90.759,0.13448,SAFE
EVT_82125,39814,91423,39.118,12.948,29.1,482.066,0.25792,SAFE
EVT_82126,28385,96427,16.976,9.145,151.3,345.117,0.10031,SAFE
EVT_82127,30230,98228,8.198,7.653,94.6,134.066,0.37753,MEDIUM
EVT_82128,39008,93273,2.315,5.255,143.6,333.889,0.46877,MEDIUM
EVT_82129,41825,85010,31.009,9.001,178.5,268.96,0.20947,SAFE
EVT_82130,21390,99843,1.193,11.456,144.9,292.428,0.5096,MEDIUM
EVT_82131,23189,86844,4.138,12.581,112.7,352.192,0.77918,MEDIUM
EVT_82132,28002,90022,39.163,8.457,53.1,51.651,0.03738,SAFE
EVT_82133,27563,98793,13.788,8.211,122.4,24.738,0.16269,SAFE
EVT_82134,20429,84208,45.989,9.033,58.2,159.332,0.17631,SAFE
EVT_82135,33205,90893,8.55,14.651,7.0,115.839,0.44772,MEDIUM
EVT_82136,45411,96019,8.843,12.351,52.2,118.027,0.30246,MEDIUM
EVT_82137,21276,95657,0.929,11.542,138.2,470.568,0.85368,HIGH
EVT_82138,45325,92012,3.426,8.184,16.2,194.916,0.32805,MEDIUM
EVT_82139,28795,90825,2.283,14.649,173.8,330.563,0.59972,MEDIUM
EVT_82140,25628,92904,8.226,13.754,64.2,303.259,0.53743,MEDIUM
EVT_82141,31537,89032,9.909,12.557,42.5,289.557,0.6083,MEDIUM
EVT_82142,49750,90341,11.062,5.285,96.8,137.855,0.02743,SAFE
EVT_82143,46752,83538,3.953,6.786,12.8,30.312,0.04283,SAFE
EVT_82144,46396,81492,10.669,13.286,141.9,302.681,0.23542,SAFE
EVT_82145,49682,93025,27.745,13.839,158.4,303.322,0.1019,SAFE
EVT_82146,33151,82074,24.261,14.822,146.9,50.386,0.18016,SAFE
EVT_82147,27387,90627,11.382,7.722,38.1,240.559,0.10843,SAFE
EVT_82148,45389,87322,19.824,13.236,115.6,352.285,0.15405,SAFE
EVT_82149,47234,93367,8.826,10.988,164.9,433.977,0.45811,MEDIUM
EVT_82150,30117,91287,4.385,7.575,51.7,109.446,0.71755,MEDIUM
EVT_82151,44831,84135,20.575,11.892,15.1,87.57,0.10363,SAFE
EVT_82152,25256,87259,3.914,10.609,171.2,321.958,0.50217,MEDIUM
EVT_82153,37219,98594,3.699,8.716,27.3,343.126,0.41037,MEDIUM
EVT_82154,48339,84720,38.977,11.486,29.2,236.689,0.00133,SAFE
EVT_82155,48288,97353,24.06,11.018,168.8,452.618,0.21535,SAFE
EVT_82156,45213,84662,3.131,11.27,154.0,316.025,0.56529,MEDIUM
EVT_82157,36814,90861,31.17,7.789,155.1,363.673,0.04063,SAFE
EVT_82158,43168,88175,3.087,13.251,31.7,338.932,0.72605,MEDIUM
EVT_82159,27772,80138,36.534,13.058,169.5,130.372,0.04955,SAFE
EVT_82160,45503,84654,1.479,8.047,95.9,101.727,0.49058,MEDIUM
EVT_82161,26355,88280,11.324,6.514,101.3,409.614,0.19731,SAFE
EVT_82162,31451,96831,0.019,6.291,11.5,325.48,0.97187,HIGH
EVT_82163,36865,80277,20.626,10.677,149.9,163.71,0.17557,SAFE
EVT_82164,49389,81931,11.546,14.816,23.2,182.11,0.18805,SAFE
EVT_82165,47387,96063,17.033,14.586,45.9,256.096,0.11507,SAFE
EVT_82166,45305,88478,4.503,6.572,167.7,403.412,0.70749,MEDIUM
EVT_82167,41575,86041,14.723,8.438,177.1,285.71,0.02132,SAFE
EVT_82168,29943,80785,6.764,6.171,10.9,62.438,0.13707,SAFE
EVT_82169,49689,87639,25.133,13.791,138.1,297.815,0.27439,SAFE
EVT_82170,44854,95791,3.199,5.55,149.5,237.421,0.62175,MEDIUM
EVT_82171,42821,94174,12.069,12.313,4.2,130.87,0.09177,SAFE
EVT_82172,20178,83704,41.709,13.916,138.2,227.469,0.05985,SAFE
EVT_82173,36039,93498,4.489,5.457,5.3,330.239,0.38066,MEDIUM
EVT_82174,23583,80043,46.841,14.73,85.7,147.35,0.15267,SAFE
EVT_82175,38368,98517,2.441,6.967,40.7,281.956,0.50125,MEDIUM
EVT_82176,40769,96936,3.696,11.771,24.8,190.668,0.59201,MEDIUM
EVT_82177,36894,93441,0.258,14.755,0.1,406.523,0.85128,HIGH
EVT_82178,35244,92074,44.706,6.483,51.1,129.204,0.01235,SAFE
EVT_82179,23180,82777,11.683,14.628,7.1,29.66,0.20528,SAFE
EVT_82180,23141,85007,16.167,6.479,117.4,333.183,0.17454,SAFE
EVT_82181,22427,90732,23.532,7.643,143.4,66.456,0.08724,SAFE
EVT_82182,41540,96201,26.244,9.085,124.7,375.042,0.19552,SAFE
EVT_82183,24843,83924,6.145,12.973,140.4,485.752,0.44107,MEDIUM
EVT_82184,44473,86681,15.656,9.555,95.2,489.594,0.27175,SAFE
EVT_82185,25012,90147,35.859,14.938,11.6,23.711,0.03531,SAFE
EVT_82186,29152,96273,20.403,5.519,158.0,292.664,0.00979,SAFE
EVT_82187,31551,82400,5.129,7.135,110.8,175.4,0.5329,MEDIUM
EVT_82188,42319,84149,12.292,7.862,94.5,312.102,0.01745,SAFE
EVT_82189,30839,84985,13.196,13.45,85.1,355.091,0.03122,SAFE
EVT_82190,20824,96011,7.718,13.411,24.2,329.561,0.71969,MEDIUM
EVT_82191,47838,98023,7.615,5.876,134.0,135.647,0.31378,MEDIUM
EVT_82192,21367,94234,0.578,9.705,134.0,478.923,0.80317,HIGH
EVT_82193,31988,95186,15.04,5.363,179.7,417.017,0.04914,SAFE
EVT_82194,45795,97322,2.411,12.185,62.1,140.905,0.75789,MEDIUM
EVT_82195,36044,86672,0.71,12.9,176.7,275.338,0.73497,MEDIUM
EVT_82196,21974,80700,18.164,9.154,110.4,431.341,0.08915,SAFE
EVT_82197,35123,85466,1.292,8.366,52.2,317.495,0.97841,HIGH
EVT_82198,38681,86680,7.909,9.497,86.9,162.386,0.69917,MEDIUM
EVT_82199,43458,98890,6.328,12.347,156.7,488.89,0.33801,MEDIUM
EVT_82200,49730,87006,8.131,7.098,39.7,64.31,0.01788,SAFE
EVT_82201,35082,86096,36.064,6.827,46.8,128.21,0.01659,SAFE
EVT_82202,49242,92921,17.18,14.399,57.4,27.118,0.17965,SAFE
EVT_82203,45263,93184,22.0,8.842,8.3,295.171,0.16157,SAFE
EVT_82204,34830,88554,54.361,13.14,168.4,218.448,0.09858,SAFE
EVT_82205,20664,82550,15.361,12.864,58.4,61.322,0.20459,SAFE
EVT_82206,43187,80116,5.151,13.813,18.3,478.926,0.55327,MEDIUM
EVT_82207,29024,80568,4.892,6.863,116.6,221.539,0.75348,MEDIUM
EVT_82208,34981,94079,4.906,14.762,93.0,258.357,0.30282,MEDIUM
EVT_82209,30392,88778,9.303,8.424,131.9,370.696,0.49954,MEDIUM
EVT_82210,30324,86010,16.908,9.448,10.5,480.001,0.08219,SAFE
EVT_82211,47638,89478,16.467,10.611,149.3,196.629,0.28897,SAFE
EVT_82212,40140,90826,3.384,14.375,173.4,43.77,0.01272,SAFE
EVT_82213,30425,85918,18.815,11.914,106.9,462.794,0.14023,SAFE
EVT_82214,30990,96105,8.283,5.482,100.0,428.982,0.6499,MEDIUM
EVT_82215,38548,86597,2.902,9.513,9.2,496.023,0.35959,MEDIUM
EVT_82216,45795,83416,1.974,5.886,79.9,366.073,0.89574,HIGH
EVT_82217,31528,94394,6.122,8.238,111.1,228.016,0.68609,MEDIUM
EVT_82218,43107,87078,8.257,10.762,93.5,178.437,0.42148,MEDIUM
EVT_82219,24999,82423,4.982,10.429,76.5,465.554,0.52477,MEDIUM
EVT_82220,41256,85903,2.905,10.56,25.2,337.782,0.56188,MEDIUM
EVT_82221,25731,91110,5.269,10.766,178.7,10.56,0.18912,SAFE
EVT_82222,43158,95614,7.59,11.737,18.9,201.018,0.34086,MEDIUM
EVT_82223,22366,92072,0.394,13.501,63.1,63.487,0.03213,SAFE
EVT_82224,32654,94566,0.24,13.198,147.2,184.081,0.34513,MEDIUM
EVT_82225,45585,91001,18.023,5.866,177.2,241.465,0.01972,SAFE
EVT_82226,26382,80845,41.507,12.917,119.4,335.559,0.13345,SAFE
EVT_82227,25455,93009,2.501,6.69,78.5,161.063,0.39686,MEDIUM
EVT_82228,41911,86833,8.112,9.141,171.9,241.847,0.59052,MEDIUM
EVT_82229,29937,88414,20.558,7.144,3.4,52.999,0.06046,SAFE
EVT_82230,37385,92201,6.183,7.225,136.1,432.819,0.48465,MEDIUM
EVT_82231,45105,80475,1.946,14.934,58.6,421.501,0.93309,HIGH
EVT_82232,22881,90556,37.574,14.094,176.7,300.049,0.07528,SAFE
EVT_82233,43697,90668,22.624,10.331,86.5,497.449,0.2887,SAFE
EVT_82234,44151,91882,28.673,8.522,7.2,19.622,0.09845,SAFE
EVT_82235,46195,86093,9.53,11.363,64.7,52.95,0.10898,SAFE
EVT_82236,36581,96522,5.058,10.668,36.4,473.084,0.63865,MEDIUM
EVT_82237,34532,80185,17.951,5.817,117.0,496.019,0.28062,SAFE
EVT_82238,47169,94886,9.906,10.414,155.6,115.457,0.34803,MEDIUM
EVT_82239,40984,91930,14.92,14.405,53.7,477.101,0.01463,SAFE
EVT_82240,46722,88823,10.099,6.891,95.9,295.361,0.15116,SAFE
EVT_82241,24431,88615,20.289,11.955,78.2,31.839,0.09382,SAFE
EVT_82242,38187,84718,58.912,12.287,51.8,435.425,0.26077,SAFE
EVT_82243,35284,95226,5.368,10.176,149.9,387.025,0.60303,MEDIUM
EVT_82244,28562,91416,5.91,9.134,146.3,150.353,0.76977,MEDIUM
EVT_82245,39082,84353,1.678,8.564,69.3,450.444,0.8492,HIGH
EVT_82246,30837,82751,11.938,12.826,127.8,50.388,0.2399,SAFE
EVT_82247,42837,89668,15.22,12.469,36.0,474.389,0.10563,SAFE
EVT_82248,38211,92447,4.415,6.177,56.9,51.966,0.28035,SAFE
EVT_82249,28600,85087,9.783,13.746,151.9,250.676,0.46811,MEDIUM
EVT_82250,41594,90037,23.69,6.271,117.7,479.879,0.11108,SAFE
EVT_82251,21357,89239,8.771,11.962,39.5,92.641,0.27879,SAFE
EVT_82252,29607,85915,45.49,13.991,145.5,291.879,0.26752,SAFE
EVT_82253,32539,84773,16.664,11.159,45.1,352.734,0.13459,SAFE
EVT_82254,30209,88066,1.092,14.01,59.9,416.58,0.96844,HIGH
EVT_82255,24555,82854,2.1,9.832,156.2,161.837,0.7378,MEDIUM
EVT_82256,20052,98209,22.722,9.682,127.8,217.104,0.24816,SAFE
EVT_82257,43920,99325,13.443,13.633,85.9,345.356,0.10652,SAFE
EVT_82258,21871,93278,9.419,6.848,108.9,382.817,0.53448,MEDIUM
EVT_82259,28237,91680,1.108,9.952,51.7,60.402,0.17366,SAFE
EVT_82260,21166,90277,3.383,13.577,102.0,180.808,0.51778,MEDIUM
EVT_82261,45099,95612,0.568,10.42,18.6,460.427,0.82481,HIGH
EVT_82262,23545,97733,6.341,7.973,168.8,244.993,0.54876,MEDIUM
EVT_82263,39702,93365,18.97,10.4,130.7,415.442,0.1794,SAFE
EVT_82264,37894,92926,2.98,7.63,123.7,425.986,0.45531,MEDIUM
EVT_82265,49345,81439,2.695,11.267,44.3,276.898,0.34036,MEDIUM
EVT_82266,45213,87418,13.903,5.234,151.9,479.251,0.18226,SAFE
EVT_82267,30728,96971,5.308,8.299,114.8,330.318,0.50587,MEDIUM
EVT_82268,31928,88209,21.241,13.313,44.6,195.689,0.08579,SAFE
EVT_82269,37797,93059,6.566,8.322,88.8,297.585,0.67187,MEDIUM
EVT_82270,20045,81577,8.667,7.712,149.9,34.117,0.03545,SAFE
EVT_82271,45137,84613,28.103,5.858,115.5,410.235,0.11875,SAFE
EVT_82272,37293,94184,4.435,9.296,131.4,117.322,0.56244,MEDIUM
EVT_82273,24176,92694,24.105,8.847,50.5,335.774,0.09714,SAFE
EVT_82274,35653,80367,26.187,14.695,20.9,250.549,0.20506,SAFE
EVT_82275,29663,96372,5.2,11.451,166.6,195.792,0.3021,MEDIUM
EVT_82276,24825,91598,22.132,7.033,126.2,53.994,0.28606,SAFE
EVT_82277,20840,95678,9.236,10.506,172.0,50.303,0.09213,SAFE
EVT_82278,26066,99093,1.614,6.02,52.7,336.364,0.96935,HIGH
EVT_82279,49571,96749,11.945,9.634,86.7,423.068,0.05991,SAFE
EVT_82280,30051,96803,11.739,5.467,59.0,164.439,0.17487,SAFE
EVT_82281,32801,90851,3.455,13.61,175.1,88.464,0.15874,SAFE
EVT_82282,37289,91446,6.598,6.825,142.6,165.902,0.44604,MEDIUM
EVT_82283,30971,85264,0.878,10.732,43.6,400.773,0.97301,HIGH
EVT_82284,28155,90931,3.083,6.472,109.6,67.076,0.28855,SAFE
EVT_82285,23534,86413,6.388,11.169,109.5,456.663,0.31874,MEDIUM
EVT_82286,22838,81150,9.355,12.124,56.5,263.972,0.42154,MEDIUM
EVT_82287,27033,98519,4.925,11.307,57.0,414.547,0.76081,MEDIUM
EVT_82288,43234,93421,4.787,12.686,178.7,58.344,0.27834,SAFE
EVT_82289,41623,80041,0.659,6.427,75.6,274.58,0.60073,MEDIUM
EVT_82290,29734,82333,6.854,13.064,65.7,399.89,0.66945,MEDIUM
EVT_82291,44540,81275,16.319,13.453,83.6,220.856,0.18778,SAFE
EVT_82292,21873,81813,25.414,10.699,75.5,146.358,0.28954,SAFE
EVT_82293,49352,87209,4.484,11.057,61.0,143.387,0.41007,MEDIUM
EVT_82294,21498,86587,12.214,13.444,96.2,172.266,0.09189,SAFE
EVT_82295,44063,80694,13.916,11.323,34.0,474.313,0.10414,SAFE
EVT_82296,30535,89637,42.632,11.299,7.0,17.898,0.15772,SAFE
EVT_82297,22367,80770,10.353,6.833,33.1,18.613,0.13745,SAFE
EVT_82298,20037,93721,1.402,10.405,123.3,405.452,0.96031,HIGH
EVT_82299,38289,81971,26.711,14.653,45.5,102.689,0.16552,SAFE
EVT_82300,39756,91658,15.139,14.421,22.2,336.957,0.04038,SAFE
EVT_82301,23360,89797,2.87,11.113,69.1,410.552,0.7101,MEDIUM
EVT_82302,32059,83366,33.348,7.758,131.5,454.093,0.23301,SAFE
EVT_82303,31962,89540,34.284,10.77,159.8,179.753,0.11169,SAFE
EVT_82304,27962,80330,38.792,6.765,132.8,255.49,0.02183,SAFE
EVT_82305,36274,90007,3.059,7.943,87.4,38.396,0.06209,SAFE
EVT_82306,20605,97106,0.989,7.505,146.8,285.329,0.30619,MEDIUM
EVT_82307,40317,83245,45.244,6.597,44.3,373.792,0.0537,SAFE
EVT_82308,23262,80858,20.304,7.821,87.9,218.952,0.09871,SAFE
EVT_82309,36984,88669,12.674,11.878,118.7,343.971,0.08158,SAFE
EVT_82310,38457,97028,11.961,13.901,143.3,87.998,0.1741,SAFE
EVT_82311,24097,94297,10.753,14.243,149.8,482.104,0.26826,SAFE
EVT_82312,31210,80970,11.955,11.828,25.5,204.144,0.25304,SAFE
EVT_82313,36083,82959,45.527,10.599,33.5,403.09,0.27665,SAFE
EVT_82314,30097,91423,13.264,12.839,79.8,458.133,0.03697,SAFE
EVT_82315,39334,83106,9.772,11.912,143.6,61.653,0.12581,SAFE
EVT_82316,36937,96674,11.188,8.858,144.9,357.979,0.01932,SAFE
EVT_82317,49982,97538,13.271,6.905,121.7,169.573,0.03015,SAFE
EVT_82318,36464,98669,0.881,13.05,43.6,87.496,0.09332,SAFE
EVT_82319,49087,80264,8.1,11.823,95.6,58.683,0.28463,SAFE
EVT_82320,32370,99588,54.963,8.363,145.6,122.012,0.00441,SAFE
EVT_82321,35570,86024,26.291,14.456,155.6,362.754,0.23832,SAFE
EVT_82322,46462,83644,1.978,9.685,70.0,331.277,0.81586,HIGH
EVT_82323,23242,88249,19.271,7.263,114.8,381.66,0.18715,SAFE
EVT_82324,30774,84919,12.519,10.065,123.7,493.342,0.28281,SAFE
EVT_82325,28196,85598,46.617,7.829,169.8,76.017,0.24269,SAFE
EVT_82326,48351,89211,8.975,7.534,63.9,256.788,0.77284,MEDIUM
EVT_82327,30272,97368,1.263,11.945,179.9,486.548,0.84477,HIGH
EVT_82328,44288,95805,0.251,14.662,115.7,397.171,0.85179,HIGH
EVT_82329,43134,94467,77.318,11.88,147.4,52.119,0.12055,SAFE
EVT_82330,45261,89406,11.15,12.121,116.9,61.45,0.18859,SAFE
EVT_82331,44446,82997,19.312,6.109,38.7,84.357,0.01559,SAFE
EVT_82332,25164,90521,2.561,8.768,27.8,319.419,0.34997,MEDIUM
EVT_82333,31369,90618,2.673,12.678,11.3,82.168,0.22628,SAFE
EVT_82334,23357,92725,0.25,9.486,124.8,294.14,0.34294,MEDIUM
EVT_82335,49303,97440,0.574,12.339,69.3,369.003,0.91636,HIGH
EVT_82336,36347,91083,19.013,13.638,16.9,357.156,0.28066,SAFE
EVT_82337,31783,82235,24.884,10.916,3.4,460.938,0.25616,SAFE
EVT_82338,31587,98517,1.933,9.554,86.1,256.86,0.66465,MEDIUM
EVT_82339,34119,96127,101.155,8.414,146.7,111.352,0.11293,SAFE
EVT_82340,30824,97791,2.574,7.016,88.9,113.484,0.62549,MEDIUM
EVT_82341,29152,95977,18.889,5.084,45.7,445.974,0.08483,SAFE
EVT_82342,30512,83398,25.915,8.604,101.4,376.427,0.09858,SAFE
EVT_82343,36700,95609,1.785,8.322,52.4,269.894,0.30703,MEDIUM
EVT_82344,34904,93231,16.903,10.279,129.6,125.667,0.0114,SAFE
EVT_82345,35265,86945,13.993,7.035,161.5,499.648,0.0143,SAFE
EVT_82346,42023,91220,3.892,14.546,118.7,475.27,0.69786,MEDIUM
EVT_82347,45793,99965,24.21,8.386,163.2,155.619,0.02717,SAFE
EVT_82348,29871,92952,27.19,8.174,118.2,204.976,0.19728,SAFE
EVT_82349,20591,82082,8.215,6.866,32.9,198.208,0.41427,MEDIUM
EVT_82350,43562,81618,3.898,11.078,89.9,426.259,0.69533,MEDIUM
EVT_82351,33274,84374,21.149,12.54,0.6,219.002,0.23168,SAFE
EVT_82352,21200,87576,2.427,5.54,106.8,133.828,0.74743,MEDIUM
EVT_82353,20152,96220,6.225,14.607,24.7,32.407,0.18851,SAFE
EVT_82354,20139,97326,18.45,11.569,142.7,179.678,0.18368,SAFE
EVT_82355,48933,88969,6.267,11.735,46.1,155.473,0.64907,MEDIUM
EVT_82356,42401,81076,4.747,6.704,155.5,53.42,0.07489,SAFE
EVT_82357,37039,90595,4.8,11.712,116.4,100.732,0.51652,MEDIUM
EVT_82358,31712,98069,49.983,7.633,85.8,362.665,0.25926,SAFE
EVT_82359,48381,99240,4.227,10.347,6.8,281.723,0.61946,MEDIUM
EVT_82360,32975,85389,9.301,11.184,129.4,494.332,0.72545,MEDIUM
EVT_82361,37267,84604,36.269,12.109,73.2,230.457,0.15368,SAFE
EVT_82362,48760,99364,32.651,12.872,83.9,97.448,0.08481,SAFE
EVT_82363,27679,94259,26.53,13.281,73.4,419.845,0.13207,SAFE
EVT_82364,27868,85660,3.61,6.735,151.4,26.826,0.13038,SAFE
EVT_82365,32711,94447,22.319,14.26,58.6,206.944,0.21039,SAFE
EVT_82366,36951,85589,7.118,12.836,105.3,352.741,0.3518,MEDIUM
EVT_82367,43006,87179,11.549,8.569,1.6,191.25,0.23801,SAFE
EVT_82368,22698,87690,27.522,5.053,62.3,377.582,0.12759,SAFE
EVT_82369,43447,82241,9.011,6.223,83.3,219.557,0.62119,MEDIUM
EVT_82370,43015,83803,11.821,10.556,64.8,66.856,0.07982,SAFE
EVT_82371,49158,82519,6.222,10.312,46.4,242.655,0.65764,MEDIUM
EVT_82372,33189,98105,0.778,12.53,26.5,322.573,0.97158,HIGH
EVT_82373,44028,99376,1.8,8.422,54.9,51.788,0.26066,SAFE
EVT_82374,47738,84440,33.832,8.002,92.8,108.181,0.15913,SAFE
EVT_82375,33213,90014,27.738,6.768,42.5,442.933,0.07808,SAFE
EVT_82376,37894,83352,30.404,8.429,167.7,475.18,0.26508,SAFE
EVT_82377,47102,80230,17.329,8.499,83.3,189.744,0.1172,SAFE
EVT_82378,39908,86516,33.268,13.936,144.7,482.069,0.23825,SAFE
EVT_82379,26564,82077,5.159,10.509,177.8,335.383,0.73733,MEDIUM
EVT_82380,20184,93717,3.956,9.87,151.9,336.44,0.51474,MEDIUM
EVT_82381,22800,88818,15.359,6.431,130.5,385.058,0.19097,SAFE
EVT_82382,48432,95179,1.692,10.969,84.0,113.226,0.49898,MEDIUM
EVT_82383,44343,89130,32.12,10.682,113.8,179.246,0.12749,SAFE
EVT_82384,33509,90523,29.045,9.77,0.2,255.728,0.08969,SAFE
EVT_82385,47165,96157,3.375,11.503,43.6,463.215,0.48133,MEDIUM
EVT_82386,45787,88654,29.96,8.629,143.3,75.614,0.08099,SAFE
EVT_82387,40105,91640,8.914,11.64,179.7,169.161,0.44701,MEDIUM
EVT_82388,22522,92520,3.198,7.447,174.3,472.88,0.68412,MEDIUM
EVT_82389,38964,97210,10.616,14.445,7.0,326.23,0.19405,SAFE
EVT_82390,33895,86509,2.252,9.925,5.5,149.533,0.73169,MEDIUM
EVT_82391,46862,97302,11.631,7.765,106.7,13.84,0.18007,SAFE
EVT_82392,44221,81969,34.705,13.758,18.5,280.755,0.04527,SAFE
EVT_82393,21174,87374,5.997,14.708,154.8,332.975,0.41069,MEDIUM
EVT_82394,40512,90121,1.933,8.29,113.8,233.952,0.35391,MEDIUM
EVT_82395,43121,92549,25.837,5.57,120.1,488.225,0.12071,SAFE
EVT_82396,30940,91290,0.95,7.059,31.0,359.647,0.94869,HIGH
EVT_82397,28629,99086,1.623,8.952,23.4,430.317,0.89982,HIGH
EVT_82398,43432,80992,14.76,11.698,86.9,100.763,0.12804,SAFE
EVT_82399,33715,99043,2.145,7.424,156.6,119.452,0.56024,MEDIUM
EVT_82400,37586,85734,1.771,12.44,10.8,293.033,0.69963,MEDIUM
EVT_82401,25377,89953,2.422,10.935,78.3,242.084,0.49794,MEDIUM
EVT_82402,27298,81428,17.329,7.597,8.4,349.921,0.12097,SAFE
EVT_82403,21931,84016,0.075,12.979,98.5,74.411,0.19465,SAFE
EVT_82404,21051,80043,17.96,12.727,165.0,128.586,0.18071,SAFE
EVT_82405,32790,85953,4.056,9.336,102.0,185.804,0.40371,MEDIUM
EVT_82406,20354,96530,17.659,10.467,140.3,364.037,0.00979,SAFE
EVT_82407,28826,86780,25.225,13.214,64.4,225.649,0.06563,SAFE
EVT_82408,46581,96204,6.772,9.958,170.8,228.884,0.30816,MEDIUM
EVT_82409,28938,83048,8.895,5.492,35.8,488.233,0.70841,MEDIUM
EVT_82410,22959,94056,11.066,5.221,177.2,445.633,0.25966,SAFE
EVT_82411,33626,84315,3.713,8.457,113.5,311.761,0.6923,MEDIUM
EVT_82412,29090,87568,38.472,8.547,133.3,253.232,0.19952,SAFE
EVT_82413,35140,94327,4.483,8.249,108.2,410.661,0.72839,MEDIUM
EVT_82414,28344,86988,37.389,7.855,162.5,155.413,0.16388,SAFE
EVT_82415,27146,95427,4.792,5.629,20.4,50.082,0.16474,SAFE
EVT_82416,32084,82333,16.315,14.074,68.3,484.855,0.28648,SAFE
EVT_82417,34142,88928,3.651,8.555,19.3,444.759,0.6733,MEDIUM
EVT_82418,43735,85362,1.627,14.241,46.4,344.483,0.83429,HIGH
EVT_82419,43660,94991,27.602,9.317,114.9,124.011,0.25082,SAFE
EVT_82420,48303,84442,10.383,8.727,168.9,62.613,0.12865,SAFE
EVT_82421,26712,98210,18.621,12.735,159.3,182.944,0.0198,SAFE
EVT_82422,27713,91166,0.595,14.612,55.2,164.659,0.52567,MEDIUM
EVT_82423,39909,91287,6.615,12.357,81.4,497.049,0.60042,MEDIUM
EVT_82424,28487,88992,5.482,8.562,118.6,390.495,0.48949,MEDIUM
EVT_82425,29373,90851,0.449,14.483,165.8,348.596,0.87617,HIGH
EVT_82426,47719,98117,1.917,10.409,1.7,263.946,0.76799,MEDIUM
EVT_82427,48981,87459,56.133,7.487,82.1,187.565,0.20723,SAFE
EVT_82428,39546,95663,2.576,13.902,166.1,86.369,0.16071,SAFE
EVT_82429,29953,82000,14.842,6.437,69.9,339.02,0.28213,SAFE
EVT_82430,48116,97092,6.096,14.218,166.9,472.419,0.57665,MEDIUM
EVT_82431,23888,98615,11.465,5.747,35.6,431.778,0.11837,SAFE
EVT_82432,35248,99297,45.981,7.473,94.1,354.489,0.1118,SAFE
EVT_82433,22502,97554,14.047,14.058,23.0,270.16,0.2051,SAFE
EVT_82434,33420,95431,32.775,5.852,1.2,308.178,0.04044,SAFE
EVT_82435,46755,81279,48.76,12.986,154.1,164.738,0.03392,SAFE
EVT_82436,44252,89154,17.338,9.667,165.4,483.436,0.22904,SAFE
EVT_82437,40089,99376,0.04,12.858,104.6,311.856,0.8426,HIGH
EVT_82438,20854,90384,11.59,7.536,30.1,118.263,0.14391,SAFE
EVT_82439,28361,81440,8.845,14.887,52.6,59.598,0.22911,SAFE
EVT_82440,36105,84034,10.619,8.436,90.2,161.804,0.00179,SAFE
EVT_82441,30967,92938,37.709,14.381,178.4,405.924,0.18635,SAFE
EVT_82442,39983,91646,6.943,14.95,113.5,343.182,0.54862,MEDIUM
EVT_82443,28183,93174,23.601,6.029,150.0,25.026,0.19462,SAFE
EVT_82444,26604,99827,7.108,13.69,104.0,317.313,0.59603,MEDIUM
EVT_82445,25012,95039,2.034,8.074,137.8,307.047,0.52388,MEDIUM
EVT_82446,39570,84236,5.229,12.366,126.4,56.861,0.16936,SAFE
EVT_82447,31623,86822,22.568,6.422,25.3,66.591,0.03197,SAFE
EVT_82448,48798,99450,6.947,5.67,37.5,322.48,0.55474,MEDIUM
EVT_82449,41235,81096,5.719,12.779,48.0,228.593,0.76635,MEDIUM
EVT_82450,38021,80173,6.47,7.873,98.4,69.554,0.25063,SAFE
EVT_82451,23425,94935,19.065,8.079,55.7,319.553,0.18651,SAFE
EVT_82452,28845,85562,12.891,7.04,86.3,294.104,0.09779,SAFE
EVT_82453,36148,97047,24.553,13.299,11.7,468.737,0.16287,SAFE
EVT_82454,21707,83942,18.506,5.451,34.6,412.274,0.0237,SAFE
EVT_82455,27228,93602,11.93,14.583,90.5,139.019,0.11266,SAFE
EVT_82456,23385,81609,16.035,7.074,161.7,50.636,0.20981,SAFE
EVT_82457,22375,90454,11.606,14.874,0.6,225.602,0.06282,SAFE
EVT_82458,29505,91264,43.563,11.052,8.9,85.654,0.23434,SAFE
EVT_82459,39311,84740,9.168,14.887,43.9,489.133,0.57299,MEDIUM
EVT_82460,48631,81006,62.003,6.013,141.1,225.299,0.21034,SAFE
EVT_82461,28263,91023,15.226,10.306,108.9,461.223,0.2296,SAFE
EVT_82462,30609,84877,3.585,13.119,152.3,170.957,0.6401,MEDIUM
EVT_82463,32498,99588,25.537,12.527,89.8,93.495,0.24512,SAFE
EVT_82464,31758,84252,12.677,7.745,45.5,366.879,0.22928,SAFE
EVT_82465,23954,96553,1.56,13.081,100.7,72.672,0.0971,SAFE
EVT_82466,40123,88605,0.952,12.135,148.4,449.651,0.84323,HIGH
EVT_82467,48151,98341,7.425,11.649,42.5,57.299,0.14016,SAFE
EVT_82468,42210,92789,1.39,8.568,175.8,474.701,0.85291,HIGH
EVT_82469,48523,83633,0.832,8.447,8.7,11.554,0.17865,SAFE
EVT_82470,34837,82945,34.3,11.593,96.2,456.372,0.05165,SAFE
EVT_82471,39093,94147,0.896,11.61,134.0,315.688,0.83596,HIGH
EVT_82472,37271,86947,24.965,11.073,111.0,33.644,0.09639,SAFE
EVT_82473,34054,94481,1.541,13.464,117.0,303.724,0.81429,HIGH
EVT_82474,26442,86009,41.429,7.03,89.4,354.939,0.04823,SAFE
EVT_82475,43986,85332,40.651,6.796,151.8,400.707,0.0823,SAFE
EVT_82476,38658,96074,19.844,13.8,27.5,78.812,0.13141,SAFE
EVT_82477,25813,96267,29.003,8.815,27.6,235.535,0.00051,SAFE
EVT_82478,37356,90575,6.899,6.837,75.1,476.464,0.4226,MEDIUM
EVT_82479,27282,83869,2.049,5.585,116.9,48.029,0.24058,SAFE
EVT_82480,43328,82246,54.328,10.596,19.1,91.27,0.13649,SAFE
EVT_82481,25949,92507,6.909,14.272,175.8,50.562,0.04669,SAFE
EVT_82482,42466,83200,15.982,8.374,11.5,342.286,0.25858,SAFE
EVT_82483,46125,89454,1.686,14.945,23.4,455.55,0.9808,HIGH
EVT_82484,26898,88098,22.251,10.028,134.4,186.123,0.20729,SAFE
EVT_82485,35575,91676,17.774,8.824,64.4,220.852,0.26048,SAFE
EVT_82486,23954,91884,1.695,7.552,101.0,246.154,0.50554,MEDIUM
EVT_82487,27432,88520,0.864,6.083,33.4,24.484,0.07023,SAFE
EVT_82488,27426,85868,80.241,7.059,163.6,86.704,0.11892,SAFE
EVT_82489,35878,94048,2.989,9.073,49.1,72.89,0.27066,SAFE
EVT_82490,27814,95843,1.555,10.414,167.6,419.802,0.88033,HIGH
EVT_82491,25747,88281,2.818,14.162,17.1,385.716,0.58506,MEDIUM
EVT_82492,46758,80119,1.644,13.057,124.1,333.612,0.82634,HIGH
EVT_82493,25043,86252,110.243,13.473,154.9,318.446,0.15808,SAFE
EVT_82494,22418,85961,11.64,5.598,86.8,244.894,0.0694,SAFE
EVT_82495,39447,89070,3.638,9.088,0.2,254.704,0.47263,MEDIUM
EVT_82496,38229,95936,6.252,11.165,43.0,318.314,0.67911,MEDIUM
EVT_82497,44464,87846,21.548,8.153,65.1,192.349,0.15793,SAFE
EVT_82498,37637,89877,56.097,5.286,16.6,156.829,0.05096,SAFE
EVT_82499,39190,82370,50.352,5.323,14.7,180.812,0.25698,SAFE
EVT_82500,29777,81046,4.181,5.625,90.4,203.686,0.55449,MEDIUM
EVT_82501,39305,92622,6.121,10.171,20.9,166.626,0.47746,MEDIUM
EVT_82502,38975,87079,1.261,6.305,176.2,201.396,0.57009,MEDIUM
EVT_82503,29369,81151,0.103,9.766,102.5,106.371,0.45803,MEDIUM
EVT_82504,46301,96022,6.169,13.619,148.5,393.763,0.30753,MEDIUM
EVT_82505,42812,82522,54.675,7.326,160.7,153.068,0.16485,SAFE
EVT_82506,33336,80874,7.312,9.636,45.2,465.953,0.77322,MEDIUM
EVT_82507,46843,86119,0.085,12.554,133.7,496.137,0.96471,HIGH
EVT_82508,42037,92928,15.019,8.683,30.5,421.663,0.26524,SAFE
EVT_82509,46768,82013,1.349,9.287,92.1,197.214,0.63204,MEDIUM
EVT_82510,35067,82358,30.418,5.359,75.5,464.84,0.1076,SAFE
EVT_82511,25614,83956,7.424,6.85,36.8,60.49,0.12669,SAFE
EVT_82512,29280,95759,12.816,7.202,46.7,175.061,0.1914,SAFE
EVT_82513,44513,89383,17.782,9.202,67.2,429.276,0.13779,SAFE
EVT_82514,28597,87002,10.565,8.554,76.1,91.505,0.08931,SAFE
EVT_82515,49226,87007,12.689,14.481,134.3,393.522,0.03412,SAFE
EVT_82516,35538,88258,24.303,12.758,54.0,80.908,0.12622,SAFE
EVT_82517,30626,97258,12.517,14.498,174.3,189.056,0.05037,SAFE
EVT_82518,41025,88276,8.7,8.849,60.0,331.581,0.67705,MEDIUM
EVT_82519,44731,85108,40.298,14.733,1.6,131.163,0.26372,SAFE
EVT_82520,39652,83595,0.213,12.186,109.0,75.716,0.02678,SAFE
EVT_82521,48004,81349,5.937,12.398,33.6,143.884,0.45321,MEDIUM
EVT_82522,33839,83304,15.736,12.56,130.1,488.457,0.14458,SAFE
EVT_82523,47645,83202,28.776,14.294,133.6,63.922,0.13236,SAFE
EVT_82524,46965,90453,20.429,12.379,127.8,112.172,0.14537,SAFE
EVT_82525,37322,99620,32.018,6.031,96.5,499.876,0.22617,SAFE
EVT_82526,42385,88102,9.929,9.494,118.2,142.863,0.72349,MEDIUM
EVT_82527,28062,83205,4.775,12.38,10.5,341.411,0.44884,MEDIUM
EVT_82528,25483,97842,0.832,9.69,112.6,75.82,0.00272,SAFE
EVT_82529,42840,98072,15.587,9.938,116.8,265.438,0.06107,SAFE
EVT_82530,39113,89102,0.422,8.632,2.1,95.884,0.22379,SAFE
EVT_82531,48526,88570,35.922,9.516,111.6,360.281,0.04427,SAFE
EVT_82532,24773,91467,72.166,8.695,147.2,497.57,0.24152,SAFE
EVT_82533,48784,99159,15.472,8.785,136.3,88.079,0.10806,SAFE
EVT_82534,21345,91613,32.746,14.703,30.6,373.823,0.01818,SAFE
EVT_82535,35249,99038,6.747,6.386,63.9,190.91,0.57293,MEDIUM
EVT_82536,48918,91455,1.052,7.774,6.8,136.023,0.45728,MEDIUM
EVT_82537,28765,87036,27.937,10.823,43.0,268.049,0.07204,SAFE
EVT_82538,38804,86594,1.421,8.679,43.0,270.226,0.57743,MEDIUM
EVT_82539,38125,82537,31.036,11.114,61.8,171.144,0.21405,SAFE
EVT_82540,42405,81732,4.221,12.455,11.8,118.944,0.32636,MEDIUM
EVT_82541,22166,89103,3.567,8.149,21.2,134.095,0.32959,MEDIUM
EVT_82542,33190,91929,33.342,9.708,178.5,272.568,0.11685,SAFE
EVT_82543,46128,95070,18.964,7.133,137.2,345.943,0.27934,SAFE
EVT_82544,44664,82377,14.033,8.806,106.8,408.264,0.04166,SAFE
EVT_82545,34463,94962,33.188,11.907,52.6,450.817,0.08705,SAFE
EVT_82546,40143,89426,1.823,11.234,79.2,416.603,0.97461,HIGH
EVT_82547,39278,82099,11.057,5.208,36.7,412.604,0.26475,SAFE
EVT_82548,35535,83758,4.809,8.58,155.5,265.572,0.67253,MEDIUM
EVT_82549,24812,88672,6.956,14.453,70.7,377.939,0.41458,MEDIUM
EVT_82550,45140,91826,11.302,6.26,165.4,261.6,0.16403,SAFE
EVT_82551,24899,85664,27.622,10.894,155.3,456.391,0.26073,SAFE
EVT_82552,49434,92404,36.958,13.39,149.6,122.48,0.23573,SAFE
EVT_82553,40515,82466,4.033,14.178,65.8,448.438,0.62286,MEDIUM
EVT_82554,24308,94181,4.495,8.665,177.8,319.196,0.35807,MEDIUM
EVT_82555,48915,92065,17.244,8.455,24.5,90.362,0.24946,SAFE
EVT_82556,34280,93422,7.66,8.648,131.7,456.569,0.66287,MEDIUM
EVT_82557,33656,87314,9.009,6.22,40.8,210.05,0.52996,MEDIUM
EVT_82558,38003,89516,12.047,11.094,33.0,334.309,0.09911,SAFE
EVT_82559,29823,93705,24.732,8.475,141.7,429.311,0.21577,SAFE
EVT_82560,34084,89542,20.343,8.098,175.3,114.659,0.19568,SAFE
EVT_82561,32605,84278,12.802,6.782,104.4,411.148,0.25733,SAFE
EVT_82562,27980,90109,14.245,13.597,23.3,159.056,0.19042,SAFE
EVT_82563,24968,80617,0.688,13.629,109.8,263.983,0.61831,MEDIUM
EVT_82564,44366,98731,7.659,12.03,131.6,332.419,0.36884,MEDIUM
EVT_82565,29483,92028,0.749,7.779,158.7,432.487,0.85398,HIGH
EVT_82566,37588,85052,30.171,7.165,97.3,262.075,0.03743,SAFE
EVT_82567,44692,89233,6.632,7.135,21.4,335.771,0.58851,MEDIUM
EVT_82568,38830,90591,14.698,12.151,41.3,134.752,0.22215,SAFE
EVT_82569,31213,95541,23.368,10.367,30.9,444.932,0.23594,SAFE
EVT_82570,23073,84323,7.609,12.082,9.4,316.861,0.64838,MEDIUM
EVT_82571,30375,96193,0.359,6.679,62.2,332.318,0.96878,HIGH
EVT_82572,35637,82120,15.634,7.473,98.8,90.212,0.14198,SAFE
EVT_82573,36387,90737,7.516,9.838,156.2,91.48,0.23182,SAFE
EVT_82574,40799,96898,1.195,14.23,80.6,414.052,0.88344,HIGH
EVT_82575,49356,91154,15.645,12.647,133.7,369.244,0.23441,SAFE
EVT_82576,41341,86376,10.883,11.7,97.7,249.343,0.25555,SAFE
EVT_82577,41519,81471,4.653,6.588,148.0,232.523,0.71954,MEDIUM
EVT_82578,46787,84564,11.77,8.14,97.2,348.449,0.09094,SAFE
EVT_82579,26360,81024,10.936,8.899,40.9,99.373,0.19748,SAFE
EVT_82580,37197,81766,17.601,5.817,167.8,53.823,0.17771,SAFE
EVT_82581,44355,81326,5.403,11.27,125.7,315.404,0.61681,MEDIUM
EVT_82582,38699,84676,7.188,5.414,115.9,437.769,0.63345,MEDIUM
EVT_82583,28249,81843,37.149,8.382,18.0,143.685,0.28117,SAFE
EVT_82584,42450,89019,2.331,14.755,55.8,301.743,0.66832,MEDIUM
EVT_82585,35373,91523,11.025,11.042,30.3,200.029,0.1152,SAFE
EVT_82586,48117,81081,18.915,14.606,129.8,445.763,0.18882,SAFE
EVT_82587,27689,92096,15.363,6.083,135.6,334.612,0.26686,SAFE
EVT_82588,36262,89692,2.705,8.319,93.3,326.095,0.47519,MEDIUM
EVT_82589,43629,82909,31.632,11.519,102.3,180.708,0.22538,SAFE
EVT_82590,26873,94231,5.439,11.552,79.7,321.277,0.75339,MEDIUM
EVT_82591,30398,82074,2.101,10.214,9.9,64.561,0.18352,SAFE
EVT_82592,29323,80308,16.955,9.917,158.4,185.692,0.25662,SAFE
EVT_82593,39261,91252,15.635,9.449,158.1,126.8,0.20454,SAFE
EVT_82594,39027,94722,6.422,12.967,107.6,356.306,0.38883,MEDIUM
EVT_82595,26455,80735,32.307,8.446,97.7,183.434,0.25481,SAFE
EVT_82596,31293,98662,4.314,8.701,86.7,13.285,0.14197,SAFE
EVT_82597,32467,99012,1.46,12.297,121.8,285.24,0.41491,MEDIUM
EVT_82598,28579,86572,7.804,8.391,105.0,416.409,0.58629,MEDIUM
EVT_82599,43969,99003,0.677,12.453,131.0,444.168,0.87022,HIGH
EVT_82600,33120,95041,0.901,6.591,93.7,491.738,0.88784,HIGH
EVT_82601,30933,92040,0.748,13.269,106.5,361.493,0.85159,HIGH
EVT_82602,27807,95541,3.373,7.818,119.7,468.681,0.45547,MEDIUM
EVT_82603,36780,94904,29.785,9.798,155.9,69.713,0.27226,SAFE
EVT_82604,22110,91149,8.198,13.325,118.3,260.899,0.6611,MEDIUM
EVT_82605,29783,85536,4.323,14.264,92.6,101.952,0.45567,MEDIUM
EVT_82606,39304,98539,6.965,9.111,174.9,334.437,0.62391,MEDIUM
EVT_82607,44175,85468,6.03,7.347,115.3,378.692,0.65717,MEDIUM
EVT_82608,34594,88007,2.668,12.772,73.2,168.6,0.40245,MEDIUM
EVT_82609,26819,85871,31.536,12.544,152.1,160.916,0.24937,SAFE
EVT_82610,22050,90416,5.078,7.107,40.1,335.376,0.64234,MEDIUM
EVT_82611,47457,99992,5.59,9.239,17.6,110.956,0.66765,MEDIUM
EVT_82612,32415,95162,4.556,5.607,111.3,453.161,0.33421,MEDIUM
EVT_82613,41297,97910,23.259,11.954,69.2,315.497,0.25362,SAFE
EVT_82614,36824,91201,13.514,14.23,2.0,387.597,0.12746,SAFE
EVT_82615,38509,99352,5.553,9.391,51.6,322.611,0.50073,MEDIUM
EVT_82616,43233,88468,3.201,14.929,22.8,341.883,0.64945,MEDIUM
EVT_82617,36877,86643,37.929,10.014,122.5,192.917,0.16169,SAFE
EVT_82618,29567,88546,0.241,12.888,157.1,328.443,0.80003,HIGH
EVT_82619,29001,88199,11.469,14.923,33.0,434.524,0.24132,SAFE
EVT_82620,33496,90831,6.583,11.68,76.6,417.533,0.62493,MEDIUM
EVT_82621,46533,88038,2.089,14.408,142.8,256.559,0.68292,MEDIUM
EVT_82622,20959,91063,2.834,11.957,128.9,171.584,0.47547,MEDIUM
EVT_82623,44682,95131,5.537,10.064,152.6,241.6,0.72157,MEDIUM
EVT_82624,38856,96898,30.168,10.358,22.5,235.735,0.11164,SAFE
EVT_82625,28536,97874,34.466,13.175,121.9,226.222,0.28103,SAFE
EVT_82626,29579,93553,0.081,7.775,159.9,114.319,0.66672,MEDIUM
EVT_82627,49318,91015,26.939,9.951,58.8,229.425,0.25233,SAFE
EVT_82628,22444,82017,24.477,8.842,67.2,164.17,0.09532,SAFE
EVT_82629,46235,87175,21.655,8.299,95.2,390.245,0.13499,SAFE
EVT_82630,21131,94059,29.32,6.082,173.1,65.728,0.11561,SAFE
EVT_82631,34070,91896,9.152,11.991,74.1,453.348,0.34387,MEDIUM
EVT_82632,22575,88865,5.98,10.424,53.4,290.4,0.57657,MEDIUM
EVT_82633,25642,89565,13.701,11.575,83.3,344.538,0.01939,SAFE
EVT_82634,22450,84268,38.284,12.592,148.2,298.662,0.05077,SAFE
EVT_82635,39164,96916,3.788,9.838,83.1,49.544,0.21853,SAFE
EVT_82636,24301,80986,21.513,7.911,110.4,453.797,0.10053,SAFE
EVT_82637,39314,98749,3.982,10.701,93.5,332.626,0.63099,MEDIUM
EVT_82638,25703,98424,5.442,9.645,128.8,370.514,0.48948,MEDIUM
EVT_82639,28878,92652,45.561,9.883,133.3,391.904,0.03628,SAFE
EVT_82640,42548,93884,23.678,14.757,68.4,52.359,0.06651,SAFE
EVT_82641,28920,83777,26.083,7.46,136.5,222.4,0.24487,SAFE
EVT_82642,25295,83289,10.846,12.081,50.5,260.276,0.23929,SAFE
EVT_82643,24722,87932,13.155,14.063,157.8,426.734,0.21905,SAFE
EVT_82644,22972,81615,1.819,5.381,25.6,201.533,0.46724,MEDIUM
EVT_82645,31636,89369,13.98,6.699,73.8,55.248,0.2823,SAFE
EVT_82646,22386,99667,4.778,8.257,120.5,399.17,0.54521,MEDIUM
EVT_82647,33548,87609,11.121,8.724,169.8,426.933,0.25249,SAFE
EVT_82648,47131,81004,2.595,11.748,51.2,48.791,0.08254,SAFE
EVT_82649,41673,80261,26.894,12.751,69.3,142.041,0.06168,SAFE
EVT_82650,33783,94803,12.309,5.204,116.5,469.132,0.06249,SAFE
EVT_82651,31626,98210,48.002,5.765,33.3,477.889,0.13492,SAFE
EVT_82652,42134,81712,0.162,10.412,128.8,370.573,0.89642,HIGH
EVT_82653,36415,95539,10.144,9.669,118.9,103.662,0.14555,SAFE
EVT_82654,49521,99228,54.436,5.184,142.6,236.887,0.1704,SAFE
EVT_82655,20859,97714,54.393,12.846,169.6,165.673,0.20922,SAFE
EVT_82656,36414,91780,13.972,6.629,117.7,331.996,0.28952,SAFE
EVT_82657,34744,89903,42.063,12.774,149.5,443.673,0.26217,SAFE
EVT_82658,44985,91642,11.37,5.021,49.4,433.443,0.15399,SAFE
EVT_82659,23745,97166,15.619,13.233,141.1,470.72,0.24175,SAFE
EVT_82660,45667,88471,6.968,10.675,146.5,429.893,0.38336,MEDIUM
EVT_82661,39514,96461,2.183,9.229,22.4,230.937,0.68234,MEDIUM
EVT_82662,37795,86938,38.898,12.88,175.7,125.897,0.13327,SAFE
EVT_82663,39105,80092,0.491,11.431,167.3,22.112,0.17815,SAFE
EVT_82664,24601,88032,17.55,11.15,50.5,90.414,0.06118,SAFE
EVT_82665,26023,95382,24.931,7.949,78.6,440.15,0.08762,SAFE
EVT_82666,40063,81217,26.004,14.503,76.3,450.493,0.12604,SAFE
EVT_82667,30302,91257,19.084,12.653,169.2,373.737,0.13257,SAFE
EVT_82668,34948,90762,1.087,11.677,57.7,235.191,0.75198,MEDIUM
EVT_82669,47248,84244,8.896,7.007,168.5,113.108,0.37296,MEDIUM
EVT_82670,26228,91170,35.689,10.83,75.9,233.372,0.28622,SAFE
EVT_82671,27797,99662,66.426,9.358,173.0,247.941,0.19815,SAFE
EVT_82672,21352,84240,12.922,9.166,70.4,313.119,0.07436,SAFE
EVT_82673,35193,89666,6.375,9.643,55.0,118.64,0.40246,MEDIUM
EVT_82674,34972,93118,1.547,8.404,172.7,317.775,0.86607,HIGH
EVT_82675,47578,89866,28.092,7.884,87.7,397.387,0.22947,SAFE
EVT_82676,46662,84643,25.859,13.955,33.9,99.615,0.17278,SAFE
EVT_82677,45383,91898,5.663,13.641,158.0,217.552,0.54172,MEDIUM
EVT_82678,49049,88424,0.511,9.861,29.2,422.477,0.81848,HIGH
EVT_82679,49819,86808,7.24,12.15,178.6,65.083,0.00381,SAFE
EVT_82680,34121,88430,1.432,8.722,45.8,174.125,0.3606,MEDIUM
EVT_82681,20271,86748,13.304,6.701,10.3,413.043,0.25066,SAFE
EVT_82682,49259,96291,43.945,5.463,83.8,355.498,0.05852,SAFE
EVT_82683,32227,82071,7.259,9.948,93.2,211.314,0.70899,MEDIUM
EVT_82684,28581,81732,5.051,7.124,131.3,229.987,0.45361,MEDIUM
EVT_82685,22257,84128,2.138,6.432,140.3,341.899,0.59604,MEDIUM
EVT_82686,29392,86475,25.913,13.509,90.7,344.508,0.12083,SAFE
EVT_82687,45937,82452,25.297,5.753,147.4,271.133,0.19473,SAFE
EVT_82688,32292,82730,28.55,5.508,62.0,139.246,0.10061,SAFE
EVT_82689,36131,89225,2.696,10.245,64.7,336.943,0.61024,MEDIUM
EVT_82690,38678,89638,11.752,9.805,174.4,493.231,0.1617,SAFE
EVT_82691,26151,94539,15.644,7.757,30.4,322.196,0.23535,SAFE
EVT_82692,32821,85462,10.028,11.162,135.2,282.394,0.07681,SAFE
EVT_82693,37580,99600,7.886,14.296,103.7,279.75,0.72597,MEDIUM
EVT_82694,32908,92159,3.603,5.406,59.8,232.034,0.78981,MEDIUM
EVT_82695,48732,99169,7.836,14.412,63.3,204.495,0.52734,MEDIUM
EVT_82696,41782,95588,1.008,12.184,108.8,324.246,0.92574,HIGH
EVT_82697,47016,87000,12.178,12.003,19.7,221.776,0.1116,SAFE
EVT_82698,24427,92565,6.104,5.101,69.7,142.21,0.64375,MEDIUM
EVT_82699,46145,81262,3.766,14.202,167.4,287.233,0.71851,MEDIUM
EVT_82700,44186,80222,12.585,14.843,83.8,130.545,0.09216,SAFE
EVT_82701,20928,83266,39.847,6.997,136.3,473.021,0.28831,SAFE
EVT_82702,43150,88794,12.919,14.505,48.9,24.415,0.22442,SAFE
EVT_82703,30394,83027,2.428,8.694,160.0,224.279,0.78773,MEDIUM
EVT_82704,40777,80701,17.921,9.117,164.3,64.2,0.24359,SAFE
EVT_82705,31049,90077,32.778,9.949,85.0,342.711,0.21593,SAFE
EVT_82706,34255,90802,15.069,6.724,115.2,449.683,0.22563,SAFE
EVT_82707,31455,97935,14.971,9.199,64.9,242.959,0.25497,SAFE
EVT_82708,21374,83401,8.907,5.506,102.3,247.89,0.5315,MEDIUM
EVT_82709,48905,96942,0.523,5.387,57.0,119.09,0.74839,MEDIUM
EVT_82710,30006,98934,0.23,11.867,124.6,353.291,0.83897,HIGH
EVT_82711,26146,87927,2.204,7.08,44.8,184.468,0.5688,MEDIUM
EVT_82712,32169,81550,13.015,7.177,174.8,250.002,0.23326,SAFE
EVT_82713,28413,97185,5.232,13.828,28.0,455.261,0.70403,MEDIUM
EVT_82714,30974,94312,9.46,5.731,3.9,400.421,0.71351,MEDIUM
EVT_82715,22155,90604,3.902,13.048,116.7,290.915,0.58741,MEDIUM
EVT_82716,31447,98858,3.932,8.551,88.1,88.273,0.10192,SAFE
EVT_82717,43069,98116,13.962,5.398,165.8,480.38,0.28761,SAFE
EVT_82718,41202,97466,8.079,6.393,50.9,193.597,0.45985,MEDIUM
EVT_82719,32811,97638,23.016,12.704,13.6,334.034,0.19875,SAFE
EVT_82720,37834,90967,5.883,7.028,22.7,409.17,0.47418,MEDIUM
EVT_82721,30537,80721,9.296,9.077,126.7,106.822,0.415,MEDIUM
EVT_82722,47402,89694,5.55,14.966,58.9,373.506,0.71346,MEDIUM
EVT_82723,29417,88481,3.579,13.349,95.7,155.541,0.52564,MEDIUM
EVT_82724,42390,98860,29.702,8.086,93.4,360.131,0.2516,SAFE
EVT_82725,26552,84492,18.866,12.46,111.2,70.084,0.14598,SAFE
EVT_82726,48284,85770,14.356,7.664,55.5,430.335,0.27118,SAFE
EVT_82727,41454,88157,4.346,7.123,100.8,32.085,0.2149,SAFE
EVT_82728,29843,82203,2.123,8.424,167.7,303.977,0.6322,MEDIUM
EVT_82729,39044,93241,1.674,10.623,135.8,260.082,0.51692,MEDIUM
EVT_82730,45017,97269,4.917,14.768,161.8,328.651,0.7068,MEDIUM
EVT_82731,44120,86647,0.806,7.335,171.9,341.49,0.89831,HIGH
EVT_82732,35815,81853,14.003,7.46,109.3,299.157,0.11731,SAFE
EVT_82733,38122,80583,61.4,7.714,175.3,147.699,0.11295,SAFE
EVT_82734,45457,80349,0.452,7.605,114.6,200.734,0.33673,MEDIUM
EVT_82735,46151,90606,3.76,5.755,94.9,280.021,0.73889,MEDIUM
EVT_82736,43339,89511,68.044,6.299,49.6,164.611,0.07446,SAFE
EVT_82737,30193,85114,12.144,9.702,176.9,182.37,0.19989,SAFE
EVT_82738,28239,88648,11.074,10.893,136.9,411.203,0.27743,SAFE
EVT_82739,23332,97989,42.067,12.316,25.8,143.777,0.03845,SAFE
EVT_82740,26925,86658,2.747,13.498,2.3,379.527,0.42098,MEDIUM
EVT_82741,46649,83808,0.711,7.169,28.8,418.479,0.98536,HIGH
EVT_82742,44444,85985,8.691,6.542,118.5,84.001,0.13195,SAFE
EVT_82743,30513,84159,9.903,12.223,104.5,464.974,0.45665,MEDIUM
EVT_82744,20717,97566,13.935,5.867,45.6,300.336,0.16743,SAFE
EVT_82745,31700,98496,23.496,10.163,59.7,129.067,0.04202,SAFE
EVT_82746,26386,89764,4.055,12.201,19.4,57.76,0.27986,SAFE
EVT_82747,33422,88457,10.809,5.077,81.4,42.178,0.18322,SAFE
EVT_82748,41102,88230,6.731,11.902,0.3,59.108,0.17784,SAFE
EVT_82749,30504,96270,5.163,6.965,143.9,105.423,0.43342,MEDIUM
EVT_82750,25429,90315,45.204,10.023,38.6,18.947,0.2432,SAFE
EVT_82751,36389,91930,23.666,12.773,49.4,142.896,0.07719,SAFE
EVT_82752,42615,96533,3.626,5.635,15.7,317.344,0.61255,MEDIUM
EVT_82753,35545,86746,22.528,5.574,116.5,391.871,0.12482,SAFE
EVT_82754,42791,89875,53.381,13.95,171.2,148.973,0.07684,SAFE
EVT_82755,24777,99958,37.811,5.66,87.0,479.783,0.14596,SAFE
EVT_82756,36343,82345,11.072,6.907,164.3,92.818,0.09293,SAFE
EVT_82757,31405,82063,3.827,12.972,179.7,285.811,0.56413,MEDIUM
EVT_82758,44034,82803,14.124,11.669,94.7,356.811,0.10834,SAFE
EVT_82759,41786,87903,10.028,14.132,21.4,452.908,0.16367,SAFE
EVT_82760,39651,87623,38.519,13.152,115.8,382.346,0.2451,SAFE
EVT_82761,31675,85134,32.005,7.301,120.8,148.873,0.08392,SAFE
EVT_82762,37332,81860,11.004,10.374,36.2,302.441,0.06315,SAFE
EVT_82763,46563,86670,2.266,9.602,162.2,146.925,0.67817,MEDIUM
EVT_82764,23734,89040,32.587,13.766,84.3,442.118,0.28138,SAFE
EVT_82765,49393,95364,14.538,13.08,162.1,431.285,0.28644,SAFE
EVT_82766,32434,89014,3.52,9.718,164.5,57.074,0.12544,SAFE
EVT_82767,26206,97786,5.235,12.663,93.5,477.183,0.39218,MEDIUM
EVT_82768,31651,96858,6.089,8.637,4.3,69.699,0.26157,SAFE
EVT_82769,23341,83165,7.449,12.182,114.5,293.43,0.36682,MEDIUM
EVT_82770,26811,80867,31.072,6.209,104.9,402.474,0.23048,SAFE
EVT_82771,40327,83586,7.749,14.737,95.6,290.85,0.36565,MEDIUM
EVT_82772,30214,99106,7.657,7.14,35.0,492.095,0.7031,MEDIUM
EVT_82773,31327,85133,44.589,8.749,14.1,177.635,0.17809,SAFE
EVT_82774,20133,80017,3.313,13.288,29.3,265.822,0.30802,MEDIUM
EVT_82775,33795,92968,22.814,9.719,32.9,132.692,0.0672,SAFE
EVT_82776,45922,82471,21.497,13.232,80.3,135.704,0.19634,SAFE
EVT_82777,24527,93218,0.183,8.863,94.9,349.447,0.96789,HIGH
EVT_82778,39561,86499,23.505,9.049,157.5,73.559,0.19973,SAFE
EVT_82779,29566,93497,1.404,13.931,57.9,281.372,0.50483,MEDIUM
EVT_82780,26497,81982,5.505,7.601,179.3,100.569,0.34234,MEDIUM
EVT_82781,43578,91088,2.918,13.016,7.6,108.444,0.58268,MEDIUM
EVT_82782,36708,97166,0.864,12.654,127.2,333.042,0.81917,HIGH
EVT_82783,30669,90615,15.265,13.724,43.9,155.729,0.28282,SAFE
EVT_82784,47145,80069,2.701,7.559,57.0,160.386,0.70225,MEDIUM
EVT_82785,46842,94190,1.348,11.773,22.1,85.53,0.22694,SAFE
EVT_82786,30965,95469,3.965,11.504,168.2,218.033,0.41354,MEDIUM
EVT_82787,44549,90999,37.331,12.071,74.4,154.592,0.05401,SAFE
EVT_82788,41208,89145,6.068,6.674,3.1,175.489,0.67879,MEDIUM
EVT_82789,48473,91632,8.177,6.828,62.1,12.225,0.22584,SAFE
EVT_82790,32533,80084,12.154,8.429,153.5,338.06,0.16949,SAFE
EVT_82791,49157,95564,54.63,13.338,158.3,437.824,0.09446,SAFE
EVT_82792,42197,84334,22.023,8.272,20.3,457.365,0.18922,SAFE
EVT_82793,31813,85820,18.532,7.338,142.4,26.066,0.07929,SAFE
EVT_82794,35085,91626,11.58,10.308,60.0,86.779,0.16384,SAFE
EVT_82795,26316,80780,37.115,12.32,139.5,333.372,0.21195,SAFE
EVT_82796,35991,90589,17.955,12.027,92.1,368.88,0.08974,SAFE
EVT_82797,31549,89076,10.551,10.545,12.7,390.859,0.20152,SAFE
EVT_82798,25325,82550,24.946,12.126,76.7,446.838,0.08991,SAFE
EVT_82799,32674,91194,19.505,12.17,33.7,211.546,0.03613,SAFE
EVT_82800,46918,91741,4.521,11.528,136.1,147.399,0.52475,MEDIUM
EVT_82801,31441,96953,3.685,8.916,140.9,327.021,0.76975,MEDIUM
EVT_82802,27048,88304,17.022,7.555,124.7,16.095,0.16598,SAFE
EVT_82803,28063,92972,6.986,14.533,164.8,80.396,0.14672,SAFE
EVT_82804,46009,89140,6.803,12.764,116.1,434.018,0.38649,MEDIUM
EVT_82805,32812,83275,12.303,8.773,61.3,62.625,0.27437,SAFE
EVT_82806,42648,92496,13.63,11.513,107.6,427.432,0.27629,SAFE
EVT_82807,43583,93548,6.311,5.481,0.6,284.153,0.32003,MEDIUM
EVT_82808,44939,96180,1.509,6.43,5.6,453.331,0.86553,HIGH
EVT_82809,20712,82599,14.352,12.52,3.6,325.594,0.08062,SAFE
EVT_82810,41382,89462,29.909,5.063,4.6,331.041,0.23532,SAFE
EVT_82811,24973,90579,14.883,6.869,69.4,163.241,0.02674,SAFE
EVT_82812,48283,98165,0.516,11.389,147.7,247.029,0.70213,MEDIUM
EVT_82813,41943,94239,21.347,12.827,42.4,68.613,0.1723,SAFE
EVT_82814,47554,88937,4.145,14.047,154.7,269.137,0.62851,MEDIUM
EVT_82815,21061,85461,19.958,13.256,144.2,481.081,0.21538,SAFE
EVT_82816,28247,80499,69.492,12.136,74.7,437.857,0.27909,SAFE
EVT_82817,44873,88161,21.9,12.131,79.8,16.222,0.04504,SAFE
EVT_82818,41950,91085,6.325,9.096,25.4,244.982,0.77229,MEDIUM
EVT_82819,20851,83923,23.211,10.045,151.3,359.413,0.25784,SAFE
EVT_82820,23964,88832,5.475,12.123,105.5,458.113,0.64399,MEDIUM
EVT_82821,42757,83149,0.959,8.619,146.0,258.951,0.55429,MEDIUM
EVT_82822,28013,85970,3.883,13.068,101.3,362.812,0.75191,MEDIUM
EVT_82823,21067,83193,23.719,6.015,37.8,360.2,0.0618,SAFE
EVT_82824,20040,91263,14.747,11.88,46.1,301.359,0.12502,SAFE
EVT_82825,46150,85255,27.682,14.11,10.7,215.109,0.21705,SAFE
EVT_82826,36757,82847,16.756,7.963,104.8,29.833,0.10481,SAFE
EVT_82827,32774,81570,16.775,14.404,141.5,172.695,0.26639,SAFE
EVT_82828,29752,86172,13.565,7.708,56.6,172.072,0.08287,SAFE
EVT_82829,47651,90647,18.775,5.159,136.7,231.123,0.18344,SAFE
EVT_82830,31704,93315,37.329,14.465,94.8,26.127,0.09835,SAFE
EVT_82831,44437,81555,1.538,14.327,139.2,261.57,0.32249,MEDIUM
EVT_82832,39013,96736,10.905,7.653,154.8,320.366,0.15214,SAFE
EVT_82833,49500,98198,5.031,11.729,86.6,230.435,0.76448,MEDIUM
EVT_82834,28740,92283,32.668,9.01,77.0,254.822,0.23847,SAFE
EVT_82835,44081,88503,28.445,12.574,77.9,31.779,0.27774,SAFE
EVT_82836,22018,95524,9.831,7.992,37.2,11.032,0.21904,SAFE
EVT_82837,42398,94762,1.357,7.691,37.4,130.364,0.36498,MEDIUM
EVT_82838,35605,92897,1.555,5.815,55.4,483.244,0.8001,HIGH
EVT_82839,40648,97990,35.978,7.415,80.8,168.202,0.01263,SAFE
EVT_82840,35602,94766,51.765,6.986,162.2,475.303,0.17403,SAFE
EVT_82841,24308,84926,24.943,5.844,131.1,316.307,0.1733,SAFE
EVT_82842,40117,83495,25.929,10.685,108.0,263.971,0.20398,SAFE
EVT_82843,34649,87261,6.466,8.512,151.7,392.625,0.39852,MEDIUM
EVT_82844,30774,91755,3.365,12.41,130.1,268.938,0.65582,MEDIUM
EVT_82845,48718,93346,25.179,13.888,134.5,154.069,0.18692,SAFE
EVT_82846,45362,82601,63.782,6.036,149.1,307.027,0.26769,SAFE
EVT_82847,20312,94260,2.936,14.648,178.6,248.758,0.67532,MEDIUM
EVT_82848,39399,94539,8.892,6.173,88.8,141.33,0.49051,MEDIUM
EVT_82849,21902,90510,1.129,5.464,104.0,254.992,0.566,MEDIUM
EVT_82850,40740,85222,5.029,14.428,44.7,16.752,0.24715,SAFE
EVT_82851,30660,82719,14.07,6.177,70.1,318.798,0.22389,SAFE
EVT_82852,39446,96593,18.579,14.872,161.0,17.734,0.04821,SAFE
EVT_82853,31806,85830,9.29,9.741,115.8,44.643,0.24965,SAFE
EVT_82854,45416,82142,5.972,10.079,175.8,107.219,0.40575,MEDIUM
EVT_82855,26736,98862,8.819,12.742,164.4,73.791,0.23335,SAFE
EVT_82856,31744,82585,2.457,9.814,108.5,376.165,0.55959,MEDIUM
EVT_82857,32895,80173,10.311,12.773,146.8,258.605,0.05475,SAFE
EVT_82858,46235,98033,17.908,6.675,44.1,333.679,0.09809,SAFE
EVT_82859,47174,85813,3.031,11.764,136.1,452.3,0.39321,MEDIUM
EVT_82860,21462,84069,39.394,12.512,176.5,191.992,0.0864,SAFE
EVT_82861,29688,90786,2.909,7.789,40.6,84.209,0.16681,SAFE
EVT_82862,39382,84585,6.253,13.21,96.3,487.468,0.50384,MEDIUM
EVT_82863,49111,92573,27.293,10.07,117.8,214.297,0.0078,SAFE
EVT_82864,32069,88968,13.056,14.35,46.5,489.846,0.16474,SAFE
EVT_82865,27702,97284,5.279,6.728,14.9,289.685,0.41825,MEDIUM
EVT_82866,43128,80315,2.41,13.143,173.1,337.404,0.52085,MEDIUM
EVT_82867,34400,94395,20.248,9.774,107.3,60.972,0.07205,SAFE
EVT_82868,36288,89634,27.168,10.334,98.2,166.344,0.28993,SAFE
EVT_82869,34582,96258,11.779,10.943,174.0,283.102,0.13009,SAFE
EVT_82870,22445,96579,23.072,5.682,114.9,286.018,0.1669,SAFE
EVT_82871,24976,89243,15.698,11.964,135.9,436.872,0.13312,SAFE
EVT_82872,49236,81511,9.512,6.596,112.5,262.623,0.49438,MEDIUM
EVT_82873,32028,97637,21.701,14.336,20.3,11.774,0.2026,SAFE
EVT_82874,48196,98529,10.373,12.798,90.0,417.277,0.17036,SAFE
EVT_82875,27576,91089,2.461,8.059,51.2,206.319,0.3456,MEDIUM
EVT_82876,38275,91519,41.485,9.595,96.3,472.406,0.28394,SAFE
EVT_82877,30718,94292,3.817,5.142,165.8,65.392,0.10516,SAFE
EVT_82878,21565,96883,1.619,6.934,153.2,152.177,0.35487,MEDIUM
EVT_82879,40493,99479,8.834,9.864,175.4,316.236,0.5332,MEDIUM
EVT_82880,35043,92980,1.014,14.829,150.4,256.192,0.60125,MEDIUM
EVT_82881,31800,83085,1.515,6.307,141.5,113.271,0.3369,MEDIUM
EVT_82882,48621,81372,4.762,14.927,9.0,246.03,0.74051,MEDIUM
EVT_82883,32042,94899,1.005,12.814,118.6,59.932,0.20561,SAFE
EVT_82884,27985,87411,5.452,13.6,20.0,302.947,0.58532,MEDIUM
EVT_82885,46238,83451,14.876,9.852,40.6,493.522,0.06522,SAFE
EVT_82886,22968,91076,16.463,12.144,156.0,69.686,0.14648,SAFE
EVT_82887,32431,81239,2.656,8.321,38.0,251.512,0.38716,MEDIUM
EVT_82888,29814,90328,3.417,12.094,38.5,349.327,0.42898,MEDIUM
EVT_82889,43499,89129,6.506,10.61,95.7,127.247,0.49212,MEDIUM
EVT_82890,23515,87662,0.175,9.886,152.5,460.563,0.91998,HIGH
EVT_82891,46588,98673,21.979,10.669,31.1,373.313,0.12913,SAFE
EVT_82892,41380,87123,12.684,8.079,8.2,261.394,0.05401,SAFE
EVT_82893,43918,99939,6.104,14.51,23.8,31.552,0.28348,SAFE
EVT_82894,49777,88891,17.495,8.655,121.5,356.672,0.00684,SAFE
EVT_82895,26595,85734,8.375,14.131,18.0,92.891,0.08757,SAFE
EVT_82896,35717,82743,10.688,7.355,76.5,32.128,0.07202,SAFE
EVT_82897,26210,85289,23.029,7.351,162.2,231.141,0.13906,SAFE
EVT_82898,21043,97601,3.546,12.122,131.4,409.287,0.30066,MEDIUM
EVT_82899,25608,90866,0.315,8.484,154.4,479.017,0.85099,HIGH
EVT_82900,22257,98408,2.106,14.453,25.7,300.302,0.4879,MEDIUM
EVT_82901,32861,99120,5.508,10.561,131.6,440.421,0.776,MEDIUM
EVT_82902,21348,90399,5.42,11.61,0.9,48.082,0.14042,SAFE
EVT_82903,31812,83913,4.826,9.787,140.6,183.291,0.53638,MEDIUM
EVT_82904,38171,84763,4.306,8.252,41.2,26.386,0.09566,SAFE
EVT_82905,46727,84525,12.335,10.328,101.6,323.179,0.03565,SAFE
EVT_82906,21456,81440,47.263,14.369,15.2,169.857,0.28059,SAFE
EVT_82907,46034,98764,1.944,6.564,170.7,104.061,0.54044,MEDIUM
EVT_82908,26646,83239,30.322,13.03,142.7,174.551,0.19417,SAFE
EVT_82909,46670,97164,12.298,14.006,161.0,354.935,0.11699,SAFE
EVT_82910,25067,97857,1.597,10.841,80.3,435.218,0.92972,HIGH
EVT_82911,22325,88153,1.801,14.94,43.8,145.3,0.64195,MEDIUM
EVT_82912,39570,80064,31.876,9.441,3.2,385.831,0.01586,SAFE
EVT_82913,48432,91762,0.694,10.132,179.1,129.824,0.49818,MEDIUM
EVT_82914,42533,85428,22.35,12.442,1.4,87.984,0.27742,SAFE
EVT_82915,22524,89090,10.415,13.625,174.3,175.805,0.13233,SAFE
EVT_82916,30639,83663,10.917,10.928,113.4,66.405,0.27235,SAFE
EVT_82917,21706,97616,64.283,7.551,27.1,19.404,0.19459,SAFE
EVT_82918,45465,93020,5.996,7.106,83.4,323.133,0.72739,MEDIUM
EVT_82919,39686,96860,17.389,8.159,28.7,430.477,0.21872,SAFE
EVT_82920,42147,89223,3.71,9.66,176.4,120.611,0.39581,MEDIUM
EVT_82921,27015,80272,22.372,8.019,32.3,225.244,0.01509,SAFE
EVT_82922,25863,86885,15.191,11.09,74.3,200.836,0.25944,SAFE
EVT_82923,31787,89257,23.969,14.933,87.8,23.447,0.00357,SAFE
EVT_82924,21251,88066,9.269,14.851,139.9,141.476,0.6525,MEDIUM
EVT_82925,24095,85658,3.346,7.399,110.9,323.367,0.52566,MEDIUM
EVT_82926,44370,98898,0.585,12.764,152.2,316.13,0.87547,HIGH
EVT_82927,26836,81154,27.07,14.39,171.5,321.539,0.04761,SAFE
EVT_82928,47219,96635,12.499,7.811,35.3,451.273,0.09438,SAFE
EVT_82929,44476,97203,6.149,12.546,123.7,149.656,0.31128,MEDIUM
EVT_82930,48237,90138,15.27,14.422,40.6,109.644,0.07711,SAFE
EVT_82931,25912,84856,19.414,12.385,18.8,272.673,0.02136,SAFE
EVT_82932,46168,96645,11.039,11.233,163.7,270.672,0.12346,SAFE
EVT_82933,36815,96635,4.442,14.357,87.1,11.015,0.03719,SAFE
EVT_82934,21405,82239,0.682,8.381,85.9,128.197,0.49577,MEDIUM
EVT_82935,28364,86828,22.645,10.607,143.8,424.831,0.10709,SAFE
EVT_82936,26557,99177,10.993,14.841,92.3,160.862,0.19292,SAFE
EVT_82937,23240,88648,3.156,6.339,146.7,125.857,0.49837,MEDIUM
EVT_82938,29352,88163,18.166,11.383,44.9,458.724,0.06195,SAFE
EVT_82939,40734,92817,8.477,12.957,73.6,112.344,0.67811,MEDIUM
EVT_82940,28386,95252,6.076,5.994,162.8,244.147,0.36735,MEDIUM
EVT_82941,44662,81437,7.415,6.839,85.5,388.813,0.40584,MEDIUM
EVT_82942,47051,88882,11.472,5.252,158.9,437.698,0.27787,SAFE
EVT_82943,41494,97440,10.364,11.267,117.7,110.689,0.28982,SAFE
EVT_82944,23546,97309,27.71,13.583,179.4,80.745,0.07058,SAFE
EVT_82945,23005,96754,25.786,12.41,28.8,469.235,0.26883,SAFE
EVT_82946,39992,96977,12.013,5.094,118.4,255.324,0.10038,SAFE
EVT_82947,21411,87202,6.477,8.574,59.4,220.987,0.37592,MEDIUM
EVT_82948,25106,91324,11.405,12.945,146.0,131.466,0.08905,SAFE
EVT_82949,43166,97497,16.646,13.045,69.4,452.943,0.21739,SAFE
EVT_82950,23840,89774,48.381,6.934,88.3,483.776,0.17271,SAFE
EVT_82951,47201,93462,8.302,6.448,151.9,233.458,0.63826,MEDIUM
EVT_82952,43864,82001,19.541,11.639,31.3,235.428,0.09566,SAFE
EVT_82953,20426,87172,0.487,12.794,38.9,304.017,0.8474,HIGH
EVT_82954,33685,97729,34.8,10.272,87.0,70.685,0.1298,SAFE
EVT_82955,26780,82705,4.705,9.687,70.1,417.633,0.33052,MEDIUM
EVT_82956,47698,86428,8.364,13.512,123.3,415.231,0.47491,MEDIUM
EVT_82957,44383,82633,13.587,7.641,13.0,225.862,0.25899,SAFE
EVT_82958,30538,93400,12.926,5.007,143.2,172.686,0.2866,SAFE
EVT_82959,48070,96948,4.886,6.578,162.2,414.509,0.69777,MEDIUM
EVT_82960,45610,96288,33.275,14.55,26.4,370.218,0.12107,SAFE
EVT_82961,36439,88483,7.948,11.121,55.0,328.931,0.64392,MEDIUM
EVT_82962,28467,83593,8.768,9.731,144.8,119.35,0.57233,MEDIUM
EVT_82963,49725,93590,9.304,9.326,47.8,12.403,0.15815,SAFE
EVT_82964,30001,82446,53.028,14.276,139.5,441.924,0.22017,SAFE
EVT_82965,36915,84623,43.679,8.942,168.7,325.684,0.11242,SAFE
EVT_82966,41747,95920,3.111,11.015,47.5,193.27,0.43803,MEDIUM
EVT_82967,30466,92410,1.202,10.157,98.4,294.276,0.37232,MEDIUM
EVT_82968,26869,92081,3.893,11.534,111.6,212.051,0.65232,MEDIUM
EVT_82969,30124,99936,5.214,8.461,119.4,279.209,0.35874,MEDIUM
EVT_82970,38260,99049,24.986,14.928,8.5,348.454,0.20666,SAFE
EVT_82971,27679,93149,9.114,6.866,98.9,33.701,0.02763,SAFE
EVT_82972,33878,96739,10.152,10.342,135.5,219.714,0.24801,SAFE
EVT_82973,49766,82729,3.841,11.526,132.7,146.155,0.404,MEDIUM
EVT_82974,47181,93934,3.22,6.647,177.7,210.209,0.42361,MEDIUM
EVT_82975,35113,81709,8.414,8.327,52.1,499.638,0.4478,MEDIUM
EVT_82976,34015,94522,4.835,7.623,72.2,467.295,0.69204,MEDIUM
EVT_82977,48374,89088,6.848,9.681,52.8,390.373,0.41618,MEDIUM
EVT_82978,43849,84637,16.564,5.461,46.0,49.163,0.08158,SAFE
EVT_82979,22719,81030,6.556,8.646,166.6,15.945,0.27382,SAFE
EVT_82980,34797,99918,3.481,5.597,135.1,21.092,0.27337,SAFE
EVT_82981,31362,91523,1.508,9.45,41.5,60.199,0.14702,SAFE
EVT_82982,32627,89159,49.617,5.198,36.3,284.99,0.20132,SAFE
EVT_82983,48256,97448,53.075,14.596,54.6,186.083,0.07433,SAFE
EVT_82984,29875,82294,18.456,11.269,50.2,213.762,0.14996,SAFE
EVT_82985,22047,99654,9.911,7.961,22.6,364.391,0.31216,MEDIUM
EVT_82986,28615,98378,22.602,12.044,64.0,103.656,0.05951,SAFE
EVT_82987,39741,84440,6.425,10.551,13.0,355.968,0.78585,MEDIUM
EVT_82988,30951,81490,11.726,12.144,27.6,288.834,0.20046,SAFE
EVT_82989,20911,94664,2.339,11.383,24.3,435.844,0.67022,MEDIUM
EVT_82990,37895,94454,8.59,11.444,113.0,83.277,0.05448,SAFE
EVT_82991,33148,87479,58.585,5.278,140.0,208.575,0.02345,SAFE
EVT_82992,31096,92345,17.632,11.085,42.9,211.144,0.15935,SAFE
EVT_82993,49305,89610,40.004,5.78,85.2,101.443,0.21985,SAFE
EVT_82994,30349,96186,18.62,10.61,167.0,430.079,0.23474,SAFE
EVT_82995,45149,93807,27.507,9.946,139.2,352.254,0.15651,SAFE
EVT_82996,33919,81571,36.265,5.725,101.2,245.291,0.07861,SAFE
EVT_82997,45187,98175,12.047,9.735,35.6,336.076,0.1933,SAFE
EVT_82998,31918,96374,31.76,7.646,8.4,86.675,0.27767,SAFE
EVT_82999,29092,91286,32.814,13.594,89.3,100.262,0.08501,SAFE
EVT_83000,44307,93380,2.594,12.635,135.9,242.804,0.34598,MEDIUM
EVT_83001,23576,90472,2.589,11.423,106.4,226.939,0.48112,MEDIUM
EVT_83002,37190,83189,12.129,8.371,83.2,13.346,0.01953,SAFE
EVT_83003,44912,82663,1.785,10.105,145.2,227.05,0.34691,MEDIUM
EVT_83004,35877,87803,7.497,12.782,2.8,285.903,0.40436,MEDIUM
EVT_83005,40404,89629,7.49,6.938,130.1,360.949,0.37812,MEDIUM
EVT_83006,29368,87622,0.655,13.009,121.8,25.097,0.13542,SAFE
EVT_83007,47155,91370,3.017,5.839,173.9,390.736,0.30182,MEDIUM
EVT_83008,22717,96386,7.379,14.66,67.6,82.648,0.225,SAFE
EVT_83009,29008,90534,6.233,11.875,23.1,466.335,0.43098,MEDIUM
EVT_83010,32539,99329,18.579,8.361,150.3,79.012,0.15544,SAFE
EVT_83011,23386,91699,0.634,6.966,151.8,386.249,0.8249,HIGH
EVT_83012,48167,90464,37.191,5.065,156.5,446.022,0.21641,SAFE
EVT_83013,49552,83327,13.382,14.448,139.8,153.943,0.08561,SAFE
EVT_83014,40273,88947,0.093,12.858,161.6,89.909,0.28532,SAFE
EVT_83015,48525,98129,8.842,9.682,171.5,296.101,0.31437,MEDIUM
EVT_83016,24576,96249,0.308,8.303,171.1,218.866,0.68834,MEDIUM
EVT_83017,44615,84510,2.746,7.531,174.4,305.45,0.63388,MEDIUM
EVT_83018,36997,90452,32.413,14.318,119.0,27.422,0.22244,SAFE
EVT_83019,40211,89391,1.651,5.256,37.0,447.497,0.93041,HIGH
EVT_83020,24404,99154,33.061,12.291,174.6,431.406,0.16414,SAFE
EVT_83021,35123,98917,15.441,11.127,89.5,101.764,0.01779,SAFE
EVT_83022,36707,89227,6.223,10.89,41.6,149.168,0.32192,MEDIUM
EVT_83023,37850,82097,1.492,5.065,17.5,156.838,0.32248,MEDIUM
EVT_83024,46053,86715,3.757,11.852,136.1,360.03,0.4203,MEDIUM
EVT_83025,40680,92618,42.584,9.176,9.3,137.55,0.20881,SAFE
EVT_83026,34042,90884,31.948,10.501,138.3,201.111,0.15496,SAFE
EVT_83027,24700,98452,8.774,9.785,128.5,151.686,0.45512,MEDIUM
EVT_83028,40021,97556,0.243,9.049,171.4,479.826,0.98911,HIGH
EVT_83029,42696,94494,22.402,8.481,113.7,212.352,0.04871,SAFE
EVT_83030,33838,91003,48.502,5.097,156.1,470.227,0.1413,SAFE
EVT_83031,20076,81585,7.578,7.56,83.1,15.657,0.11172,SAFE
EVT_83032,39106,85013,14.603,14.481,118.6,413.379,0.08962,SAFE
EVT_83033,23791,89398,4.512,13.242,14.2,217.855,0.64941,MEDIUM
EVT_83034,44020,82529,15.952,5.653,142.3,165.899,0.27305,SAFE
EVT_83035,35361,80062,20.718,7.659,23.9,221.943,0.13241,SAFE
EVT_83036,35971,96895,25.105,10.369,61.4,240.804,0.14119,SAFE
EVT_83037,36206,88628,12.727,12.032,13.3,31.758,0.14967,SAFE
EVT_83038,49781,91880,12.225,8.644,20.3,63.486,0.12305,SAFE
EVT_83039,31839,93881,7.876,14.87,48.2,140.155,0.45062,MEDIUM
EVT_83040,21710,92349,10.401,7.733,118.8,395.158,0.2097,SAFE
EVT_83041,26408,82680,21.341,9.356,0.8,125.212,0.19915,SAFE
EVT_83042,41413,86687,0.047,12.374,41.4,367.093,0.83995,HIGH
EVT_83043,37919,80130,8.396,14.783,147.9,110.632,0.39364,MEDIUM
EVT_83044,39665,96106,4.972,8.845,117.6,254.067,0.38112,MEDIUM
EVT_83045,32918,83898,9.227,5.104,156.3,83.253,0.25918,SAFE
EVT_83046,26589,89423,28.4,7.111,84.4,249.519,0.17067,SAFE
EVT_83047,46325,97677,29.855,6.529,102.4,298.401,0.25657,SAFE
EVT_83048,39675,92414,5.168,14.596,1.5,207.853,0.70457,MEDIUM
EVT_83049,20489,86344,17.412,12.998,154.9,481.466,0.03492,SAFE
EVT_83050,20235,81503,49.949,9.374,53.5,267.378,0.26693,SAFE
EVT_83051,20352,82308,101.337,12.07,20.8,287.512,0.26899,SAFE
EVT_83052,37003,82468,0.208,11.492,178.5,227.457,0.4593,MEDIUM
EVT_83053,46353,95931,9.912,5.627,68.6,187.774,0.64339,MEDIUM
EVT_83054,48952,93415,2.418,8.465,69.3,302.588,0.52325,MEDIUM
EVT_83055,37038,85151,21.719,7.527,118.8,177.429,0.17,SAFE
EVT_83056,31347,97764,2.304,12.05,101.3,362.693,0.72843,MEDIUM
EVT_83057,44404,95453,2.137,7.983,113.3,272.09,0.33312,MEDIUM
EVT_83058,25657,99050,7.086,6.789,159.4,497.206,0.40111,MEDIUM
EVT_83059,37844,94786,38.015,12.068,39.4,409.319,0.14052,SAFE
EVT_83060,32156,85181,11.733,13.92,104.2,222.179,0.28549,SAFE
EVT_83061,35587,84503,20.676,5.295,174.7,182.14,0.02502,SAFE
EVT_83062,40002,85811,27.624,13.604,35.1,360.238,0.06557,SAFE
EVT_83063,25232,89227,14.634,5.138,85.1,325.724,0.03492,SAFE
EVT_83064,42665,92103,4.996,6.651,9.4,488.97,0.60594,MEDIUM
EVT_83065,39654,88077,1.804,9.863,165.7,337.761,0.91249,HIGH
EVT_83066,27851,97862,0.455,7.427,169.4,21.382,0.0547,SAFE
EVT_83067,44728,81258,6.699,13.625,1.0,438.048,0.4342,MEDIUM
EVT_83068,38997,89854,3.286,13.534,172.0,11.115,0.24323,SAFE
EVT_83069,20170,85703,5.596,11.722,131.7,321.407,0.62593,MEDIUM
EVT_83070,34033,82745,22.521,7.817,0.2,409.214,0.1783,SAFE
EVT_83071,42779,83922,8.424,5.864,112.0,186.633,0.50428,MEDIUM
EVT_83072,44020,95666,3.467,5.092,82.6,174.485,0.41919,MEDIUM
EVT_83073,25053,92884,1.504,7.153,59.2,30.107,0.06938,SAFE
EVT_83074,32013,98380,3.146,10.628,105.0,319.092,0.66894,MEDIUM
EVT_83075,35760,80403,4.879,11.171,95.7,121.627,0.44374,MEDIUM
EVT_83076,43231,87740,1.835,9.401,28.8,29.459,0.10272,SAFE
EVT_83077,37846,82782,23.822,6.35,14.3,100.694,0.25603,SAFE
EVT_83078,29870,84117,23.126,11.637,166.6,320.208,0.17821,SAFE
EVT_83079,46786,96768,12.981,13.459,83.1,280.406,0.07859,SAFE
EVT_83080,43225,85716,4.114,14.762,50.3,324.287,0.52278,MEDIUM
EVT_83081,46321,87097,27.572,5.423,122.1,467.996,0.2803,SAFE
EVT_83082,44098,95627,10.194,6.744,121.3,82.075,0.20479,SAFE
EVT_83083,33563,91658,8.191,6.725,145.2,51.41,0.16461,SAFE
EVT_83084,34627,84862,0.065,8.184,59.5,234.835,0.51645,MEDIUM
EVT_83085,34652,82204,3.085,5.717,123.6,19.038,0.2687,SAFE
EVT_83086,41452,82761,0.328,7.174,103.3,111.465,0.63566,MEDIUM
EVT_83087,48969,88459,4.891,12.504,96.2,334.064,0.58974,MEDIUM
EVT_83088,27872,92448,6.09,10.029,161.0,176.202,0.47719,MEDIUM
EVT_83089,25785,86513,6.391,13.7,113.0,410.831,0.4288,MEDIUM
EVT_83090,23386,94694,0.62,11.457,73.3,384.739,0.93872,HIGH
EVT_83091,43795,93082,24.434,13.879,82.8,348.326,0.14026,SAFE
EVT_83092,41962,80272,46.546,12.752,144.5,411.708,0.18966,SAFE
EVT_83093,40527,82345,19.149,9.67,51.7,468.26,0.09028,SAFE
EVT_83094,36542,84350,19.242,8.253,4.9,72.83,0.2055,SAFE
EVT_83095,31161,84718,4.542,9.703,125.5,118.205,0.75656,MEDIUM
EVT_83096,27224,89032,5.144,10.612,40.0,420.462,0.75721,MEDIUM
EVT_83097,40276,80421,14.753,14.944,160.5,106.705,0.11175,SAFE
EVT_83098,28385,98691,14.037,6.938,132.8,210.303,0.11486,SAFE
EVT_83099,41167,84791,6.188,7.602,10.7,238.651,0.76609,MEDIUM
EVT_83100,48546,83687,23.169,14.369,38.2,304.857,0.00568,SAFE
EVT_83101,43150,84177,4.787,5.644,140.0,90.593,0.06744,SAFE
EVT_83102,33629,94627,19.118,9.58,176.1,26.125,0.13228,SAFE
EVT_83103,27249,98166,2.654,6.818,20.4,252.221,0.34545,MEDIUM
EVT_83104,42963,83656,33.302,9.558,1.7,14.444,0.16584,SAFE
EVT_83105,25392,80504,5.364,5.562,63.2,202.339,0.38506,MEDIUM
EVT_83106,22308,97680,1.673,11.497,179.7,52.291,0.22987,SAFE
EVT_83107,46584,92575,1.23,10.037,59.8,131.526,0.36218,MEDIUM
EVT_83108,27767,93910,77.647,9.342,178.9,239.452,0.17413,SAFE
EVT_83109,27201,80059,34.532,7.242,124.1,484.929,0.17352,SAFE
EVT_83110,22635,86356,29.434,5.475,105.0,316.49,0.04401,SAFE
EVT_83111,46613,90040,25.452,10.902,137.1,170.897,0.18375,SAFE
EVT_83112,24128,86918,3.131,7.181,134.7,498.568,0.39191,MEDIUM
EVT_83113,39357,84728,11.041,8.156,70.1,160.929,0.09707,SAFE
EVT_83114,28786,92123,20.951,5.424,32.0,148.262,0.03669,SAFE
EVT_83115,24520,84600,12.808,9.058,48.7,453.23,0.24102,SAFE
EVT_83116,48971,95171,1.213,13.474,80.9,262.543,0.38394,MEDIUM
EVT_83117,37646,87250,51.424,11.11,98.8,409.736,0.03918,SAFE
EVT_83118,40069,86204,18.549,6.765,21.5,96.97,0.04027,SAFE
EVT_83119,27602,81414,57.079,8.464,128.7,83.209,0.04373,SAFE
EVT_83120,42572,98258,7.606,5.967,52.4,340.193,0.40335,MEDIUM
EVT_83121,20192,90163,13.842,7.124,67.5,496.15,0.04029,SAFE
EVT_83122,44714,97795,13.51,10.65,77.7,382.718,0.09809,SAFE
EVT_83123,35272,94608,0.894,13.935,80.0,89.069,0.27799,SAFE
EVT_83124,39377,80113,7.561,5.429,46.6,447.049,0.46739,MEDIUM
EVT_83125,33305,86129,3.427,5.751,45.7,51.905,0.05952,SAFE
EVT_83126,47012,98842,16.105,8.899,56.8,476.427,0.00244,SAFE
EVT_83127,31220,97655,9.16,7.894,124.1,31.125,0.2591,SAFE
EVT_83128,47917,85919,33.928,7.375,123.8,113.537,0.24868,SAFE
EVT_83129,25650,81847,10.508,5.866,94.4,127.332,0.15897,SAFE
EVT_83130,27235,83515,3.756,10.135,110.7,30.251,0.18748,SAFE
EVT_83131,36585,88165,10.714,6.926,62.6,396.274,0.20355,SAFE
EVT_83132,32986,81567,10.482,7.403,73.6,321.51,0.22714,SAFE
EVT_83133,35285,86433,26.737,13.947,169.4,137.802,0.06915,SAFE
EVT_83134,41835,98099,8.985,7.658,46.5,459.564,0.71663,MEDIUM
EVT_83135,44939,90675,11.282,9.983,47.4,361.375,0.05729,SAFE
EVT_83136,27341,91206,6.88,9.971,71.5,124.164,0.74918,MEDIUM
EVT_83137,22386,93610,38.58,11.235,174.8,55.154,0.01246,SAFE
EVT_83138,35915,86241,12.061,13.967,84.0,380.327,0.1144,SAFE
EVT_83139,27948,95007,2.76,10.033,97.8,389.323,0.47018,MEDIUM
EVT_83140,38999,83951,15.619,11.435,120.8,190.131,0.15319,SAFE
EVT_83141,21669,93413,9.137,13.878,8.1,306.535,0.32005,MEDIUM
EVT_83142,43612,99921,6.824,12.749,17.3,76.312,0.15957,SAFE
EVT_83143,41414,82380,68.733,14.307,169.4,386.817,0.20404,SAFE
EVT_83144,31457,83359,13.503,9.25,2.3,191.656,0.08841,SAFE
EVT_83145,41288,83872,0.066,13.284,140.1,406.916,0.94464,HIGH
EVT_83146,33178,94919,13.105,9.267,91.1,102.242,0.05955,SAFE
EVT_83147,26335,91590,7.792,10.505,152.4,191.951,0.76266,MEDIUM
EVT_83148,33801,81245,10.012,5.583,77.9,403.385,0.27351,SAFE
EVT_83149,32850,99430,10.243,8.94,99.5,154.427,0.04316,SAFE
EVT_83150,28039,84889,9.408,13.991,149.4,421.518,0.31644,MEDIUM
EVT_83151,40997,82133,1.696,10.19,86.0,297.273,0.51222,MEDIUM
EVT_83152,46741,81340,8.169,13.013,121.3,35.235,0.25723,SAFE
EVT_83153,35966,98335,10.063,13.106,103.5,440.233,0.2145,SAFE
EVT_83154,31126,99629,0.51,12.491,22.0,420.02,0.83119,HIGH
EVT_83155,37735,92670,14.877,12.244,5.1,471.07,0.01269,SAFE
EVT_83156,26409,82510,10.854,14.38,162.5,228.843,0.1359,SAFE
EVT_83157,30861,93417,13.746,14.218,30.0,324.097,0.26678,SAFE
EVT_83158,39835,81863,11.637,9.243,42.3,82.899,0.08386,SAFE
EVT_83159,44347,88573,1.926,6.317,38.9,309.435,0.83543,HIGH
EVT_83160,21176,97886,0.554,8.365,22.4,474.113,0.97995,HIGH
EVT_83161,24105,97195,21.591,5.979,45.9,187.538,0.2888,SAFE
EVT_83162,27931,97830,14.091,8.257,121.2,184.162,0.00317,SAFE
EVT_83163,35785,82694,23.563,10.373,35.8,109.991,0.02188,SAFE
EVT_83164,46872,82758,9.642,10.47,129.2,357.38,0.34674,MEDIUM
EVT_83165,26294,89217,7.36,9.835,163.3,404.546,0.39862,MEDIUM
EVT_83166,44920,89644,7.639,14.573,143.3,241.066,0.4256,MEDIUM
EVT_83167,25486,89214,32.976,5.768,166.8,348.076,0.21975,SAFE
EVT_83168,26761,94932,7.279,5.687,102.7,340.824,0.4862,MEDIUM
EVT_83169,37180,87055,19.515,12.894,153.5,469.208,0.25894,SAFE
EVT_83170,47741,83168,4.989,14.03,28.5,379.389,0.63171,MEDIUM
EVT_83171,36359,96102,43.664,13.27,156.7,231.0,0.14302,SAFE
EVT_83172,33065,84448,4.495,11.159,129.1,499.358,0.49081,MEDIUM
EVT_83173,34309,89910,5.896,5.847,72.6,447.323,0.68003,MEDIUM
EVT_83174,33964,88112,17.599,8.15,32.4,155.711,0.10064,SAFE
EVT_83175,47991,89011,13.057,9.321,142.7,300.697,0.08288,SAFE
EVT_83176,39211,82678,5.724,11.657,107.7,492.889,0.66327,MEDIUM
EVT_83177,30715,89903,3.38,9.364,41.7,177.561,0.30568,MEDIUM
EVT_83178,44406,80551,19.856,6.566,77.3,481.553,0.0787,SAFE
EVT_83179,47823,94441,30.602,5.039,38.8,301.232,0.16508,SAFE
EVT_83180,42464,85949,2.375,11.663,148.1,64.14,0.08509,SAFE
EVT_83181,31725,87504,14.88,13.706,33.4,305.692,0.28138,SAFE
EVT_83182,47169,85047,9.251,14.79,128.4,36.777,0.01038,SAFE
EVT_83183,39559,80095,1.456,9.008,119.7,133.869,0.74852,MEDIUM
EVT_83184,48439,83800,10.271,5.067,16.6,185.416,0.28491,SAFE
EVT_83185,32026,81191,4.978,8.181,104.9,141.6,0.71812,MEDIUM
EVT_83186,48483,86517,2.605,6.706,80.7,109.569,0.5727,MEDIUM
EVT_83187,33624,90054,50.082,9.071,75.1,292.394,0.26966,SAFE
EVT_83188,23051,87216,31.17,8.601,119.3,381.183,0.03006,SAFE
EVT_83189,49974,81825,39.874,12.208,169.4,81.257,0.19804,SAFE
EVT_83190,31496,87877,11.873,8.918,102.2,29.699,0.09864,SAFE
EVT_83191,29970,87971,10.863,11.959,1.7,347.966,0.25344,SAFE
EVT_83192,34000,92765,16.667,11.592,159.7,395.095,0.07063,SAFE
EVT_83193,32124,82219,13.025,6.674,107.8,32.295,0.09821,SAFE
EVT_83194,47985,86499,58.761,12.186,33.9,488.169,0.00942,SAFE
EVT_83195,21366,89215,2.785,13.509,174.9,363.456,0.67755,MEDIUM
EVT_83196,35543,81132,9.499,14.048,119.6,491.646,0.40691,MEDIUM
EVT_83197,48278,86112,3.055,12.542,32.1,140.906,0.51986,MEDIUM
EVT_83198,35707,95013,3.057,12.159,9.9,364.84,0.42652,MEDIUM
EVT_83199,27428,81252,3.316,8.772,158.1,477.965,0.41368,MEDIUM
EVT_83200,31818,81280,39.613,11.546,110.9,161.491,0.07213,SAFE
EVT_83201,33719,90268,28.65,12.61,7.0,197.399,0.15532,SAFE
EVT_83202,39952,93270,64.249,7.739,45.8,118.656,0.28161,SAFE
EVT_83203,40397,95881,106.889,11.508,66.3,323.921,0.10984,SAFE
EVT_83204,21690,99440,4.083,8.732,147.2,237.869,0.36062,MEDIUM
EVT_83205,45935,87477,44.907,8.263,123.1,272.171,0.14211,SAFE
EVT_83206,47439,92144,62.787,9.071,27.1,14.159,0.1821,SAFE
EVT_83207,39758,89351,1.102,6.516,58.4,166.342,0.77541,MEDIUM
EVT_83208,43444,96359,5.64,6.753,72.9,332.637,0.77501,MEDIUM
EVT_83209,23981,92541,22.597,5.225,15.8,354.16,0.09078,SAFE
EVT_83210,39030,82597,12.662,14.061,167.8,359.387,0.18549,SAFE
EVT_83211,43980,98810,10.948,8.022,116.2,495.374,0.22471,SAFE
EVT_83212,29020,87556,2.995,7.641,99.7,386.684,0.57269,MEDIUM
EVT_83213,24848,82823,33.814,9.195,1.8,293.644,0.22,SAFE
EVT_83214,26537,84075,4.71,12.798,55.9,85.847,0.25202,SAFE
EVT_83215,24800,97344,18.75,8.453,8.3,169.622,0.25747,SAFE
EVT_83216,42668,96692,46.655,14.703,8.8,487.368,0.19076,SAFE
EVT_83217,30288,94079,11.741,14.117,29.6,341.346,0.04229,SAFE
EVT_83218,33729,83687,9.776,7.989,169.9,305.076,0.7832,MEDIUM
EVT_83219,47934,88202,14.069,13.462,89.1,336.12,0.15347,SAFE
EVT_83220,38838,80913,9.435,13.109,6.7,54.558,0.23948,SAFE
EVT_83221,32036,93004,0.48,12.041,111.1,228.414,0.64337,MEDIUM
EVT_83222,26329,87448,17.24,5.006,174.9,478.665,0.13104,SAFE
EVT_83223,22037,86566,52.607,13.199,143.1,97.047,0.23693,SAFE
EVT_83224,33383,94497,19.699,6.003,55.1,72.449,0.1299,SAFE
EVT_83225,45111,95867,1.558,7.557,38.9,473.854,0.82092,HIGH
EVT_83226,48035,92659,0.58,6.526,178.0,31.959,0.20418,SAFE
EVT_83227,31178,89980,11.25,10.19,171.5,122.024,0.08256,SAFE
EVT_83228,37735,92133,10.671,12.035,5.0,383.319,0.21053,SAFE
EVT_83229,39612,83825,18.09,10.589,36.2,83.222,0.1408,SAFE
EVT_83230,21054,88668,14.02,10.146,74.4,219.612,0.06707,SAFE
EVT_83231,43061,94016,38.141,13.19,64.8,306.648,0.08736,SAFE
EVT_83232,30592,83035,7.159,5.47,103.1,171.12,0.39906,MEDIUM
EVT_83233,48640,84046,11.842,6.812,137.2,344.919,0.26607,SAFE
EVT_83234,49757,92277,17.962,7.336,116.0,54.804,0.09356,SAFE
EVT_83235,25059,85902,8.64,10.006,13.1,372.21,0.72104,MEDIUM
EVT_83236,23662,81277,19.845,13.232,110.4,195.848,0.12792,SAFE
EVT_83237,48723,96023,50.179,10.894,154.0,268.293,0.06859,SAFE
EVT_83238,29586,94936,3.761,7.342,140.3,16.934,0.27323,SAFE
EVT_83239,39535,81670,10.931,14.87,109.4,48.307,0.28879,SAFE
EVT_83240,47173,96498,19.099,6.625,79.4,253.303,0.01945,SAFE
EVT_83241,40621,96391,54.542,10.536,174.8,333.484,0.2718,SAFE
EVT_83242,32421,87233,32.455,11.977,58.8,213.066,0.26508,SAFE
EVT_83243,44075,83140,3.526,10.588,36.1,348.992,0.75186,MEDIUM
EVT_83244,41433,90724,9.818,8.574,86.0,348.553,0.47206,MEDIUM
EVT_83245,43298,93632,37.565,14.244,64.3,62.569,0.16766,SAFE
EVT_83246,48354,94016,3.02,11.453,102.5,475.465,0.7325,MEDIUM
EVT_83247,30345,89501,1.63,7.058,168.0,18.912,0.0555,SAFE
EVT_83248,47117,91290,4.97,6.88,121.0,155.388,0.67366,MEDIUM
EVT_83249,48426,99639,8.892,13.203,35.6,394.921,0.30726,MEDIUM
EVT_83250,40224,87718,2.036,10.052,5.0,197.215,0.43501,MEDIUM
EVT_83251,46891,81646,1.286,7.324,59.9,25.104,0.2698,SAFE
EVT_83252,45563,80625,33.882,13.351,14.3,91.003,0.20856,SAFE
EVT_83253,37390,93637,27.665,8.703,130.4,291.259,0.16956,SAFE
EVT_83254,31712,85953,22.698,11.567,142.4,158.634,0.26274,SAFE
EVT_83255,35440,92860,0.668,12.721,37.6,230.982,0.75491,MEDIUM
EVT_83256,21383,89220,7.277,8.916,1.7,243.029,0.58972,MEDIUM
EVT_83257,44903,85707,1.973,5.443,18.5,170.256,0.49054,MEDIUM
EVT_83258,44121,99988,0.91,6.97,42.1,436.971,0.90624,HIGH
EVT_83259,33801,94059,1.333,12.276,64.4,367.015,0.95477,HIGH
EVT_83260,32240,99323,5.565,7.392,135.0,382.962,0.45454,MEDIUM
EVT_83261,29950,96501,5.662,14.794,87.8,118.178,0.76172,MEDIUM
EVT_83262,46386,92159,17.268,6.687,166.3,219.628,0.26748,SAFE
EVT_83263,25426,96616,6.309,7.207,175.8,142.777,0.66118,MEDIUM
EVT_83264,35181,84407,9.506,5.586,97.1,68.415,0.13134,SAFE
EVT_83265,35430,95024,13.789,5.089,53.2,102.528,0.0733,SAFE
EVT_83266,49769,97030,52.036,11.339,32.3,120.405,0.15395,SAFE
EVT_83267,42146,81137,36.645,7.157,50.9,43.183,0.21242,SAFE
EVT_83268,31499,83767,3.355,14.059,120.2,209.304,0.42621,MEDIUM
EVT_83269,23731,91881,40.402,5.905,123.9,344.128,0.14414,SAFE
EVT_83270,24346,99630,8.832,5.927,122.7,241.01,0.31201,MEDIUM
EVT_83271,26749,97185,5.108,9.453,170.2,288.413,0.61639,MEDIUM
EVT_83272,22137,98374,14.196,6.958,12.6,171.266,0.2781,SAFE
EVT_83273,28864,88911,19.635,12.967,56.3,169.991,0.12968,SAFE
EVT_83274,42984,85721,25.275,12.555,95.6,168.258,0.03607,SAFE
EVT_83275,46656,81114,0.553,12.418,18.3,43.892,0.11482,SAFE
EVT_83276,33841,96848,40.43,11.931,28.2,306.139,0.11626,SAFE
EVT_83277,24013,92790,7.344,13.638,55.3,102.516,0.46523,MEDIUM
EVT_83278,39692,94273,8.962,12.433,123.5,455.252,0.6743,MEDIUM
EVT_83279,32513,96608,19.192,12.512,45.1,343.952,0.2759,SAFE
EVT_83280,27174,99802,2.504,9.102,109.3,315.576,0.45578,MEDIUM
EVT_83281,49095,87685,14.283,13.452,23.4,59.727,0.05573,SAFE
EVT_83282,20274,93319,12.386,7.768,6.7,212.994,0.11948,SAFE
EVT_83283,29244,93424,27.493,9.589,30.1,204.251,0.24952,SAFE
EVT_83284,20047,81689,41.419,13.063,37.8,334.844,0.09646,SAFE
EVT_83285,24390,92723,9.405,9.723,103.6,356.779,0.49795,MEDIUM
EVT_83286,23662,82308,25.204,14.135,22.9,310.42,0.26358,SAFE
EVT_83287,22798,94179,4.761,5.37,76.3,105.962,0.42968,MEDIUM
EVT_83288,30837,91315,3.782,13.425,83.7,363.023,0.58275,MEDIUM
EVT_83289,37832,83078,0.281,9.767,117.4,232.945,0.40125,MEDIUM
EVT_83290,33091,94973,5.436,5.179,79.5,446.948,0.35406,MEDIUM
EVT_83291,21442,92030,36.311,14.386,149.7,170.854,0.07616,SAFE
EVT_83292,37305,85438,31.698,11.278,161.5,22.572,0.23576,SAFE
EVT_83293,49098,93679,1.31,13.772,109.1,392.977,0.92634,HIGH
EVT_83294,44181,80690,14.976,8.796,137.2,428.451,0.07621,SAFE
EVT_83295,30821,92054,48.509,5.458,58.2,457.039,0.22252,SAFE
EVT_83296,41063,97789,1.871,11.122,56.1,307.1,0.87034,HIGH
EVT_83297,41817,97142,5.135,8.288,157.1,407.259,0.43547,MEDIUM
EVT_83298,39299,97765,11.373,7.27,162.5,481.066,0.21063,SAFE
EVT_83299,21934,81900,3.946,9.155,166.4,18.863,0.10588,SAFE
EVT_83300,34117,85088,12.766,9.407,33.5,284.009,0.27917,SAFE
EVT_83301,26004,83824,2.478,11.02,136.5,438.64,0.65485,MEDIUM
EVT_83302,28416,81603,2.556,13.607,159.0,412.8,0.34802,MEDIUM
EVT_83303,28916,87938,30.635,7.214,28.8,64.462,0.1941,SAFE
EVT_83304,27093,95682,2.601,10.8,137.2,466.314,0.77368,MEDIUM
EVT_83305,38467,81397,0.74,7.586,73.8,143.208,0.40758,MEDIUM
EVT_83306,41330,94969,19.547,12.642,173.0,61.645,0.04488,SAFE
EVT_83307,28895,82881,7.426,10.925,153.7,184.969,0.67197,MEDIUM
EVT_83308,39761,96240,24.374,9.513,135.6,371.675,0.06663,SAFE
EVT_83309,26309,83182,19.722,6.786,155.3,382.187,0.00452,SAFE
EVT_83310,45005,80092,12.425,12.548,70.0,144.476,0.2699,SAFE
EVT_83311,41152,86414,49.492,6.189,159.3,435.492,0.0351,SAFE
EVT_83312,32711,99376,63.671,8.16,25.2,340.479,0.09711,SAFE
EVT_83313,31904,93409,3.183,13.496,145.4,32.922,0.09117,SAFE
EVT_83314,48597,88212,0.219,9.414,30.3,423.36,0.94914,HIGH
EVT_83315,45136,87802,0.999,5.894,176.7,232.615,0.65515,MEDIUM
EVT_83316,30577,91703,8.431,10.022,159.8,475.121,0.59289,MEDIUM
EVT_83317,48647,95459,2.939,5.384,50.0,297.042,0.39516,MEDIUM
EVT_83318,34538,95354,0.021,11.755,118.2,233.072,0.58235,MEDIUM
EVT_83319,35020,92770,76.546,12.069,51.0,30.79,0.1138,SAFE
EVT_83320,38048,81266,6.059,5.263,133.1,96.111,0.07663,SAFE
EVT_83321,44692,86181,11.422,10.411,84.1,306.948,0.11773,SAFE
EVT_83322,28795,87963,24.103,12.695,174.8,404.327,0.16141,SAFE
EVT_83323,29953,83825,12.101,5.97,172.6,340.228,0.11049,SAFE
EVT_83324,44032,98937,0.794,6.014,0.4,433.615,0.92884,HIGH
EVT_83325,42621,83180,8.154,10.381,19.2,249.015,0.75875,MEDIUM
EVT_83326,30968,98703,4.278,7.081,52.0,351.056,0.38748,MEDIUM
EVT_83327,34718,96425,4.583,13.99,25.4,175.202,0.53183,MEDIUM
EVT_83328,44574,84878,2.626,13.985,158.0,329.91,0.45636,MEDIUM
EVT_83329,45472,94674,9.101,5.802,93.3,450.901,0.38793,MEDIUM
EVT_83330,23343,89172,2.325,10.153,103.5,155.985,0.53732,MEDIUM
EVT_83331,39932,81085,20.356,10.164,91.7,85.094,0.14906,SAFE
EVT_83332,24379,99027,0.122,8.61,76.4,245.712,0.39363,MEDIUM
EVT_83333,28174,96710,7.234,11.211,75.9,11.937,0.24077,SAFE
EVT_83334,27462,94414,11.162,8.198,114.4,28.948,0.10618,SAFE
EVT_83335,39595,87848,11.196,5.993,110.3,76.756,0.19743,SAFE
EVT_83336,43035,80741,2.455,7.179,9.8,214.429,0.45912,MEDIUM
EVT_83337,35037,82747,19.556,6.025,168.0,85.565,0.25808,SAFE
EVT_83338,34850,97060,21.845,7.075,104.9,276.788,0.07423,SAFE
EVT_83339,37804,84262,8.837,8.746,44.8,489.825,0.58912,MEDIUM
EVT_83340,24529,87484,2.763,9.41,24.9,253.452,0.78964,MEDIUM
EVT_83341,44451,97844,6.333,13.2,72.8,271.065,0.30812,MEDIUM
EVT_83342,42488,85403,9.211,9.596,135.2,280.466,0.45325,MEDIUM
EVT_83343,34857,93078,64.233,7.237,15.2,16.432,0.04735,SAFE
EVT_83344,47727,80688,14.931,5.126,149.7,141.958,0.20151,SAFE
EVT_83345,30454,87313,7.52,7.008,1.5,89.125,0.00742,SAFE
EVT_83346,40241,87004,16.367,12.532,8.2,466.055,0.04453,SAFE
EVT_83347,28136,88828,1.273,10.881,71.9,195.224,0.44051,MEDIUM
EVT_83348,42455,98490,6.415,11.736,131.4,128.467,0.57351,MEDIUM
EVT_83349,35656,91674,1.015,11.685,110.8,136.766,0.64514,MEDIUM
EVT_83350,27056,84797,3.201,9.765,58.6,322.261,0.65694,MEDIUM
EVT_83351,27037,99073,22.296,12.091,56.6,223.842,0.0251,SAFE
EVT_83352,44970,93215,6.165,11.207,3.2,229.843,0.35048,MEDIUM
EVT_83353,41976,91594,8.308,13.39,153.2,472.641,0.51747,MEDIUM
EVT_83354,39713,92655,11.187,11.218,92.4,322.559,0.0281,SAFE
EVT_83355,40614,81236,9.887,11.645,68.6,15.094,0.20925,SAFE
EVT_83356,28149,85794,22.281,7.756,139.8,80.674,0.13632,SAFE
EVT_83357,30031,88388,13.11,5.726,115.4,243.487,0.25173,SAFE
EVT_83358,46688,96599,15.654,6.212,31.6,66.978,0.21764,SAFE
EVT_83359,42190,80193,46.137,6.905,13.5,43.32,0.22532,SAFE
EVT_83360,38240,97157,8.985,5.201,128.4,277.138,0.5737,MEDIUM
EVT_83361,49118,84861,6.731,7.178,167.1,295.114,0.31982,MEDIUM
EVT_83362,46620,98107,7.859,8.122,7.8,406.218,0.60607,MEDIUM
EVT_83363,25955,94494,23.804,9.457,140.2,408.786,0.00157,SAFE
EVT_83364,24745,87435,3.001,10.698,169.0,365.276,0.54663,MEDIUM
EVT_83365,28924,96915,10.308,6.9,137.3,405.472,0.0289,SAFE
EVT_83366,46226,85684,28.109,6.725,145.1,282.373,0.13854,SAFE
EVT_83367,43338,93947,50.818,9.339,46.3,76.571,0.04286,SAFE
EVT_83368,31368,91262,8.818,7.306,122.8,238.351,0.67625,MEDIUM
EVT_83369,30691,82692,62.473,12.161,64.5,31.055,0.26985,SAFE
EVT_83370,48021,90257,73.268,10.947,150.9,21.255,0.23812,SAFE
EVT_83371,23964,96982,11.833,11.824,51.5,39.071,0.22049,SAFE
EVT_83372,38692,80574,30.698,8.083,141.6,392.495,0.07162,SAFE
EVT_83373,36170,84608,17.627,14.2,151.7,46.805,0.19413,SAFE
EVT_83374,42380,94031,35.442,14.434,152.7,342.908,0.14682,SAFE
EVT_83375,40480,88484,22.293,5.21,63.7,343.28,0.11258,SAFE
EVT_83376,36340,93120,20.425,8.783,87.5,82.134,0.11164,SAFE
EVT_83377,26233,93819,1.284,12.334,162.7,366.036,0.87141,HIGH
EVT_83378,37875,86258,2.098,9.487,53.3,323.903,0.67889,MEDIUM
EVT_83379,24459,92524,27.375,8.875,31.8,419.373,0.27331,SAFE
EVT_83380,28123,83219,12.252,8.446,158.1,25.064,0.08758,SAFE
EVT_83381,36154,84563,31.712,14.377,111.1,88.923,0.00794,SAFE
EVT_83382,21786,86078,7.171,13.204,172.3,15.9,0.02529,SAFE
EVT_83383,49461,80789,28.728,7.281,30.5,346.659,0.2846,SAFE
EVT_83384,49481,94782,5.878,13.706,84.7,46.89,0.05828,SAFE
EVT_83385,28922,97190,14.13,11.361,86.0,21.029,0.20684,SAFE
EVT_83386,21017,95285,2.957,13.88,164.2,460.418,0.63696,MEDIUM
EVT_83387,20847,87402,4.573,5.913,134.6,129.058,0.72957,MEDIUM
EVT_83388,47583,90415,4.116,7.027,79.6,256.039,0.56375,MEDIUM
EVT_83389,32656,98191,4.813,7.125,33.7,441.352,0.75688,MEDIUM
EVT_83390,38195,95271,5.463,13.871,63.2,316.238,0.4675,MEDIUM
EVT_83391,36808,80019,9.836,9.801,9.0,451.82,0.71833,MEDIUM
EVT_83392,26835,98124,16.166,13.34,71.7,299.746,0.12927,SAFE
EVT_83393,44664,99990,42.042,14.616,63.0,139.721,0.05384,SAFE
EVT_83394,23425,80305,16.319,14.356,175.1,242.02,0.01771,SAFE
EVT_83395,28416,90041,4.901,6.974,139.6,153.306,0.36976,MEDIUM
EVT_83396,34913,99659,78.176,13.515,37.9,285.971,0.11836,SAFE
EVT_83397,44912,93681,13.132,12.676,85.1,357.389,0.00622,SAFE
EVT_83398,23529,94331,17.22,10.195,45.0,71.839,0.07677,SAFE
EVT_83399,44449,92213,6.142,7.073,39.1,138.439,0.68227,MEDIUM
EVT_83400,27975,94758,8.855,13.243,3.9,410.908,0.66363,MEDIUM
EVT_83401,44716,97588,15.266,9.419,25.3,142.299,0.11207,SAFE
EVT_83402,26577,81918,9.617,5.142,66.5,371.19,0.66003,MEDIUM
EVT_83403,40300,98813,7.522,5.547,2.1,467.535,0.69843,MEDIUM
EVT_83404,21047,85668,11.022,14.488,116.1,310.587,0.16691,SAFE
EVT_83405,37905,80879,28.705,7.648,58.3,208.178,0.18002,SAFE
EVT_83406,37750,96397,5.919,10.866,110.7,458.972,0.40653,MEDIUM
EVT_83407,22596,82688,46.592,12.78,27.8,62.269,0.19053,SAFE
EVT_83408,35318,88397,3.946,8.618,82.1,297.119,0.78328,MEDIUM
EVT_83409,48263,84306,1.324,8.901,105.8,284.979,0.36838,MEDIUM
EVT_83410,43570,85500,2.488,11.484,118.4,94.755,0.02748,SAFE
EVT_83411,40625,80013,7.768,9.841,35.2,36.791,0.25534,SAFE
EVT_83412,45145,90260,13.353,5.68,139.2,358.771,0.09944,SAFE
EVT_83413,42447,86234,15.251,11.292,8.5,432.283,0.08646,SAFE
EVT_83414,45476,86950,3.876,13.771,38.7,292.996,0.64239,MEDIUM
EVT_83415,35961,96483,56.066,11.197,80.0,377.66,0.1216,SAFE
EVT_83416,46583,93842,4.797,11.339,54.7,29.773,0.05336,SAFE
EVT_83417,44844,81094,3.905,10.258,46.6,201.725,0.58581,MEDIUM
EVT_83418,32810,97656,28.826,10.186,173.0,12.653,0.24265,SAFE
EVT_83419,44108,86294,1.071,12.875,15.9,462.099,0.84946,HIGH
EVT_83420,29597,93710,11.825,11.32,65.2,113.905,0.13725,SAFE
EVT_83421,35165,88356,11.93,6.173,53.6,95.432,0.23378,SAFE
EVT_83422,27954,91020,13.461,12.61,31.5,352.048,0.24463,SAFE
EVT_83423,42139,86136,6.18,8.298,17.4,492.789,0.40495,MEDIUM
EVT_83424,48741,96934,27.757,6.949,174.5,56.743,0.26431,SAFE
EVT_83425,42996,93057,7.113,9.865,93.7,78.238,0.18355,SAFE
EVT_83426,22259,89663,11.171,8.533,46.4,455.772,0.13078,SAFE
EVT_83427,28870,87492,4.402,13.639,145.3,458.627,0.43172,MEDIUM
EVT_83428,41375,89295,3.128,12.8,119.5,166.886,0.43814,MEDIUM
EVT_83429,27375,97486,11.094,9.997,7.3,301.113,0.22858,SAFE
EVT_83430,48098,99745,10.936,13.372,174.6,156.021,0.04966,SAFE
EVT_83431,46021,99225,5.731,12.189,137.9,207.159,0.50879,MEDIUM
EVT_83432,46855,82032,41.411,11.621,131.6,99.119,0.16377,SAFE
EVT_83433,22558,95813,4.182,7.717,28.2,469.139,0.59183,MEDIUM
EVT_83434,36820,96519,1.451,7.841,76.5,361.544,0.81122,HIGH
EVT_83435,31222,81719,5.126,6.176,3.8,34.667,0.1723,SAFE
EVT_83436,48583,81158,5.553,9.88,146.8,45.593,0.19354,SAFE
EVT_83437,26699,91284,30.304,11.273,70.5,388.986,0.21234,SAFE
EVT_83438,22064,99876,10.441,11.745,72.6,76.453,0.18915,SAFE
EVT_83439,42763,80578,8.018,12.001,97.3,379.955,0.66992,MEDIUM
EVT_83440,22979,82566,9.858,14.385,71.1,468.071,0.7807,MEDIUM
EVT_83441,43644,91432,20.557,7.069,179.2,12.441,0.00978,SAFE
EVT_83442,44298,96469,7.645,8.366,160.5,447.718,0.65799,MEDIUM
EVT_83443,48374,94891,10.736,5.421,76.9,454.782,0.21768,SAFE
EVT_83444,48842,95903,9.689,12.175,123.2,343.244,0.59449,MEDIUM
EVT_83445,49507,87977,0.591,5.877,2.3,369.579,0.93834,HIGH
EVT_83446,36038,97102,16.674,12.98,107.8,237.174,0.17948,SAFE
EVT_83447,43821,91155,7.67,9.439,10.3,64.635,0.1601,SAFE
EVT_83448,32927,97139,19.146,8.762,21.5,253.173,0.0199,SAFE
EVT_83449,39828,82291,28.856,10.142,150.6,212.467,0.11205,SAFE
EVT_83450,20247,85471,23.109,7.357,139.5,182.79,0.08039,SAFE
EVT_83451,33792,85210,15.19,13.742,48.2,285.796,0.01476,SAFE
EVT_83452,43543,98865,10.343,12.189,107.0,80.724,0.01234,SAFE
EVT_83453,31972,95914,12.761,5.255,179.1,23.731,0.24371,SAFE
EVT_83454,45478,97019,11.966,7.56,117.9,447.448,0.01158,SAFE
EVT_83455,20165,89195,4.437,9.14,4.2,239.202,0.31435,MEDIUM
EVT_83456,21963,85394,10.42,6.941,27.2,24.136,0.17622,SAFE
EVT_83457,49490,86119,20.282,11.432,92.7,168.121,0.26845,SAFE
EVT_83458,25273,91040,3.592,7.96,132.5,341.78,0.41104,MEDIUM
EVT_83459,45768,91609,5.27,6.27,135.0,116.104,0.48591,MEDIUM
EVT_83460,42729,85899,6.444,7.219,23.0,125.358,0.43089,MEDIUM
EVT_83461,28161,90815,5.738,7.381,145.9,223.753,0.48936,MEDIUM
EVT_83462,41866,98980,12.044,14.766,3.6,193.85,0.0745,SAFE
EVT_83463,24610,99869,34.305,10.242,130.5,364.466,0.26479,SAFE
EVT_83464,43228,93849,0.683,6.504,115.1,98.879,0.21133,SAFE
EVT_83465,36896,84846,18.937,14.749,2.7,265.717,0.24012,SAFE
EVT_83466,20848,86765,0.629,8.497,20.8,312.997,0.82721,HIGH
EVT_83467,27576,83609,19.798,5.141,11.3,161.519,0.22726,SAFE
EVT_83468,23641,80160,11.895,12.574,88.4,48.372,0.24411,SAFE
EVT_83469,47226,96978,38.766,6.528,155.7,199.6,0.18105,SAFE
EVT_83470,21359,91534,3.917,8.339,120.8,406.117,0.5378,MEDIUM
EVT_83471,27585,99422,13.046,12.01,65.7,383.82,0.26983,SAFE
EVT_83472,43035,82602,15.618,6.707,143.7,58.722,0.01468,SAFE
EVT_83473,21102,82531,16.179,12.572,63.9,163.094,0.21613,SAFE
EVT_83474,40291,85190,4.443,9.135,161.6,196.567,0.76027,MEDIUM
EVT_83475,44290,85903,15.32,5.772,147.8,325.949,0.1057,SAFE
EVT_83476,31163,88932,32.857,5.052,156.7,161.108,0.12608,SAFE
EVT_83477,28123,84377,2.757,14.253,156.5,228.432,0.40682,MEDIUM
EVT_83478,43033,99815,0.616,14.672,95.9,444.926,0.85741,HIGH
EVT_83479,37532,82867,9.492,9.175,63.3,240.959,0.62191,MEDIUM
EVT_83480,36860,84228,4.388,11.851,178.0,461.954,0.71846,MEDIUM
EVT_83481,35619,92384,3.919,14.615,91.8,414.0,0.71233,MEDIUM
EVT_83482,40965,83992,34.242,8.998,15.6,51.928,0.01918,SAFE
EVT_83483,42818,81806,7.888,7.082,13.5,24.165,0.24594,SAFE
EVT_83484,49176,93318,10.088,9.058,116.6,496.337,0.09756,SAFE
EVT_83485,48953,83015,3.527,10.095,125.3,85.061,0.0214,SAFE
EVT_83486,25954,98544,5.827,8.224,74.9,439.619,0.37932,MEDIUM
EVT_83487,24499,85375,16.078,12.051,167.9,16.316,0.24467,SAFE
EVT_83488,34852,81207,6.427,13.535,58.6,200.42,0.57347,MEDIUM
EVT_83489,25053,96739,10.559,8.642,92.8,186.194,0.21386,SAFE
EVT_83490,33630,98104,16.794,11.441,158.5,395.201,0.07931,SAFE
EVT_83491,35371,81555,5.949,6.412,154.8,35.294,0.10648,SAFE
EVT_83492,42226,85733,16.459,11.086,131.6,16.19,0.23347,SAFE
EVT_83493,49807,94635,21.206,5.481,90.3,276.756,0.27204,SAFE
EVT_83494,38912,91449,4.021,13.271,74.6,61.792,0.2213,SAFE
EVT_83495,28003,82301,8.309,10.433,96.4,12.048,0.06301,SAFE
EVT_83496,24784,95158,17.766,12.333,124.8,255.221,0.16436,SAFE
EVT_83497,33400,83837,27.738,14.783,17.7,152.017,0.24942,SAFE
EVT_83498,49896,95005,9.481,6.965,58.7,191.593,0.63756,MEDIUM
EVT_83499,35085,94820,32.756,12.921,111.7,43.107,0.14915,SAFE
EVT_83500,30990,88964,56.718,11.733,179.7,339.512,0.22618,SAFE
EVT_83501,26946,84001,7.711,5.019,13.6,376.583,0.42185,MEDIUM
EVT_83502,37286,96391,11.051,11.44,162.4,125.014,0.16847,SAFE
EVT_83503,20666,95543,4.565,7.806,163.8,81.608,0.26761,SAFE
EVT_83504,37140,95084,13.305,8.975,81.5,168.381,0.25776,SAFE
EVT_83505,41249,87374,22.337,8.831,70.0,343.861,0.01767,SAFE
EVT_83506,24815,94178,19.588,11.512,104.0,181.677,0.15623,SAFE
EVT_83507,21419,99099,0.042,12.111,90.5,323.605,0.82201,HIGH
EVT_83508,40806,90244,0.42,13.699,178.4,313.288,0.84786,HIGH
EVT_83509,20476,80416,1.651,6.277,48.8,296.858,0.6546,MEDIUM
EVT_83510,22763,91388,9.002,9.567,26.0,259.838,0.55225,MEDIUM
EVT_83511,28848,80189,18.824,13.756,122.6,395.57,0.1272,SAFE
EVT_83512,46501,87139,5.332,11.422,163.9,188.495,0.69493,MEDIUM
EVT_83513,30405,99257,41.085,12.486,117.2,374.46,0.19588,SAFE
EVT_83514,47065,82103,4.432,8.486,119.6,170.972,0.74091,MEDIUM
EVT_83515,41310,94873,6.089,5.747,91.6,21.868,0.24141,SAFE
EVT_83516,41610,95114,9.296,11.334,145.7,231.491,0.55033,MEDIUM
EVT_83517,22636,97618,12.987,14.202,113.8,471.986,0.23324,SAFE
EVT_83518,26473,87324,10.188,9.107,170.9,237.359,0.28432,SAFE
EVT_83519,33790,98620,12.049,10.674,150.7,442.316,0.21892,SAFE
EVT_83520,35912,89881,34.07,6.672,126.3,487.866,0.22195,SAFE
EVT_83521,37040,92545,10.549,11.026,3.8,496.274,0.1336,SAFE
EVT_83522,48984,84676,6.713,11.423,39.2,411.089,0.33812,MEDIUM
EVT_83523,29935,81305,1.056,9.03,53.2,89.323,0.14413,SAFE
EVT_83524,42749,87482,30.469,9.628,179.2,137.239,0.09525,SAFE
EVT_83525,28381,97232,2.734,8.659,114.5,437.947,0.55515,MEDIUM
EVT_83526,43629,93322,7.246,10.19,85.2,192.199,0.75452,MEDIUM
EVT_83527,34269,92712,24.059,7.324,51.5,192.806,0.0649,SAFE
EVT_83528,36432,80456,49.885,6.346,84.5,443.934,0.05526,SAFE
EVT_83529,29618,88114,2.135,14.932,16.4,215.449,0.30739,MEDIUM
EVT_83530,39542,98589,9.723,8.815,28.4,249.697,0.41882,MEDIUM
EVT_83531,48461,84643,13.834,9.866,42.1,242.731,0.27087,SAFE
EVT_83532,21186,93771,0.111,10.26,148.4,91.203,0.14462,SAFE
EVT_83533,36262,98294,15.422,14.474,61.4,97.412,0.15269,SAFE
EVT_83534,24125,89394,32.095,5.176,154.6,340.261,0.19473,SAFE
EVT_83535,24044,81371,9.858,8.36,177.3,72.023,0.24515,SAFE
EVT_83536,44368,82498,6.932,8.11,174.4,248.473,0.64902,MEDIUM
EVT_83537,33977,99454,22.727,7.411,8.7,458.694,0.24408,SAFE
EVT_83538,46017,85658,6.422,10.274,164.7,87.736,0.06622,SAFE
EVT_83539,46455,90974,18.933,11.509,11.6,357.781,0.00894,SAFE
EVT_83540,26251,96179,3.398,13.204,153.0,143.011,0.355,MEDIUM
EVT_83541,41798,92226,11.044,10.965,132.5,52.391,0.20481,SAFE
EVT_83542,24969,98601,4.732,6.59,15.1,49.66,0.15367,SAFE
EVT_83543,36736,90884,4.432,12.193,105.7,198.77,0.63868,MEDIUM
EVT_83544,23686,80499,23.038,11.097,149.4,265.105,0.10737,SAFE
EVT_83545,25981,92567,4.171,14.404,144.6,265.913,0.39124,MEDIUM
EVT_83546,20570,84155,20.342,8.79,45.1,470.06,0.22966,SAFE
EVT_83547,35531,98081,9.096,8.035,44.6,431.312,0.3466,MEDIUM
EVT_83548,40219,88604,24.688,9.854,173.5,441.038,0.25542,SAFE
EVT_83549,36624,92209,11.698,6.315,119.9,311.947,0.20147,SAFE
EVT_83550,39663,81820,1.683,8.085,122.3,379.544,0.91181,HIGH
EVT_83551,48776,83289,1.347,5.309,157.1,65.727,0.10698,SAFE
EVT_83552,20614,96052,10.17,13.675,64.9,105.461,0.09716,SAFE
EVT_83553,33268,85985,4.039,7.355,139.9,479.86,0.50217,MEDIUM
EVT_83554,23918,85782,34.228,10.241,21.5,335.304,0.13712,SAFE
EVT_83555,30601,97818,32.371,7.55,70.3,473.984,0.00028,SAFE
EVT_83556,26215,89485,4.535,13.403,113.0,175.736,0.58491,MEDIUM
EVT_83557,41558,98379,3.121,12.503,131.5,372.159,0.44252,MEDIUM
EVT_83558,26523,90347,4.147,6.772,176.2,469.043,0.40256,MEDIUM
EVT_83559,35582,97660,17.277,9.368,176.6,431.665,0.04617,SAFE
EVT_83560,31784,94202,15.281,12.252,102.2,170.121,0.17739,SAFE
EVT_83561,30681,81573,9.104,9.849,176.1,70.35,0.14303,SAFE
EVT_83562,39775,88329,0.067,13.556,177.2,368.002,0.85445,HIGH
EVT_83563,34845,97390,13.14,13.036,9.9,372.768,0.23514,SAFE
EVT_83564,42063,91658,22.263,12.868,69.5,126.994,0.11122,SAFE
EVT_83565,46330,95983,9.073,10.805,158.0,285.04,0.63845,MEDIUM
EVT_83566,43127,95993,12.87,11.11,71.1,327.018,0.17509,SAFE
EVT_83567,44505,85928,0.744,5.703,2.9,89.873,0.08758,SAFE
EVT_83568,34490,82231,80.415,7.059,147.5,377.571,0.10355,SAFE
EVT_83569,26051,88743,0.12,8.154,100.1,266.485,0.73379,MEDIUM
EVT_83570,26350,80549,15.824,13.821,86.3,109.444,0.05012,SAFE
EVT_83571,46094,85160,0.955,12.226,121.3,429.656,0.83569,HIGH
EVT_83572,20248,98592,6.674,13.788,120.1,425.247,0.40886,MEDIUM
EVT_83573,45415,86702,11.475,10.246,39.7,112.956,0.24786,SAFE
EVT_83574,43381,84669,2.599,7.852,126.9,266.954,0.46859,MEDIUM
EVT_83575,35034,87435,2.784,13.538,88.3,301.237,0.71278,MEDIUM
EVT_83576,42480,96124,5.48,6.266,56.2,68.726,0.28835,SAFE
EVT_83577,47266,97648,3.491,14.324,55.4,304.19,0.40398,MEDIUM
EVT_83578,31152,82768,23.714,10.955,126.0,99.468,0.07769,SAFE
EVT_83579,24352,85774,19.129,13.963,170.4,126.725,0.27338,SAFE
EVT_83580,24085,80136,11.064,13.32,22.3,23.682,0.0205,SAFE
EVT_83581,46955,93088,11.009,14.59,142.0,51.236,0.18887,SAFE
EVT_83582,26792,95794,2.303,11.492,128.1,54.022,0.2884,SAFE
EVT_83583,46581,85081,1.247,10.276,139.4,475.113,0.96376,HIGH
EVT_83584,43446,84821,17.754,12.929,39.7,275.396,0.14033,SAFE
EVT_83585,37939,90415,8.889,13.789,176.1,130.875,0.54597,MEDIUM
EVT_83586,20818,89871,3.69,8.659,39.1,421.435,0.57582,MEDIUM
EVT_83587,24830,83721,10.163,12.693,60.4,371.278,0.11732,SAFE
EVT_83588,39494,86172,0.345,14.975,142.3,299.078,0.75254,MEDIUM
EVT_83589,25834,97386,7.535,8.422,30.1,437.424,0.57817,MEDIUM
EVT_83590,37394,93603,0.54,12.4,51.4,168.583,0.58255,MEDIUM
EVT_83591,24046,81787,4.208,9.178,36.4,398.358,0.31052,MEDIUM
EVT_83592,25585,80223,8.831,9.469,52.0,468.8,0.48016,MEDIUM
EVT_83593,40511,99390,1.805,14.609,152.6,68.646,0.25264,SAFE
EVT_83594,21442,88358,3.07,14.491,91.5,42.088,0.25898,SAFE
EVT_83595,39072,80302,27.598,10.84,22.7,496.265,0.21885,SAFE
EVT_83596,23104,89468,13.484,7.558,110.5,319.449,0.03461,SAFE
EVT_83597,48631,83755,0.863,9.796,166.1,235.644,0.51853,MEDIUM
EVT_83598,29910,93839,0.761,5.226,121.0,311.843,0.83472,HIGH
EVT_83599,48845,85720,4.889,11.151,177.6,498.256,0.50933,MEDIUM
EVT_83600,36011,97311,7.437,10.568,159.3,264.397,0.48312,MEDIUM
EVT_83601,23332,99286,0.547,7.12,111.0,186.901,0.41989,MEDIUM
EVT_83602,20322,98504,20.009,5.166,67.5,459.318,0.25207,SAFE
EVT_83603,35508,97859,8.853,9.693,127.2,281.841,0.78422,MEDIUM
EVT_83604,34225,88051,6.727,6.891,144.7,348.924,0.50565,MEDIUM
EVT_83605,25368,92363,35.201,7.833,39.7,317.327,0.01482,SAFE
EVT_83606,49790,85996,0.214,14.275,91.3,380.979,0.90398,HIGH
EVT_83607,41943,90747,70.504,13.863,174.2,392.743,0.17436,SAFE
EVT_83608,26942,94592,14.43,9.008,111.9,143.404,0.25558,SAFE
EVT_83609,37263,87324,5.69,11.614,152.8,128.05,0.49485,MEDIUM
EVT_83610,45009,81273,15.204,11.375,21.9,209.736,0.19912,SAFE
EVT_83611,45498,87100,4.621,7.044,166.2,194.897,0.51165,MEDIUM
EVT_83612,23037,88570,0.48,7.13,108.9,142.428,0.43472,MEDIUM
EVT_83613,23739,82387,4.033,7.679,21.2,36.153,0.17832,SAFE
EVT_83614,30082,98486,0.668,7.985,77.3,330.896,0.87963,HIGH
EVT_83615,37784,89915,5.879,7.995,16.0,269.533,0.74545,MEDIUM
EVT_83616,21170,83762,4.617,10.128,54.9,452.246,0.35834,MEDIUM
EVT_83617,33514,93322,16.236,11.873,106.0,297.088,0.048,SAFE
EVT_83618,24841,95074,16.572,6.632,119.2,194.042,0.17952,SAFE
EVT_83619,36038,90840,10.489,8.937,155.1,295.407,0.11995,SAFE
EVT_83620,34631,87248,25.722,10.034,139.9,109.469,0.16761,SAFE
EVT_83621,45191,94943,13.066,14.95,37.6,359.191,0.07829,SAFE
EVT_83622,31910,88000,11.64,14.76,31.7,222.18,0.00846,SAFE
EVT_83623,21561,81238,8.452,13.025,99.0,304.854,0.54626,MEDIUM
EVT_83624,38536,97587,6.58,12.165,165.0,192.981,0.6643,MEDIUM
EVT_83625,27770,87890,25.464,7.43,37.3,382.609,0.08435,SAFE
EVT_83626,45564,84094,28.419,10.652,95.9,340.918,0.21598,SAFE
EVT_83627,46419,91908,0.049,10.041,122.6,484.109,0.95392,HIGH
EVT_83628,22591,88342,0.794,8.411,77.3,293.277,0.55525,MEDIUM
EVT_83629,34343,97047,3.086,5.347,129.4,162.779,0.46713,MEDIUM
EVT_83630,32754,92253,4.946,5.617,93.0,167.893,0.34448,MEDIUM
EVT_83631,23128,82843,4.242,14.292,68.2,167.479,0.36236,MEDIUM
EVT_83632,45719,85241,21.451,5.179,108.7,413.505,0.10771,SAFE
EVT_83633,47188,98024,42.148,13.163,101.7,176.445,0.12637,SAFE
EVT_83634,40255,87549,11.107,13.504,127.4,353.436,0.24509,SAFE
EVT_83635,41162,81465,14.255,12.071,77.2,488.569,0.28111,SAFE
EVT_83636,30804,83169,11.721,10.488,115.4,327.117,0.18156,SAFE
EVT_83637,49630,89005,27.654,10.086,35.6,24.193,0.24038,SAFE
EVT_83638,40761,94367,18.663,11.639,104.8,493.804,0.16771,SAFE
EVT_83639,36838,82622,4.326,5.525,143.7,255.741,0.73959,MEDIUM
EVT_83640,43009,86451,2.861,8.266,173.5,407.506,0.65015,MEDIUM
EVT_83641,23798,98607,12.295,11.503,172.8,202.416,0.1243,SAFE
EVT_83642,29333,85301,22.302,9.056,91.9,316.77,0.10838,SAFE
EVT_83643,46585,90544,6.798,11.383,75.6,443.044,0.74727,MEDIUM
EVT_83644,27669,89361,8.751,12.801,38.6,413.413,0.33431,MEDIUM
EVT_83645,41814,88899,9.237,11.928,120.9,381.627,0.77242,MEDIUM
EVT_83646,49284,81186,19.063,7.853,123.5,382.869,0.02051,SAFE
EVT_83647,32197,91045,30.611,9.084,137.7,335.972,0.00281,SAFE
EVT_83648,34010,96348,21.351,14.172,25.9,121.365,0.26643,SAFE
EVT_83649,27135,82526,24.478,6.047,92.4,10.94,0.08734,SAFE
EVT_83650,42862,95817,7.053,7.511,59.8,15.53,0.12261,SAFE
EVT_83651,43544,99036,12.07,8.956,55.2,242.84,0.21732,SAFE
EVT_83652,32792,93518,4.377,12.57,152.0,69.08,0.28521,SAFE
EVT_83653,46097,90763,3.525,5.496,31.9,32.21,0.17972,SAFE
EVT_83654,48186,96072,8.066,11.05,158.3,257.519,0.40716,MEDIUM
EVT_83655,21501,83352,9.257,8.918,123.3,242.41,0.54848,MEDIUM
EVT_83656,45690,92956,20.595,14.686,140.0,188.104,0.25684,SAFE
EVT_83657,22955,92086,9.189,13.531,46.8,178.068,0.54317,MEDIUM
EVT_83658,21865,87101,3.963,14.547,90.4,487.506,0.41915,MEDIUM
EVT_83659,23383,98330,16.259,14.405,43.5,326.216,0.28813,SAFE
EVT_83660,22366,85460,1.369,5.775,5.9,99.384,0.05915,SAFE
EVT_83661,49217,87124,10.078,5.13,10.1,220.708,0.13702,SAFE
EVT_83662,20357,98274,1.399,6.393,102.8,277.155,0.47497,MEDIUM
EVT_83663,21056,83987,14.552,9.875,107.7,82.56,0.0646,SAFE
EVT_83664,37660,81060,27.078,8.481,43.9,104.446,0.11722,SAFE
EVT_83665,24614,83007,3.648,10.797,169.1,61.442,0.07158,SAFE
EVT_83666,28629,85503,18.735,13.882,99.3,133.298,0.04199,SAFE
EVT_83667,26558,94762,20.62,14.863,85.7,376.025,0.11645,SAFE
EVT_83668,40290,86178,14.621,12.169,65.4,365.403,0.26277,SAFE
EVT_83669,30457,86919,1.828,5.553,68.4,41.375,0.19219,SAFE
EVT_83670,30641,87149,0.831,5.986,91.0,142.581,0.36238,MEDIUM
EVT_83671,20360,95367,8.044,6.318,119.6,352.201,0.43647,MEDIUM
EVT_83672,29187,80893,9.192,8.27,49.5,481.415,0.74394,MEDIUM
EVT_83673,42861,94042,9.497,8.407,62.8,275.825,0.4268,MEDIUM
EVT_83674,44625,80330,25.867,6.57,87.4,37.306,0.19089,SAFE
EVT_83675,21518,96352,8.85,6.94,135.6,251.965,0.55272,MEDIUM
EVT_83676,44541,92574,10.697,7.026,84.9,397.058,0.16159,SAFE
EVT_83677,43618,91929,11.606,7.159,179.0,155.954,0.00177,SAFE
EVT_83678,25111,89145,20.88,10.508,47.8,385.487,0.02312,SAFE
EVT_83679,38993,87717,7.613,13.348,61.8,117.205,0.60225,MEDIUM
EVT_83680,37606,94301,2.791,12.777,116.5,163.696,0.67294,MEDIUM
EVT_83681,27917,90598,6.176,11.908,59.1,426.432,0.67495,MEDIUM
EVT_83682,41454,91090,0.955,7.409,62.2,30.838,0.00942,SAFE
EVT_83683,33181,83616,3.114,8.562,149.1,320.617,0.5793,MEDIUM
EVT_83684,45375,84093,42.173,8.831,17.2,491.498,0.2809,SAFE
EVT_83685,42467,98291,6.415,11.766,65.9,424.541,0.32336,MEDIUM
EVT_83686,46257,81502,29.274,7.646,30.4,122.252,0.14355,SAFE
EVT_83687,20758,95011,0.244,7.53,54.9,325.797,0.9671,HIGH
EVT_83688,45206,96968,6.02,8.348,87.5,443.431,0.58641,MEDIUM
EVT_83689,21040,88275,2.841,5.281,171.9,177.786,0.62903,MEDIUM
EVT_83690,26029,82323,38.252,13.957,152.9,402.886,0.19162,SAFE
EVT_83691,28783,87526,26.008,5.991,34.6,227.487,0.05915,SAFE
EVT_83692,27905,81432,0.965,8.147,70.8,247.374,0.72737,MEDIUM
EVT_83693,37072,96203,10.031,10.731,177.3,363.74,0.11035,SAFE
EVT_83694,42754,92499,6.135,14.412,103.1,440.822,0.73116,MEDIUM
EVT_83695,43518,89732,13.419,7.294,19.8,341.043,0.12681,SAFE
EVT_83696,42062,96019,7.873,12.111,8.0,46.239,0.01825,SAFE
EVT_83697,47307,90058,10.82,14.977,10.7,13.766,0.18295,SAFE
EVT_83698,21117,87315,3.496,11.631,103.3,125.697,0.46849,MEDIUM
EVT_83699,35472,88664,0.594,14.11,146.0,212.832,0.43949,MEDIUM
EVT_83700,31862,93745,28.909,14.633,67.0,248.952,0.28431,SAFE
EVT_83701,29439,90703,18.698,9.253,174.0,92.228,0.09567,SAFE
EVT_83702,25491,89064,52.242,9.156,53.3,325.732,0.24001,SAFE
EVT_83703,39702,81633,36.476,9.947,6.5,127.742,0.10044,SAFE
EVT_83704,40106,97771,46.223,9.615,171.8,119.149,0.10999,SAFE
EVT_83705,44472,91872,0.052,8.922,101.0,283.498,0.36809,MEDIUM
EVT_83706,40114,97453,7.065,11.992,39.1,304.287,0.68553,MEDIUM
EVT_83707,36556,99358,21.197,9.371,152.9,12.598,0.01543,SAFE
EVT_83708,36920,81759,5.859,7.168,113.8,446.221,0.36381,MEDIUM
EVT_83709,31080,80342,1.282,13.11,1.8,45.18,0.17827,SAFE
EVT_83710,37806,96508,4.396,9.209,111.0,44.524,0.08195,SAFE
EVT_83711,37509,99585,30.337,13.35,143.5,389.342,0.03407,SAFE
EVT_83712,36422,89283,12.833,10.309,38.1,239.545,0.22344,SAFE
EVT_83713,41232,91288,5.64,10.683,109.0,389.187,0.32681,MEDIUM
EVT_83714,28738,93584,0.483,9.098,41.0,462.034,0.91452,HIGH
EVT_83715,48788,93579,13.18,5.549,63.2,294.986,0.06158,SAFE
EVT_83716,45554,82190,10.92,6.495,6.4,375.604,0.0307,SAFE
EVT_83717,22548,91392,22.54,6.057,140.4,160.68,0.28619,SAFE
EVT_83718,28580,98260,35.314,14.951,15.4,363.298,0.21435,SAFE
EVT_83719,38761,81727,2.756,13.084,20.6,67.074,0.14169,SAFE
EVT_83720,28195,98071,12.384,6.91,107.8,420.639,0.23345,SAFE
EVT_83721,23582,80129,4.26,8.521,58.8,223.866,0.6815,MEDIUM
EVT_83722,34523,89452,76.172,6.925,114.8,311.409,0.113,SAFE
EVT_83723,48533,85224,1.004,10.926,85.6,81.978,0.09114,SAFE
EVT_83724,48803,95043,0.502,13.53,27.3,309.45,0.96975,HIGH
EVT_83725,32765,90720,2.314,6.611,104.7,74.165,0.05329,SAFE
EVT_83726,20745,81929,4.219,14.454,58.8,276.249,0.73628,MEDIUM
EVT_83727,47870,91252,10.078,7.025,95.7,404.116,0.0753,SAFE
EVT_83728,45525,94455,7.118,9.53,144.7,239.759,0.74837,MEDIUM
EVT_83729,29533,81926,2.618,6.136,48.9,376.009,0.74667,MEDIUM
EVT_83730,29826,92718,14.506,6.391,16.6,291.217,0.1755,SAFE
EVT_83731,43725,83060,6.245,14.112,142.1,434.766,0.72332,MEDIUM
EVT_83732,35429,83325,0.541,12.449,117.3,189.839,0.63776,MEDIUM
EVT_83733,29402,87091,6.651,10.846,156.8,241.499,0.73816,MEDIUM
EVT_83734,43185,82826,25.761,14.257,74.7,95.888,0.24004,SAFE
EVT_83735,44361,92373,12.151,9.086,152.1,329.309,0.04615,SAFE
EVT_83736,44649,86581,9.27,11.263,87.6,243.306,0.57493,MEDIUM
EVT_83737,37229,82556,2.322,10.27,34.5,380.874,0.52835,MEDIUM
EVT_83738,40323,83534,1.333,11.076,50.9,448.78,0.90736,HIGH
EVT_83739,35641,82504,58.59,9.237,170.6,185.813,0.01847,SAFE
EVT_83740,25274,81178,13.082,12.647,49.3,364.072,0.20697,SAFE
EVT_83741,35498,98012,4.451,10.182,132.5,18.519,0.21498,SAFE
EVT_83742,27214,91921,11.001,5.423,11.7,463.775,0.09451,SAFE
EVT_83743,22802,86764,11.41,14.931,95.6,61.136,0.10618,SAFE
EVT_83744,35931,90893,7.224,7.377,150.5,159.475,0.34869,MEDIUM
EVT_83745,40953,81337,16.648,14.893,71.5,355.666,0.11287,SAFE
EVT_83746,31365,92881,41.845,5.803,43.9,189.361,0.02579,SAFE
EVT_83747,27822,81137,38.906,13.898,160.8,228.611,0.24991,SAFE
EVT_83748,36404,81947,17.795,14.494,143.0,181.32,0.15301,SAFE
EVT_83749,31811,91686,2.782,8.993,3.6,427.607,0.37671,MEDIUM
EVT_83750,34576,84761,40.313,12.068,83.6,489.701,0.01384,SAFE
EVT_83751,43284,84121,31.732,8.429,53.3,489.872,0.05182,SAFE
EVT_83752,41332,99048,6.8,11.271,98.8,426.909,0.42985,MEDIUM
EVT_83753,21129,83788,6.424,13.31,15.8,329.012,0.45047,MEDIUM
EVT_83754,34401,89860,16.018,11.688,148.3,104.222,0.11661,SAFE
EVT_83755,27947,92051,7.957,9.275,46.5,332.223,0.48162,MEDIUM
EVT_83756,24966,83489,15.895,10.55,16.7,415.963,0.02543,SAFE
EVT_83757,35378,90180,31.478,8.184,178.9,40.001,0.03914,SAFE
EVT_83758,44887,97308,9.831,6.292,120.4,365.446,0.41932,MEDIUM
EVT_83759,45277,99799,0.574,6.089,107.6,215.775,0.63701,MEDIUM
EVT_83760,46292,95600,2.154,13.519,65.4,40.827,0.22643,SAFE
EVT_83761,47636,82393,4.788,10.201,137.3,36.762,0.00141,SAFE
EVT_83762,36223,92888,0.885,12.626,132.8,142.318,0.61125,MEDIUM
EVT_83763,24262,84964,40.106,7.359,176.1,480.603,0.10256,SAFE
EVT_83764,29129,82530,22.49,10.14,82.3,435.956,0.11691,SAFE
EVT_83765,37604,93120,17.906,12.247,134.9,156.04,0.07116,SAFE
EVT_83766,42137,85487,13.494,14.05,168.5,483.299,0.24896,SAFE
EVT_83767,34550,98597,2.941,8.401,133.4,456.97,0.50222,MEDIUM
EVT_83768,23483,87226,19.162,12.637,161.3,99.836,0.03524,SAFE
EVT_83769,46487,89642,15.203,8.944,122.3,213.335,0.03188,SAFE
EVT_83770,22567,84206,1.581,13.573,11.4,34.184,0.16963,SAFE
EVT_83771,39436,94384,23.27,12.19,178.0,369.649,0.082,SAFE
EVT_83772,47875,90556,1.887,9.554,127.3,270.595,0.65389,MEDIUM
EVT_83773,21873,85450,5.809,8.163,124.0,74.121,0.15503,SAFE
EVT_83774,35889,97583,8.628,13.593,70.0,338.81,0.62291,MEDIUM
EVT_83775,32606,94540,1.958,9.989,24.2,47.094,0.23466,SAFE
EVT_83776,38427,82425,15.38,9.294,178.4,276.464,0.12296,SAFE
EVT_83777,20404,84850,8.729,13.517,136.8,252.287,0.60225,MEDIUM
EVT_83778,41623,93280,10.196,8.534,10.7,288.014,0.0478,SAFE
EVT_83779,43949,85927,5.6,9.58,44.2,218.913,0.74178,MEDIUM
EVT_83780,26976,96113,17.738,10.891,84.9,341.899,0.01262,SAFE
EVT_83781,23073,91253,5.836,8.837,51.0,425.182,0.42106,MEDIUM
EVT_83782,20335,91276,34.841,11.692,165.2,213.921,0.27277,SAFE
EVT_83783,34843,89753,11.985,8.303,168.6,466.217,0.13771,SAFE
EVT_83784,42617,84002,10.522,8.2,96.3,248.364,0.2421,SAFE
EVT_83785,31794,87917,8.663,14.77,51.6,61.178,0.27036,SAFE
EVT_83786,41936,89444,59.564,10.116,9.8,273.204,0.27198,SAFE
EVT_83787,27202,85783,8.203,13.556,24.6,462.233,0.7103,MEDIUM
EVT_83788,43043,91560,18.193,11.053,49.1,32.151,0.10677,SAFE
EVT_83789,49746,93929,39.837,12.997,135.4,109.694,0.2776,SAFE
EVT_83790,21392,94549,16.295,11.391,98.9,238.981,0.04791,SAFE
EVT_83791,29651,99432,6.445,13.351,150.7,85.506,0.19596,SAFE
EVT_83792,38590,81687,2.597,8.966,40.8,441.966,0.57168,MEDIUM
EVT_83793,20516,99202,8.038,14.402,110.0,116.75,0.68176,MEDIUM
EVT_83794,27243,80438,5.967,8.275,69.5,164.707,0.36894,MEDIUM
EVT_83795,33371,94923,1.589,9.162,21.9,124.731,0.3611,MEDIUM
EVT_83796,31328,93498,10.509,8.909,127.6,363.509,0.07781,SAFE
EVT_83797,38625,92664,8.072,10.351,85.7,133.827,0.68471,MEDIUM
EVT_83798,34980,95240,31.449,8.843,69.7,313.81,0.08034,SAFE
EVT_83799,30534,89831,18.399,9.228,122.0,461.967,0.19564,SAFE
EVT_83800,46118,96724,2.968,11.723,128.0,49.873,0.05945,SAFE
EVT_83801,26508,87100,0.503,12.803,110.4,289.732,0.68067,MEDIUM
EVT_83802,29639,91590,33.012,12.365,9.2,66.708,0.08229,SAFE
EVT_83803,27315,93686,15.396,11.849,121.7,315.084,0.06835,SAFE
EVT_83804,35847,91046,2.088,5.27,18.0,99.317,0.05502,SAFE
EVT_83805,41531,99269,9.323,12.013,88.7,296.193,0.40275,MEDIUM
EVT_83806,24032,97620,53.224,11.966,26.7,198.267,0.11174,SAFE
EVT_83807,38934,84094,14.201,9.041,93.3,207.356,0.24238,SAFE
EVT_83808,22867,92596,21.723,7.071,70.5,261.099,0.08705,SAFE
EVT_83809,38222,89312,7.924,12.396,174.3,417.98,0.61042,MEDIUM
EVT_83810,40705,92988,22.377,6.912,140.5,217.853,0.00186,SAFE
EVT_83811,30298,80834,3.583,11.727,2.4,77.737,0.02795,SAFE
EVT_83812,47910,96855,0.591,6.817,81.1,410.182,0.94227,HIGH
EVT_83813,43080,95802,1.702,5.452,173.1,196.093,0.5962,MEDIUM
EVT_83814,44398,91673,3.473,13.113,41.2,374.926,0.32357,MEDIUM
EVT_83815,25714,93709,1.546,12.811,63.6,154.407,0.61123,MEDIUM
EVT_83816,37496,88227,1.039,14.45,130.3,361.159,0.93855,HIGH
EVT_83817,36211,82604,4.931,13.765,124.2,401.092,0.55331,MEDIUM
EVT_83818,43669,90201,0.849,8.454,63.5,35.711,0.11452,SAFE
EVT_83819,28409,84070,8.723,5.462,31.4,301.483,0.63998,MEDIUM
EVT_83820,26754,89549,17.796,10.396,34.5,156.796,0.26251,SAFE
EVT_83821,33633,97552,4.712,6.765,89.3,328.742,0.49219,MEDIUM
EVT_83822,34122,80926,46.67,6.577,144.6,292.853,0.27217,SAFE
EVT_83823,33283,85976,22.236,9.626,131.2,137.772,0.16433,SAFE
EVT_83824,35141,93517,19.747,9.258,65.7,25.198,0.09021,SAFE
EVT_83825,32467,83323,21.271,10.511,156.0,273.397,0.15879,SAFE
EVT_83826,48547,89240,0.606,7.227,20.7,358.669,0.89966,HIGH
EVT_83827,25407,92123,6.604,6.237,117.5,276.458,0.73772,MEDIUM
EVT_83828,35808,99934,10.487,11.434,92.0,426.718,0.27969,SAFE
EVT_83829,26047,96984,32.381,7.706,60.5,344.03,0.19269,SAFE
EVT_83830,29834,87189,31.289,6.859,64.2,390.082,0.27699,SAFE
EVT_83831,49588,95929,3.689,7.933,179.9,442.171,0.49428,MEDIUM
EVT_83832,41145,87051,19.226,6.791,73.1,440.423,0.02749,SAFE
EVT_83833,46083,99080,0.11,6.405,170.4,344.191,0.98826,HIGH
EVT_83834,20944,88565,49.928,14.524,60.0,375.213,0.24346,SAFE
EVT_83835,44622,91103,7.014,11.835,94.2,105.869,0.56844,MEDIUM
EVT_83836,41054,82429,7.903,9.984,1.3,74.231,0.25068,SAFE
EVT_83837,47662,82928,3.86,13.343,124.5,444.207,0.73916,MEDIUM
EVT_83838,34070,99755,8.678,7.052,101.7,111.466,0.77507,MEDIUM
EVT_83839,32396,85720,11.455,6.554,5.3,202.11,0.28201,SAFE
EVT_83840,24816,82031,17.056,7.886,152.0,482.493,0.08101,SAFE
EVT_83841,36024,83911,13.046,8.336,113.4,396.38,0.08861,SAFE
EVT_83842,37887,99923,2.932,7.342,114.1,394.796,0.44644,MEDIUM
EVT_83843,37479,87529,14.189,7.332,71.9,50.48,0.0232,SAFE
EVT_83844,46589,81261,7.082,6.555,46.6,458.946,0.66007,MEDIUM
EVT_83845,39892,92718,0.536,11.142,90.3,298.838,0.74232,MEDIUM
EVT_83846,41426,86410,0.365,5.107,94.4,366.203,0.92504,HIGH
EVT_83847,27290,99183,3.756,10.911,39.5,167.259,0.78084,MEDIUM
EVT_83848,33851,99209,19.057,5.06,12.9,149.946,0.05126,SAFE
EVT_83849,35332,85443,26.442,14.768,94.5,107.507,0.07491,SAFE
EVT_83850,41972,87740,24.756,10.695,56.2,33.12,0.10696,SAFE
EVT_83851,43880,93430,6.388,14.063,111.6,186.799,0.45595,MEDIUM
EVT_83852,23360,85694,13.86,9.276,137.4,426.674,0.14481,SAFE
EVT_83853,20193,80052,8.397,9.532,10.9,18.931,0.25497,SAFE
EVT_83854,35349,90186,14.531,11.884,73.9,309.001,0.16623,SAFE
EVT_83855,33533,91063,70.221,8.722,122.8,255.986,0.22121,SAFE
EVT_83856,46447,80045,3.66,9.861,51.1,415.738,0.47691,MEDIUM
EVT_83857,43544,92660,4.141,5.28,112.6,146.345,0.72669,MEDIUM
EVT_83858,45551,87400,0.469,6.331,165.2,58.942,0.21234,SAFE
EVT_83859,32244,93364,38.566,14.798,3.4,328.811,0.20533,SAFE
EVT_83860,25774,92424,25.339,12.545,138.6,172.065,0.05057,SAFE
EVT_83861,49505,96132,6.199,8.587,19.6,262.98,0.39093,MEDIUM
EVT_83862,39905,95928,6.672,8.673,90.1,20.721,0.24292,SAFE
EVT_83863,47467,93403,1.792,8.827,62.9,425.869,0.8654,HIGH
EVT_83864,47946,86366,20.065,5.763,50.4,411.6,0.09845,SAFE
EVT_83865,49404,84645,3.607,8.244,60.6,267.365,0.61676,MEDIUM
EVT_83866,31844,80061,9.608,8.7,19.3,373.65,0.35565,MEDIUM
EVT_83867,28653,89951,5.398,14.468,133.5,66.967,0.02008,SAFE
EVT_83868,35490,85188,27.827,10.391,72.2,37.903,0.13305,SAFE
EVT_83869,33646,88759,3.801,9.598,45.2,236.985,0.70192,MEDIUM
EVT_83870,23293,98478,17.293,14.04,2.2,425.275,0.1445,SAFE
EVT_83871,28018,83593,17.799,8.846,160.0,278.363,0.0189,SAFE
EVT_83872,31443,84899,9.439,7.797,170.4,490.503,0.41846,MEDIUM
EVT_83873,24463,91155,0.707,12.565,52.9,472.167,0.94237,HIGH
EVT_83874,24079,95821,0.447,5.461,145.5,414.641,0.80461,HIGH
EVT_83875,39017,97833,3.828,13.953,92.4,18.25,0.20227,SAFE
EVT_83876,47479,82109,0.553,13.962,134.4,171.238,0.58212,MEDIUM
EVT_83877,38261,87354,8.944,14.32,41.8,230.079,0.5485,MEDIUM
EVT_83878,48923,80264,14.122,6.563,122.8,118.78,0.20208,SAFE
EVT_83879,32166,86184,9.373,11.068,161.4,344.664,0.49289,MEDIUM
EVT_83880,47518,99325,7.062,9.168,19.3,335.676,0.36592,MEDIUM
EVT_83881,49590,84605,0.151,12.8,47.6,138.393,0.56889,MEDIUM
EVT_83882,31975,99008,1.652,10.639,111.5,33.129,0.1187,SAFE
EVT_83883,29186,89961,8.433,10.798,2.3,240.775,0.48319,MEDIUM
EVT_83884,44674,99254,9.575,8.354,176.7,297.429,0.74717,MEDIUM
EVT_83885,43366,96843,11.275,14.164,88.3,456.016,0.07793,SAFE
EVT_83886,24277,93992,5.703,14.45,168.0,460.67,0.69726,MEDIUM
EVT_83887,22486,80929,7.017,10.7,64.3,371.242,0.53841,MEDIUM
EVT_83888,30722,98246,39.403,5.777,110.6,442.948,0.19101,SAFE
EVT_83889,38700,97043,55.81,10.49,151.0,349.553,0.26189,SAFE
EVT_83890,32746,94558,43.053,7.241,73.0,494.982,0.08741,SAFE
EVT_83891,46744,92865,12.804,9.036,72.6,265.849,0.12747,SAFE
EVT_83892,25462,94723,27.897,6.398,137.1,116.773,0.28953,SAFE
EVT_83893,31512,97712,3.189,10.71,43.0,322.33,0.584,MEDIUM
EVT_83894,20616,88352,16.517,6.665,176.1,194.469,0.06451,SAFE
EVT_83895,42340,97936,39.658,10.242,110.3,247.289,0.02242,SAFE
EVT_83896,25039,97094,8.486,8.193,135.2,285.984,0.62395,MEDIUM
EVT_83897,42085,86418,16.546,12.375,61.6,416.25,0.21746,SAFE
EVT_83898,26773,89885,17.6,6.89,29.4,313.439,0.05677,SAFE
EVT_83899,45242,88820,10.711,13.024,140.1,297.221,0.07416,SAFE
EVT_83900,31077,95057,8.901,11.033,165.4,416.23,0.38067,MEDIUM
EVT_83901,31906,84257,5.64,10.194,166.9,30.572,0.25535,SAFE
EVT_83902,39102,83724,6.376,11.913,65.9,419.514,0.69062,MEDIUM
EVT_83903,42420,91179,8.589,11.956,118.4,478.823,0.47782,MEDIUM
EVT_83904,27095,96013,26.79,9.817,101.8,180.762,0.26591,SAFE
EVT_83905,34678,89443,17.381,13.924,177.7,445.749,0.00393,SAFE
EVT_83906,38304,82115,10.188,10.784,138.8,18.625,0.05746,SAFE
EVT_83907,42572,95419,2.757,7.146,36.3,156.667,0.50577,MEDIUM
EVT_83908,48963,87969,20.578,8.111,99.2,127.726,0.28653,SAFE
EVT_83909,42340,97919,81.778,8.048,83.5,192.271,0.19991,SAFE
EVT_83910,31391,94220,22.663,12.136,164.7,303.842,0.22769,SAFE
EVT_83911,21826,88557,55.868,6.127,24.3,58.642,0.21342,SAFE
EVT_83912,35131,90183,23.899,8.816,121.5,210.324,0.26283,SAFE
EVT_83913,29620,82618,9.741,8.909,16.2,420.878,0.35137,MEDIUM
EVT_83914,37385,95898,11.412,5.649,178.9,437.588,0.05586,SAFE
EVT_83915,43944,99574,0.435,10.871,56.6,41.012,0.07161,SAFE
EVT_83916,26620,90552,0.528,11.276,94.4,366.898,0.89155,HIGH
EVT_83917,21678,83877,0.03,13.715,32.2,24.7,0.15273,SAFE
EVT_83918,33287,80840,10.568,6.362,165.5,291.693,0.0067,SAFE
EVT_83919,37911,85473,7.49,12.826,72.5,110.972,0.56069,MEDIUM
EVT_83920,36907,87839,23.802,10.422,99.9,58.117,0.24842,SAFE
EVT_83921,29877,82581,4.249,7.096,113.2,144.966,0.45751,MEDIUM
EVT_83922,20223,81864,0.741,8.894,89.5,282.394,0.52851,MEDIUM
EVT_83923,24848,90476,10.223,8.51,173.2,120.904,0.12943,SAFE
EVT_83924,26748,97437,1.357,13.406,46.8,243.303,0.51851,MEDIUM
EVT_83925,38824,97216,8.968,8.363,42.2,26.529,0.20601,SAFE
EVT_83926,20369,89845,14.349,5.859,52.6,310.437,0.00549,SAFE
EVT_83927,34599,91613,1.239,11.871,157.1,370.696,0.84649,HIGH
EVT_83928,33169,95919,25.128,13.148,9.2,336.805,0.2859,SAFE
EVT_83929,39130,95643,0.307,5.863,114.8,78.282,0.10521,SAFE
EVT_83930,38618,89396,11.876,8.015,66.8,97.98,0.2816,SAFE
EVT_83931,21867,82340,8.109,7.903,116.2,54.689,0.18815,SAFE
EVT_83932,21705,94040,37.233,5.691,162.1,257.019,0.08149,SAFE
EVT_83933,26047,80119,16.696,14.836,24.0,235.996,0.20561,SAFE
EVT_83934,49704,94260,2.102,11.816,66.4,334.662,0.47319,MEDIUM
EVT_83935,30229,83248,2.599,5.795,167.8,296.692,0.50363,MEDIUM
EVT_83936,24004,90772,4.101,14.934,160.1,335.422,0.67622,MEDIUM
EVT_83937,30285,94119,4.203,6.994,49.3,494.332,0.66215,MEDIUM
EVT_83938,31267,81217,23.077,9.878,58.5,182.178,0.1584,SAFE
EVT_83939,21525,83373,6.237,11.013,58.3,172.555,0.4752,MEDIUM
EVT_83940,43046,83510,7.809,6.571,41.6,188.012,0.30781,MEDIUM
EVT_83941,49953,87505,14.306,5.165,2.5,175.721,0.10695,SAFE
EVT_83942,24435,96238,2.302,6.22,9.3,197.94,0.74779,MEDIUM
EVT_83943,35746,98169,32.788,9.783,127.8,284.488,0.15668,SAFE
EVT_83944,38640,87241,2.681,5.665,114.1,385.46,0.77598,MEDIUM
EVT_83945,35910,85402,41.183,13.127,24.2,404.615,0.05774,SAFE
EVT_83946,47509,93282,23.226,6.462,155.0,50.022,0.16324,SAFE
EVT_83947,21449,92026,13.186,10.5,11.3,77.072,0.25486,SAFE
EVT_83948,32847,83322,18.27,9.337,179.3,145.553,0.23765,SAFE
EVT_83949,40341,97346,7.311,7.091,136.5,484.583,0.46525,MEDIUM
EVT_83950,21709,84109,17.714,5.484,8.6,391.946,0.2431,SAFE
EVT_83951,48330,98897,14.46,8.348,170.4,201.177,0.24908,SAFE
EVT_83952,46478,93657,0.593,12.992,120.3,327.282,0.89479,HIGH
EVT_83953,47994,95129,38.854,7.042,174.8,182.932,0.10941,SAFE
EVT_83954,43150,85087,12.072,5.853,159.6,470.285,0.04029,SAFE
EVT_83955,28118,99958,10.003,9.984,158.8,492.782,0.22373,SAFE
EVT_83956,30757,80848,5.688,14.579,76.4,76.049,0.25347,SAFE
EVT_83957,37646,80975,4.22,11.407,136.7,296.945,0.45003,MEDIUM
EVT_83958,41242,80622,37.656,12.493,117.1,126.002,0.22464,SAFE
EVT_83959,46298,98285,19.595,13.841,118.1,366.949,0.17157,SAFE
EVT_83960,31907,97243,7.793,6.511,77.8,388.745,0.4462,MEDIUM
EVT_83961,42200,90817,21.985,14.483,15.8,11.82,0.18714,SAFE
EVT_83962,35927,84512,9.919,8.412,102.0,150.949,0.57822,MEDIUM
EVT_83963,45683,82841,20.45,11.98,121.0,221.511,0.06063,SAFE
EVT_83964,29900,87247,24.131,9.612,22.8,213.711,0.13098,SAFE
EVT_83965,31640,90883,11.862,10.377,104.0,238.369,0.036,SAFE
EVT_83966,32378,85699,6.445,7.087,131.5,378.694,0.6518,MEDIUM
EVT_83967,44214,80104,16.239,12.929,79.2,384.462,0.05311,SAFE
EVT_83968,34155,94023,1.691,11.449,76.3,402.568,0.97991,HIGH
EVT_83969,31789,90932,33.274,6.672,109.3,371.857,0.21716,SAFE
EVT_83970,39838,97212,0.478,11.871,48.4,124.416,0.30091,MEDIUM
EVT_83971,23695,82168,12.825,8.515,115.4,251.71,0.16035,SAFE
EVT_83972,30188,81807,21.108,7.52,27.7,334.996,0.16349,SAFE
EVT_83973,25431,98525,0.845,12.128,112.5,302.566,0.98156,HIGH
EVT_83974,31847,93053,7.448,8.475,174.2,326.324,0.58485,MEDIUM
EVT_83975,39895,88428,1.27,10.258,93.6,274.69,0.36439,MEDIUM
EVT_83976,44252,82083,0.871,7.461,12.2,445.335,0.92398,HIGH
EVT_83977,40168,89469,32.241,14.184,89.4,452.711,0.12067,SAFE
EVT_83978,37560,81100,2.172,10.752,90.3,11.756,0.06188,SAFE
EVT_83979,44322,87510,2.596,13.713,15.8,415.059,0.76365,MEDIUM
EVT_83980,34611,99331,1.344,5.701,0.9,108.715,0.46861,MEDIUM
EVT_83981,44509,92655,20.296,10.922,126.9,353.036,0.01203,SAFE
EVT_83982,33968,93981,0.396,13.801,135.9,263.434,0.31339,MEDIUM
EVT_83983,45876,90575,9.357,7.465,63.2,234.388,0.6653,MEDIUM
EVT_83984,33108,83593,10.486,9.902,65.0,267.372,0.23701,SAFE
EVT_83985,23374,83255,0.781,10.746,17.7,157.781,0.35904,MEDIUM
EVT_83986,22655,97935,10.483,14.987,118.4,354.629,0.1666,SAFE
EVT_83987,30593,89301,5.128,8.961,30.9,63.036,0.27895,SAFE
EVT_83988,44847,82966,15.651,5.012,72.3,232.438,0.1471,SAFE
EVT_83989,42000,80329,36.151,10.643,135.8,413.957,0.00281,SAFE
EVT_83990,49818,88187,28.873,10.561,151.8,291.403,0.14563,SAFE
EVT_83991,34210,99714,3.99,7.984,114.4,406.323,0.40325,MEDIUM
EVT_83992,29330,84485,5.015,9.159,147.8,371.888,0.38225,MEDIUM
EVT_83993,47805,90297,20.714,10.208,164.6,162.172,0.11043,SAFE
EVT_83994,28837,93147,28.554,7.921,81.9,80.225,0.11896,SAFE
EVT_83995,41438,89623,10.989,12.28,118.7,478.137,0.19721,SAFE
EVT_83996,37423,98393,37.541,13.319,72.8,248.129,0.15612,SAFE
EVT_83997,34249,89067,43.343,7.467,24.9,318.839,0.05431,SAFE
EVT_83998,20663,83524,3.583,9.326,42.7,89.253,0.1257,SAFE
EVT_83999,24964,96453,9.273,12.666,33.2,454.383,0.61553,MEDIUM
EVT_84000,30716,93893,31.448,8.61,162.8,202.298,0.14929,SAFE
EVT_84001,28723,90925,6.02,5.334,9.8,214.616,0.32995,MEDIUM
EVT_84002,27895,84039,51.921,13.765,130.4,115.278,0.22439,SAFE
EVT_84003,32975,91042,1.203,6.198,51.8,407.581,0.98744,HIGH
EVT_84004,49083,81921,6.416,14.234,10.8,430.935,0.70065,MEDIUM
EVT_84005,34412,98579,53.141,12.9,38.1,160.458,0.26117,SAFE
EVT_84006,49141,87366,11.039,6.813,42.0,464.284,0.24767,SAFE
EVT_84007,20821,93139,3.372,7.335,72.3,370.228,0.76845,MEDIUM
EVT_84008,28551,98143,4.934,6.625,113.6,94.088,0.03052,SAFE
EVT_84009,33195,98415,5.012,6.655,61.7,283.775,0.65097,MEDIUM
EVT_84010,20900,84142,3.64,12.167,76.4,61.206,0.09787,SAFE
EVT_84011,26712,97314,0.941,13.74,41.1,249.153,0.77681,MEDIUM
EVT_84012,39755,88548,43.365,14.739,1.1,410.658,0.21959,SAFE
EVT_84013,36791,89804,11.495,11.453,135.3,379.764,0.12228,SAFE
EVT_84014,39148,86613,39.545,12.99,19.8,79.105,0.18923,SAFE
EVT_84015,47251,82869,18.815,7.487,57.3,68.586,0.05391,SAFE
EVT_84016,48620,97669,19.244,5.648,75.6,356.588,0.04665,SAFE
EVT_84017,47164,82443,16.1,13.174,78.1,49.038,0.14557,SAFE
EVT_84018,27170,90329,5.967,11.054,53.1,496.523,0.71274,MEDIUM
EVT_84019,21066,98056,24.013,7.632,89.6,98.275,0.06224,SAFE
EVT_84020,35792,82145,7.659,14.445,41.4,293.381,0.4771,MEDIUM
EVT_84021,22830,98265,26.11,9.626,29.8,52.765,0.03519,SAFE
EVT_84022,45770,97543,15.094,8.217,146.0,235.604,0.28565,SAFE
EVT_84023,35723,93385,5.881,5.281,117.7,104.31,0.74378,MEDIUM
EVT_84024,36660,93382,2.521,9.046,161.5,294.976,0.62119,MEDIUM
EVT_84025,38070,83569,10.927,9.3,110.1,141.108,0.25983,SAFE
EVT_84026,29592,91269,16.906,7.587,157.4,231.038,0.09658,SAFE
EVT_84027,40285,86578,25.671,6.711,116.4,100.223,0.2046,SAFE
EVT_84028,23264,87901,60.027,9.463,56.8,293.838,0.24731,SAFE
EVT_84029,41254,85218,0.76,9.056,150.3,17.123,0.21201,SAFE
EVT_84030,40450,85391,5.188,9.563,49.4,222.623,0.48173,MEDIUM
EVT_84031,45141,80620,5.159,10.441,49.8,84.585,0.12604,SAFE
EVT_84032,47923,84293,19.829,9.049,48.5,43.792,0.20459,SAFE
EVT_84033,37062,97782,3.594,13.95,49.2,20.553,0.26118,SAFE
EVT_84034,30704,97106,38.258,7.294,21.3,186.365,0.1997,SAFE
EVT_84035,35848,83512,1.054,11.599,35.8,121.666,0.57428,MEDIUM
EVT_84036,27058,96352,2.3,9.889,72.2,452.983,0.37112,MEDIUM
EVT_84037,44330,95031,43.406,11.904,68.8,181.767,0.04115,SAFE
EVT_84038,45884,83258,54.034,7.652,62.8,248.912,0.06571,SAFE
EVT_84039,47263,89440,13.756,9.21,179.6,84.186,0.14091,SAFE
EVT_84040,47964,93439,21.346,11.597,79.4,435.193,0.27089,SAFE
EVT_84041,27067,99357,9.626,14.324,38.7,235.125,0.31091,MEDIUM
EVT_84042,33266,94013,9.93,8.91,27.3,155.287,0.31344,MEDIUM
EVT_84043,20487,91966,2.152,5.239,41.7,70.912,0.16507,SAFE
EVT_84044,34035,91944,3.098,6.774,123.6,273.344,0.63124,MEDIUM
EVT_84045,34379,89936,1.956,13.083,4.0,54.214,0.18126,SAFE
EVT_84046,45201,82322,6.316,11.19,19.4,118.638,0.55208,MEDIUM
EVT_84047,40011,91791,5.593,12.904,65.7,175.548,0.7252,MEDIUM
EVT_84048,39871,92151,5.821,8.302,39.6,156.807,0.68844,MEDIUM
EVT_84049,20515,98421,9.217,8.821,81.3,194.272,0.68174,MEDIUM
EVT_84050,32828,90214,15.139,12.42,168.2,329.216,0.24855,SAFE
EVT_84051,41270,91710,1.661,7.276,138.8,147.091,0.5461,MEDIUM
EVT_84052,35819,82977,9.144,12.692,12.0,175.423,0.41025,MEDIUM
EVT_84053,45911,87112,10.627,12.063,70.2,172.266,0.06951,SAFE
EVT_84054,47495,84018,4.971,8.196,152.3,217.817,0.43787,MEDIUM
EVT_84055,45155,88814,7.057,14.11,45.3,181.565,0.66504,MEDIUM
EVT_84056,47717,80229,0.067,5.144,98.7,119.789,0.75513,MEDIUM
EVT_84057,22242,88131,12.057,12.924,9.1,87.702,0.09916,SAFE
EVT_84058,35714,90813,48.264,11.5,24.1,345.824,0.1201,SAFE
EVT_84059,23077,98271,35.788,13.294,156.1,134.842,0.14132,SAFE
EVT_84060,41576,88259,8.629,13.176,171.7,379.895,0.71367,MEDIUM
EVT_84061,42114,80849,0.947,6.415,107.0,191.607,0.41265,MEDIUM
EVT_84062,31471,97005,7.574,6.249,57.2,34.236,0.24615,SAFE
EVT_84063,20713,93479,2.494,14.279,80.7,496.833,0.77352,MEDIUM
EVT_84064,23165,84811,76.639,9.416,137.2,307.682,0.11233,SAFE
EVT_84065,26253,95038,7.785,11.349,9.9,90.935,0.26844,SAFE
EVT_84066,39623,92047,1.499,8.662,177.5,369.178,0.97588,HIGH
EVT_84067,28546,94222,12.459,10.06,84.8,61.027,0.20506,SAFE
EVT_84068,41445,92020,13.238,13.325,13.4,147.631,0.03033,SAFE
EVT_84069,31665,83835,31.11,14.543,88.0,204.358,0.04686,SAFE
EVT_84070,39420,96043,41.424,14.055,20.1,90.29,0.00549,SAFE
EVT_84071,22630,92669,10.435,14.33,171.3,79.509,0.01681,SAFE
EVT_84072,30949,89991,17.217,13.98,92.7,232.2,0.05944,SAFE
EVT_84073,44527,94896,3.703,6.782,81.9,101.98,0.74938,MEDIUM
EVT_84074,34013,92990,9.767,10.134,91.5,63.8,0.05114,SAFE
EVT_84075,30356,93938,34.828,9.234,3.6,348.233,0.17952,SAFE
EVT_84076,44717,82899,58.889,11.947,81.9,388.71,0.07289,SAFE
EVT_84077,32107,91072,11.621,13.17,79.3,438.489,0.05201,SAFE
EVT_84078,32852,93819,1.652,11.759,174.4,58.914,0.05353,SAFE
EVT_84079,36202,82961,5.987,12.341,47.2,46.597,0.15811,SAFE
EVT_84080,23293,90691,6.435,10.527,54.2,449.948,0.35732,MEDIUM
EVT_84081,25811,93353,17.487,12.818,152.8,321.334,0.02446,SAFE
EVT_84082,21367,88049,4.157,10.144,63.6,427.372,0.53701,MEDIUM
EVT_84083,40030,93873,2.279,8.411,63.0,314.321,0.77077,MEDIUM
EVT_84084,47175,92891,9.936,14.992,136.5,499.963,0.56082,MEDIUM
EVT_84085,23316,98525,8.234,8.641,42.7,83.36,0.22453,SAFE
EVT_84086,23894,83333,13.926,5.483,0.7,387.1,0.19409,SAFE
EVT_84087,48889,92174,20.703,7.188,173.8,309.27,0.1715,SAFE
EVT_84088,38566,92687,14.969,8.098,10.8,472.325,0.04231,SAFE
EVT_84089,45024,99955,6.035,9.001,42.3,285.867,0.4452,MEDIUM
EVT_84090,37179,82524,0.387,14.527,126.8,416.117,0.94595,HIGH
EVT_84091,23944,82501,28.966,8.416,130.3,305.441,0.03284,SAFE
EVT_84092,40339,88411,9.401,12.195,105.9,467.792,0.55101,MEDIUM
EVT_84093,48464,81405,23.794,9.675,48.9,459.246,0.19647,SAFE
EVT_84094,29668,81943,30.137,12.674,28.6,286.505,0.18778,SAFE
EVT_84095,33656,99827,1.719,13.942,22.8,32.383,0.23678,SAFE
EVT_84096,39939,98734,11.649,10.604,85.6,431.757,0.00431,SAFE
EVT_84097,46918,84952,16.561,10.961,43.8,51.2,0.17983,SAFE
EVT_84098,25677,83090,0.673,9.11,134.1,353.777,0.98222,HIGH
EVT_84099,34861,86927,1.807,9.633,125.2,163.375,0.56189,MEDIUM
EVT_84100,44465,91036,26.03,13.465,0.0,221.683,0.27447,SAFE
EVT_84101,37938,83342,8.75,14.136,29.3,331.99,0.64935,MEDIUM
EVT_84102,36620,86703,8.868,13.185,89.4,159.182,0.67373,MEDIUM
EVT_84103,48050,88629,18.568,12.809,148.1,451.624,0.10436,SAFE
EVT_84104,40246,87479,1.227,5.568,146.1,394.937,0.82622,HIGH
EVT_84105,34770,90145,17.901,11.155,36.0,317.037,0.01329,SAFE
EVT_84106,24877,93524,3.309,13.043,33.8,38.799,0.0528,SAFE
EVT_84107,21402,85637,12.695,10.228,78.1,49.393,0.13863,SAFE
EVT_84108,31163,94681,1.382,6.145,137.8,279.541,0.57124,MEDIUM
EVT_84109,21649,99426,8.267,12.325,112.8,324.015,0.67582,MEDIUM
EVT_84110,43094,91887,21.377,9.796,81.5,337.982,0.10456,SAFE
EVT_84111,46290,92836,11.424,8.389,32.0,442.125,0.098,SAFE
EVT_84112,44357,87504,6.242,9.311,91.5,90.161,0.22737,SAFE
EVT_84113,33247,88261,6.108,10.929,171.4,181.062,0.60321,MEDIUM
EVT_84114,48390,86632,3.66,14.535,126.8,88.77,0.19868,SAFE
EVT_84115,30299,85445,16.813,8.697,67.3,342.048,0.02026,SAFE
EVT_84116,39492,85090,24.189,12.068,65.3,367.19,0.19635,SAFE
EVT_84117,32573,96688,48.632,8.068,29.6,65.945,0.07875,SAFE
EVT_84118,37892,99417,88.514,11.394,58.4,417.745,0.15383,SAFE
EVT_84119,48321,89159,26.658,11.717,93.5,482.951,0.08151,SAFE
EVT_84120,26828,97103,11.098,14.717,143.0,210.229,0.16632,SAFE
EVT_84121,46920,94081,29.906,6.755,119.3,117.451,0.02131,SAFE
EVT_84122,25240,89480,64.66,11.683,158.5,21.786,0.25675,SAFE
EVT_84123,33314,84160,19.535,8.349,71.8,252.625,0.04239,SAFE
EVT_84124,39335,90381,16.542,8.974,86.6,466.1,0.00729,SAFE
EVT_84125,20045,81552,12.1,13.615,89.0,312.231,0.07505,SAFE
EVT_84126,38123,88169,15.681,11.715,31.6,226.439,0.13644,SAFE
EVT_84127,43397,94567,2.675,8.011,144.8,272.789,0.62759,MEDIUM
EVT_84128,31655,92583,0.495,8.728,1.0,301.216,0.80949,HIGH
EVT_84129,40014,83786,13.057,13.969,174.6,425.967,0.2324,SAFE
EVT_84130,40827,91231,5.297,9.575,26.5,384.307,0.40821,MEDIUM
EVT_84131,23962,83113,74.281,8.096,100.3,50.834,0.06476,SAFE
EVT_84132,31741,82702,32.243,8.914,137.3,83.795,0.25829,SAFE
EVT_84133,24292,90028,3.201,6.747,66.3,33.061,0.1068,SAFE
EVT_84134,44142,84799,6.665,8.941,131.2,241.633,0.65153,MEDIUM
EVT_84135,21747,98580,12.657,5.859,104.5,179.433,0.07602,SAFE
EVT_84136,29806,84760,59.493,14.509,100.4,224.676,0.26026,SAFE
EVT_84137,47124,92170,9.907,7.519,49.8,265.202,0.54096,MEDIUM
EVT_84138,42179,88017,2.072,14.259,178.7,286.324,0.30888,MEDIUM
EVT_84139,45255,80221,2.834,8.225,112.9,53.486,0.08388,SAFE
EVT_84140,43429,88168,23.423,12.73,68.9,392.408,0.17569,SAFE
EVT_84141,40888,90670,13.834,9.001,54.0,478.61,0.12858,SAFE
EVT_84142,33670,97862,12.26,13.724,79.3,437.406,0.25311,SAFE
EVT_84143,37004,94861,20.514,12.284,140.4,460.373,0.24056,SAFE
EVT_84144,42540,84551,19.07,9.267,127.8,252.849,0.17865,SAFE
EVT_84145,34947,89239,17.073,14.447,24.3,381.126,0.26642,SAFE
EVT_84146,34152,85071,9.395,7.556,165.6,460.555,0.33782,MEDIUM
EVT_84147,21907,98849,9.477,7.986,98.1,415.024,0.44628,MEDIUM
EVT_84148,48614,88776,49.467,5.67,35.0,484.604,0.10841,SAFE
EVT_84149,49991,95121,28.466,12.599,105.3,23.579,0.01418,SAFE
EVT_84150,33482,88526,7.777,12.02,58.9,453.707,0.35942,MEDIUM
EVT_84151,37661,80491,3.433,6.904,80.5,458.831,0.73295,MEDIUM
EVT_84152,46980,87872,4.115,10.987,75.7,297.789,0.34321,MEDIUM
EVT_84153,25117,92112,0.772,10.144,148.4,283.919,0.78877,MEDIUM
EVT_84154,45115,80514,16.826,5.489,178.5,40.742,0.16544,SAFE
EVT_84155,42899,94115,0.681,12.116,20.4,234.964,0.38332,MEDIUM
EVT_84156,24079,85762,18.615,10.156,141.0,96.615,0.27697,SAFE
EVT_84157,27140,81623,2.63,8.406,125.9,10.72,0.11805,SAFE
EVT_84158,42059,94147,2.204,14.361,63.7,223.274,0.78675,MEDIUM
EVT_84159,43054,96061,46.478,7.961,90.6,39.173,0.02818,SAFE
EVT_84160,44633,89980,0.303,6.539,153.2,478.98,0.94072,HIGH
EVT_84161,23362,89991,32.451,9.502,127.2,249.413,0.05208,SAFE
EVT_84162,42653,86380,33.479,5.007,147.4,326.115,0.21107,SAFE
EVT_84163,28960,88458,3.636,7.601,131.3,424.773,0.48771,MEDIUM
EVT_84164,28896,87282,9.485,8.061,122.7,363.913,0.60746,MEDIUM
EVT_84165,38693,83674,36.903,13.367,120.7,192.943,0.22802,SAFE
EVT_84166,48256,87121,8.813,5.713,119.0,81.024,0.20686,SAFE
EVT_84167,42944,99941,9.994,7.14,123.3,37.366,0.09148,SAFE
EVT_84168,23709,80509,5.391,9.06,74.9,349.599,0.73415,MEDIUM
EVT_84169,23820,87062,18.722,5.633,79.9,484.062,0.20954,SAFE
EVT_84170,28647,96901,44.061,14.223,120.7,472.146,0.26134,SAFE
EVT_84171,43828,96319,7.003,14.387,96.7,98.291,0.15928,SAFE
EVT_84172,21358,96659,0.105,7.314,89.7,294.645,0.44126,MEDIUM
EVT_84173,29980,92393,14.369,7.385,128.9,354.408,0.20677,SAFE
EVT_84174,30002,84580,25.151,8.364,149.6,27.841,0.18784,SAFE
EVT_84175,21110,85968,11.93,14.936,122.4,130.326,0.21761,SAFE
EVT_84176,31536,96761,8.123,5.353,167.1,385.404,0.7509,MEDIUM
EVT_84177,46964,84043,10.334,14.328,53.3,474.765,0.06162,SAFE
EVT_84178,23760,85568,19.739,6.266,79.4,263.022,0.20568,SAFE
EVT_84179,42558,80563,16.766,13.221,120.8,66.325,0.12229,SAFE
EVT_84180,40297,91126,15.232,9.22,176.6,195.376,0.19671,SAFE
EVT_84181,36287,83511,3.317,13.884,133.1,497.37,0.78589,MEDIUM
EVT_84182,40904,94593,30.054,10.214,82.8,442.732,0.23729,SAFE
EVT_84183,29440,84506,19.545,6.085,131.7,315.306,0.03473,SAFE
EVT_84184,35208,97080,3.689,9.668,168.4,258.807,0.5801,MEDIUM
EVT_84185,36938,86517,8.967,5.901,96.6,293.914,0.74108,MEDIUM
EVT_84186,28558,90066,2.796,6.134,167.2,226.122,0.34093,MEDIUM
EVT_84187,47929,89082,12.283,14.222,42.2,384.458,0.09863,SAFE
EVT_84188,48190,90243,2.423,10.514,127.0,311.065,0.40473,MEDIUM
EVT_84189,49046,82149,9.693,5.33,26.2,38.961,0.02351,SAFE
EVT_84190,20148,88959,2.787,13.151,160.2,108.062,0.72738,MEDIUM
EVT_84191,44855,95301,2.453,10.175,35.8,455.107,0.52072,MEDIUM
EVT_84192,21740,82765,6.856,10.454,179.1,423.152,0.57259,MEDIUM
EVT_84193,27486,84934,4.267,13.77,53.8,431.632,0.78121,MEDIUM
EVT_84194,46628,83381,26.081,9.258,171.8,221.13,0.27949,SAFE
EVT_84195,28200,82259,26.129,11.2,80.2,438.909,0.1233,SAFE
EVT_84196,31203,86524,30.399,8.926,40.1,422.68,0.24124,SAFE
EVT_84197,24708,98897,1.408,6.732,56.7,406.012,0.98229,HIGH
EVT_84198,46165,96532,32.325,14.674,86.0,475.978,0.02595,SAFE
EVT_84199,26577,99943,11.41,9.763,137.5,239.286,0.15615,SAFE
EVT_84200,39830,80073,4.484,8.525,147.2,418.742,0.44513,MEDIUM
EVT_84201,21138,98480,17.286,12.969,158.7,72.903,0.17434,SAFE
EVT_84202,28061,95069,6.398,9.562,104.6,380.292,0.35862,MEDIUM
EVT_84203,46912,97354,30.808,5.117,39.1,397.277,0.18828,SAFE
EVT_84204,24708,99119,14.341,8.269,98.9,18.598,0.10093,SAFE
EVT_84205,37612,87764,25.745,6.167,153.3,21.252,0.21705,SAFE
EVT_84206,45855,92748,12.265,9.253,86.2,450.663,0.09458,SAFE
EVT_84207,20341,91864,10.927,5.49,174.8,47.726,0.12578,SAFE
EVT_84208,46955,97754,6.29,14.978,174.1,297.411,0.64152,MEDIUM
EVT_84209,41625,82657,33.972,14.644,115.2,211.982,0.28937,SAFE
EVT_84210,42641,87300,14.373,6.605,159.1,292.192,0.05558,SAFE
EVT_84211,32618,80142,12.275,11.158,112.2,195.733,0.06725,SAFE
EVT_84212,20222,91078,36.289,7.486,38.4,74.078,0.13367,SAFE
EVT_84213,44952,95350,15.794,13.833,120.7,357.191,0.12083,SAFE
EVT_84214,36073,84654,32.37,6.665,41.8,223.474,0.07689,SAFE
EVT_84215,23820,99639,14.331,9.174,70.6,89.762,0.0632,SAFE
EVT_84216,30414,86352,3.287,6.491,4.9,286.344,0.75201,MEDIUM
EVT_84217,34113,85641,8.871,13.437,47.2,471.104,0.5985,MEDIUM
EVT_84218,37361,82628,16.682,7.965,33.5,52.148,0.09356,SAFE
EVT_84219,35500,98656,32.564,11.058,171.1,59.986,0.17653,SAFE
EVT_84220,38493,93282,10.407,12.575,170.8,350.546,0.16078,SAFE
EVT_84221,37890,86606,17.231,6.438,4.4,305.705,0.09656,SAFE
EVT_84222,28214,91064,0.137,14.915,27.6,288.279,0.74894,MEDIUM
EVT_84223,38156,89131,34.674,14.261,82.8,426.621,0.01633,SAFE
EVT_84224,27442,97053,14.34,13.431,24.3,149.788,0.25317,SAFE
EVT_84225,40232,85763,5.781,11.051,157.5,400.764,0.69077,MEDIUM
EVT_84226,26857,82567,2.406,12.116,115.8,420.021,0.73419,MEDIUM
EVT_84227,21111,94381,21.572,5.574,160.7,296.719,0.23076,SAFE
EVT_84228,39107,96227,8.109,5.842,41.7,211.297,0.30211,MEDIUM
EVT_84229,38742,95494,32.034,11.407,40.7,372.733,0.01275,SAFE
EVT_84230,32604,86123,26.532,12.024,69.5,123.38,0.00011,SAFE
EVT_84231,34620,97127,78.803,5.001,81.1,343.899,0.0972,SAFE
EVT_84232,37738,88498,2.429,8.932,118.2,209.645,0.64503,MEDIUM
EVT_84233,21519,80357,4.504,12.18,5.9,194.136,0.33666,MEDIUM
EVT_84234,34536,85749,26.877,13.633,74.6,147.493,0.1439,SAFE
EVT_84235,40577,94862,3.788,5.837,156.0,43.964,0.2721,SAFE
EVT_84236,46960,88549,11.252,7.707,2.0,92.337,0.1022,SAFE
EVT_84237,24596,95007,1.906,7.693,146.6,489.331,0.97967,HIGH
EVT_84238,49000,81164,27.81,13.552,26.3,186.15,0.12092,SAFE
EVT_84239,24418,97052,12.88,9.622,103.0,113.843,0.22828,SAFE
EVT_84240,33696,86513,35.994,11.273,170.4,469.985,0.08659,SAFE
EVT_84241,32366,84445,5.414,14.543,178.9,353.045,0.48677,MEDIUM
EVT_84242,41903,97823,5.11,13.256,136.0,491.894,0.31475,MEDIUM
EVT_84243,23607,94562,9.273,5.745,107.3,188.517,0.30158,MEDIUM
EVT_84244,44463,97581,31.935,5.334,9.2,98.683,0.03556,SAFE
EVT_84245,28220,99300,15.861,12.474,68.9,160.484,0.09175,SAFE
EVT_84246,41229,80036,12.769,14.343,42.9,381.73,0.20919,SAFE
EVT_84247,20726,88995,10.644,9.598,41.3,442.955,0.21972,SAFE
EVT_84248,44325,86057,4.975,13.601,115.2,150.05,0.78548,MEDIUM
EVT_84249,44378,99692,11.833,12.229,177.3,159.57,0.02405,SAFE
EVT_84250,41136,93316,8.377,6.499,63.5,14.786,0.11864,SAFE
EVT_84251,43743,83065,6.647,5.181,99.3,134.116,0.65085,MEDIUM
EVT_84252,21797,81113,24.984,10.44,121.0,155.399,0.16768,SAFE
EVT_84253,45178,81566,15.057,8.819,139.2,304.901,0.28751,SAFE
EVT_84254,32224,96053,16.445,13.382,74.7,337.274,0.22558,SAFE
EVT_84255,34201,96291,23.282,8.869,17.8,185.519,0.24788,SAFE
EVT_84256,27380,98429,3.531,11.869,175.6,56.957,0.23957,SAFE
EVT_84257,34997,88331,33.654,13.775,149.9,397.745,0.22022,SAFE
EVT_84258,32164,93501,2.272,11.249,10.4,422.585,0.6215,MEDIUM
EVT_84259,32415,87627,12.601,13.07,159.3,234.421,0.10362,SAFE
EVT_84260,21644,86767,5.366,8.001,47.4,122.108,0.38929,MEDIUM
EVT_84261,31095,89686,23.447,13.369,160.4,453.125,0.0826,SAFE
EVT_84262,32180,88106,22.332,5.384,88.2,137.622,0.07135,SAFE
EVT_84263,30861,98966,3.637,6.02,113.6,253.618,0.36315,MEDIUM
EVT_84264,25139,99971,35.189,13.091,149.2,67.491,0.16449,SAFE
EVT_84265,22908,97599,3.278,13.969,75.2,195.026,0.3353,MEDIUM
EVT_84266,41562,84896,1.911,7.007,14.6,71.35,0.16867,SAFE
EVT_84267,41169,81617,0.902,6.633,86.5,16.772,0.1031,SAFE
EVT_84268,34452,83117,17.612,13.628,92.2,254.449,0.05741,SAFE
EVT_84269,31226,97681,2.386,14.192,141.5,485.745,0.59361,MEDIUM
EVT_84270,45921,90653,33.904,13.306,150.2,316.819,0.13893,SAFE
EVT_84271,43201,83199,19.8,10.802,9.4,187.518,0.15408,SAFE
EVT_84272,44352,86702,42.085,10.919,30.9,121.273,0.19793,SAFE
EVT_84273,26584,99857,24.055,11.697,41.7,416.692,0.27871,SAFE
EVT_84274,43915,97125,14.939,12.104,137.7,156.043,0.18579,SAFE
EVT_84275,31634,97500,12.789,11.778,168.0,468.173,0.12632,SAFE
EVT_84276,40585,89769,21.706,5.03,39.4,432.607,0.11657,SAFE
EVT_84277,25979,81140,25.714,7.187,90.6,323.016,0.13907,SAFE
EVT_84278,35692,94009,4.588,6.011,114.6,134.816,0.44423,MEDIUM
EVT_84279,31790,87144,1.327,12.014,165.8,40.681,0.2115,SAFE
EVT_84280,26437,90267,0.227,14.937,76.4,199.98,0.46545,MEDIUM
EVT_84281,41100,85113,17.159,7.751,140.7,326.146,0.06324,SAFE
EVT_84282,32884,88318,10.864,11.899,126.5,472.805,0.00377,SAFE
EVT_84283,49051,84707,26.189,5.436,130.5,307.764,0.10252,SAFE
EVT_84284,36356,99072,2.626,5.299,167.7,114.056,0.32875,MEDIUM
EVT_84285,32881,91794,2.947,10.884,100.1,345.243,0.76693,MEDIUM
EVT_84286,30395,88853,8.542,5.474,18.2,109.143,0.30378,MEDIUM
EVT_84287,25869,95469,18.268,12.592,166.9,76.923,0.20498,SAFE
EVT_84288,29959,93482,9.992,13.404,62.2,22.205,0.22634,SAFE
EVT_84289,21693,93269,34.833,12.078,85.0,342.843,0.09355,SAFE
EVT_84290,33876,99853,14.106,12.566,98.6,323.642,0.16876,SAFE
EVT_84291,24649,90527,2.349,8.026,177.9,255.618,0.52827,MEDIUM
EVT_84292,42341,82194,25.499,5.581,7.0,486.764,0.21461,SAFE
EVT_84293,49935,82491,5.327,5.236,164.9,61.904,0.03652,SAFE
EVT_84294,31298,94232,6.481,11.51,84.2,290.302,0.37758,MEDIUM
EVT_84295,33089,91121,8.928,6.231,115.8,163.573,0.60189,MEDIUM
EVT_84296,21364,85773,1.867,9.457,89.9,190.676,0.54849,MEDIUM
EVT_84297,22282,96464,38.886,10.356,89.2,228.705,0.16003,SAFE
EVT_84298,21498,85751,7.951,6.462,11.8,25.315,0.20964,SAFE
EVT_84299,22543,88134,2.153,6.481,112.8,147.719,0.66777,MEDIUM
EVT_84300,35854,93994,7.992,14.756,66.8,81.394,0.27507,SAFE
EVT_84301,28219,84318,6.775,14.051,19.6,320.823,0.49769,MEDIUM
EVT_84302,24078,83845,11.382,6.555,99.0,471.084,0.25979,SAFE
EVT_84303,48132,97714,30.786,10.209,93.7,32.837,0.21735,SAFE
EVT_84304,24241,96175,25.434,6.745,53.5,323.396,0.03387,SAFE
EVT_84305,35183,97916,38.251,6.255,18.7,284.331,0.18408,SAFE
EVT_84306,49036,91226,9.768,13.698,6.5,23.827,0.05456,SAFE
EVT_84307,22531,99094,2.478,10.458,48.1,180.877,0.34819,MEDIUM
EVT_84308,32801,92140,2.834,12.016,48.7,149.456,0.37629,MEDIUM
EVT_84309,41502,97805,16.849,14.75,161.0,208.711,0.15236,SAFE
EVT_84310,34680,86872,9.511,5.638,9.4,327.772,0.73577,MEDIUM
EVT_84311,30786,94353,4.933,9.923,94.3,340.893,0.43755,MEDIUM
EVT_84312,22123,95890,30.699,7.262,40.8,65.01,0.15351,SAFE
EVT_84313,49003,84493,14.821,14.149,168.7,154.169,0.24111,SAFE
EVT_84314,22710,91022,3.417,8.889,71.5,249.572,0.4383,MEDIUM
EVT_84315,26007,91468,15.791,13.411,5.2,269.908,0.08107,SAFE
EVT_84316,42713,96362,6.155,7.963,162.4,60.567,0.14174,SAFE
EVT_84317,43781,83817,18.844,13.927,153.0,149.2,0.21033,SAFE
EVT_84318,46727,90975,40.075,13.46,20.3,250.211,0.06504,SAFE
EVT_84319,40664,84606,4.036,14.969,159.1,402.855,0.75039,MEDIUM
EVT_84320,24108,80796,2.349,9.117,133.3,251.762,0.4967,MEDIUM
EVT_84321,39920,80869,9.584,14.054,167.0,248.058,0.77313,MEDIUM
EVT_84322,42248,96593,7.818,6.309,93.1,225.17,0.55004,MEDIUM
EVT_84323,20815,84013,7.529,9.427,100.9,370.253,0.64636,MEDIUM
EVT_84324,25321,86389,8.054,5.402,11.1,96.797,0.18288,SAFE
EVT_84325,24873,98832,1.887,7.963,84.8,421.647,0.86009,HIGH
EVT_84326,28716,90021,34.995,14.958,146.5,398.104,0.04765,SAFE
EVT_84327,43888,84404,8.651,5.989,142.7,434.906,0.58731,MEDIUM
EVT_84328,20613,90697,2.352,13.367,13.0,430.499,0.78217,MEDIUM
EVT_84329,25963,80520,25.218,9.915,111.4,437.003,0.04901,SAFE
EVT_84330,36074,94557,17.896,12.358,96.6,145.251,0.09395,SAFE
EVT_84331,38374,80361,52.537,6.76,86.5,310.974,0.12528,SAFE
EVT_84332,49603,93560,5.783,12.671,5.4,424.836,0.50574,MEDIUM
EVT_84333,45338,95498,2.181,6.043,136.2,483.58,0.60776,MEDIUM
EVT_84334,34362,87851,12.142,13.663,21.6,79.385,0.10235,SAFE
EVT_84335,49533,81487,11.474,6.086,124.0,455.109,0.19797,SAFE
EVT_84336,38511,89920,8.743,5.62,177.9,167.801,0.38432,MEDIUM
EVT_84337,31512,84797,6.261,12.095,83.9,386.036,0.64319,MEDIUM
EVT_84338,38214,92139,76.657,14.788,52.3,114.223,0.20806,SAFE
EVT_84339,33609,97397,8.139,12.459,19.9,55.651,0.04676,SAFE
EVT_84340,28514,87391,2.771,13.129,138.0,311.792,0.60686,MEDIUM
EVT_84341,27434,91042,6.041,14.316,128.9,207.783,0.69094,MEDIUM
EVT_84342,32966,86810,6.179,9.689,60.0,188.451,0.41179,MEDIUM
EVT_84343,29668,81345,24.985,9.864,125.3,169.464,0.07772,SAFE
EVT_84344,40383,92206,41.533,8.844,45.8,30.689,0.28379,SAFE
EVT_84345,23198,88065,3.348,10.04,103.7,452.972,0.72148,MEDIUM
EVT_84346,29751,88672,37.442,8.147,54.3,125.373,0.06523,SAFE
EVT_84347,29242,97073,1.824,8.08,48.4,438.832,0.93486,HIGH
EVT_84348,47484,81524,9.318,7.798,53.5,202.704,0.32316,MEDIUM
EVT_84349,37476,92020,5.882,7.957,73.6,283.112,0.45936,MEDIUM
EVT_84350,25908,98567,86.163,12.47,170.5,232.182,0.09573,SAFE
EVT_84351,44121,85680,10.945,11.955,64.1,487.702,0.14771,SAFE
EVT_84352,40592,92913,24.623,6.462,42.7,387.812,0.20738,SAFE
EVT_84353,20798,86980,8.728,5.421,76.9,429.815,0.70671,MEDIUM
EVT_84354,48126,84619,2.162,6.781,58.8,426.566,0.75976,MEDIUM
EVT_84355,21638,87531,5.618,6.659,144.9,411.724,0.63406,MEDIUM
EVT_84356,43880,97806,6.472,7.431,92.0,77.787,0.23364,SAFE
EVT_84357,29934,89023,14.226,13.065,178.4,449.46,0.08937,SAFE
EVT_84358,47619,81035,13.734,10.003,27.7,288.778,0.23413,SAFE
EVT_84359,47189,88092,4.71,11.836,35.8,308.363,0.78743,MEDIUM
EVT_84360,40375,87636,0.373,11.421,19.9,122.574,0.38503,MEDIUM
EVT_84361,48677,81383,10.67,12.757,28.7,274.143,0.08128,SAFE
EVT_84362,24005,89940,14.616,10.476,136.3,314.267,0.16152,SAFE
EVT_84363,23009,81760,44.476,14.8,162.8,319.658,0.2656,SAFE
EVT_84364,40574,95295,3.797,14.596,10.4,485.23,0.45725,MEDIUM
EVT_84365,23060,97783,10.487,8.809,26.7,365.261,0.04769,SAFE
EVT_84366,25653,87942,10.41,13.26,38.2,351.989,0.18049,SAFE
EVT_84367,26152,90627,11.894,7.692,29.2,47.068,0.17564,SAFE
EVT_84368,22930,95796,16.324,9.275,87.4,74.155,0.08726,SAFE
EVT_84369,26815,91112,10.9,8.107,66.4,23.947,0.14228,SAFE
EVT_84370,28907,86763,50.059,7.651,85.7,60.21,0.17666,SAFE
EVT_84371,44315,80744,13.846,14.12,6.7,299.199,0.01973,SAFE
EVT_84372,22771,90273,57.928,12.162,68.8,487.85,0.11164,SAFE
EVT_84373,36822,99871,8.592,5.643,82.5,137.348,0.58351,MEDIUM
EVT_84374,40942,87184,0.379,10.085,83.7,45.51,0.00178,SAFE
EVT_84375,46130,97048,16.841,8.023,100.1,220.597,0.07731,SAFE
EVT_84376,33845,86688,19.266,11.024,98.2,154.084,0.1859,SAFE
EVT_84377,41402,91391,49.207,11.874,13.5,322.404,0.20462,SAFE
EVT_84378,47647,96853,4.395,13.706,62.7,198.91,0.65545,MEDIUM
EVT_84379,25646,86531,42.889,14.24,25.2,124.29,0.26817,SAFE
EVT_84380,41631,92135,15.393,7.153,81.7,182.765,0.24571,SAFE
EVT_84381,43086,91338,0.783,14.048,13.0,42.747,0.20839,SAFE
EVT_84382,47783,81945,36.454,6.051,153.1,484.037,0.26073,SAFE
EVT_84383,47566,98033,34.016,6.984,164.7,17.624,0.08076,SAFE
EVT_84384,25707,94417,13.036,6.267,167.2,444.22,0.07816,SAFE
EVT_84385,27165,92422,34.188,9.533,53.5,239.089,0.01124,SAFE
EVT_84386,38149,99437,4.098,13.424,34.5,422.122,0.60283,MEDIUM
EVT_84387,24781,91386,15.287,14.218,143.8,208.663,0.25907,SAFE
EVT_84388,38576,85162,33.308,5.601,70.2,186.073,0.01267,SAFE
EVT_84389,45888,90022,12.71,8.351,144.5,274.416,0.06096,SAFE
EVT_84390,27638,85191,1.421,12.01,108.7,161.504,0.49969,MEDIUM
EVT_84391,23424,85772,0.746,6.352,119.3,152.786,0.58766,MEDIUM
EVT_84392,49147,92103,3.023,12.971,35.2,24.625,0.19378,SAFE
EVT_84393,35068,94793,13.509,12.919,107.0,296.281,0.00145,SAFE
EVT_84394,28256,94267,41.072,7.981,34.1,347.826,0.10066,SAFE
EVT_84395,29159,87124,68.257,14.452,144.6,366.258,0.19466,SAFE
EVT_84396,20754,83957,17.352,12.844,162.5,477.405,0.05085,SAFE
EVT_84397,39170,93048,28.446,10.398,59.0,207.743,0.10197,SAFE
EVT_84398,46884,85765,2.389,11.175,17.9,297.219,0.49894,MEDIUM
EVT_84399,31927,88868,6.423,6.656,1.9,20.251,0.19395,SAFE
EVT_84400,33904,84403,5.558,10.865,43.4,279.208,0.54252,MEDIUM
EVT_84401,32969,99019,7.24,11.525,87.3,477.656,0.6574,MEDIUM
EVT_84402,27654,81165,36.705,11.407,134.4,237.263,0.07809,SAFE
EVT_84403,42203,80979,6.274,10.231,42.0,493.38,0.60502,MEDIUM
EVT_84404,40926,90201,30.852,13.588,130.1,175.748,0.05289,SAFE
EVT_84405,31001,85976,0.218,11.909,124.9,472.074,0.81684,HIGH
EVT_84406,41343,89560,3.752,13.814,25.3,237.701,0.4232,MEDIUM
EVT_84407,41405,83099,4.885,8.226,155.9,327.237,0.66814,MEDIUM
EVT_84408,40256,84129,70.893,6.579,135.7,28.773,0.23368,SAFE
EVT_84409,33446,98115,14.361,11.199,32.9,196.781,0.01642,SAFE
EVT_84410,29402,91032,3.43,5.223,93.9,376.635,0.59958,MEDIUM
EVT_84411,34031,99461,10.222,12.0,72.9,364.871,0.08931,SAFE
EVT_84412,36961,80865,20.752,10.152,151.5,446.593,0.03005,SAFE
EVT_84413,38884,98286,19.812,10.051,39.5,210.925,0.06464,SAFE
EVT_84414,35663,83697,5.827,12.957,109.6,266.014,0.48679,MEDIUM
EVT_84415,36559,96832,49.196,12.776,158.9,329.661,0.11409,SAFE
EVT_84416,31115,82214,51.176,8.855,162.7,194.736,0.21913,SAFE
EVT_84417,49532,95206,23.381,9.414,150.2,309.369,0.25152,SAFE
EVT_84418,28410,90375,36.041,11.126,66.3,431.764,0.26529,SAFE
EVT_84419,41655,84428,3.456,6.16,76.1,250.143,0.64556,MEDIUM
EVT_84420,22152,95160,1.743,13.377,101.4,218.601,0.72523,MEDIUM
EVT_84421,35954,97458,3.011,7.85,20.2,485.508,0.70275,MEDIUM
EVT_84422,21471,92658,11.936,6.068,122.0,324.64,0.21351,SAFE
EVT_84423,38887,97453,0.228,9.401,127.6,56.39,0.06378,SAFE
EVT_84424,49034,88546,23.297,14.165,150.4,368.85,0.25729,SAFE
EVT_84425,29377,92762,38.22,6.105,137.4,197.883,0.06257,SAFE
EVT_84426,29447,91035,9.907,5.601,83.8,295.568,0.75775,MEDIUM
EVT_84427,30432,83899,12.711,12.302,11.4,400.926,0.22059,SAFE
EVT_84428,40411,95528,11.263,7.037,74.4,415.226,0.07378,SAFE
EVT_84429,35885,95328,8.091,6.957,3.4,78.919,0.2409,SAFE
EVT_84430,31221,89094,28.28,14.631,3.4,336.712,0.09682,SAFE
EVT_84431,49662,95551,45.377,7.176,130.5,391.993,0.21046,SAFE
EVT_84432,38745,84937,21.451,5.439,49.2,221.442,0.23451,SAFE
EVT_84433,46264,82028,2.313,5.015,147.8,135.04,0.42545,MEDIUM
EVT_84434,28393,84053,22.669,9.13,149.6,471.49,0.2095,SAFE
EVT_84435,24082,93109,20.948,12.314,130.4,90.868,0.10852,SAFE
EVT_84436,43152,81924,26.886,14.018,28.5,318.664,0.19156,SAFE
EVT_84437,34113,98621,15.923,8.6,24.2,44.049,0.0987,SAFE
EVT_84438,32950,89487,0.012,10.943,119.3,306.913,0.93717,HIGH
EVT_84439,29017,93199,6.219,7.994,104.4,103.868,0.60977,MEDIUM
EVT_84440,40051,86921,4.465,11.885,72.5,76.603,0.09618,SAFE
EVT_84441,43228,86239,17.245,6.229,140.6,167.931,0.20645,SAFE
EVT_84442,23832,94817,5.177,13.198,141.5,180.418,0.66966,MEDIUM
EVT_84443,20399,84547,2.074,14.298,121.5,485.128,0.73981,MEDIUM
EVT_84444,47283,84402,3.917,14.091,45.6,355.118,0.42826,MEDIUM
EVT_84445,26701,97042,46.927,12.162,62.1,184.834,0.24945,SAFE
EVT_84446,38478,97594,2.652,5.37,49.8,460.947,0.78013,MEDIUM
EVT_84447,49518,96422,7.755,14.024,114.7,484.701,0.53382,MEDIUM
EVT_84448,43278,87165,22.497,11.962,172.4,239.51,0.12238,SAFE
EVT_84449,45022,90808,3.942,7.306,81.8,327.26,0.549,MEDIUM
EVT_84450,46581,91872,23.838,11.315,1.2,289.237,0.21725,SAFE
EVT_84451,43702,83858,1.343,11.723,150.1,159.177,0.34749,MEDIUM
EVT_84452,29308,83275,0.436,10.313,48.8,193.462,0.54683,MEDIUM
EVT_84453,31871,83427,21.064,7.726,7.3,77.313,0.05776,SAFE
EVT_84454,23359,89270,24.994,13.007,93.2,280.931,0.21994,SAFE
EVT_84455,44428,98751,19.249,5.965,17.3,241.31,0.19353,SAFE
EVT_84456,49819,80253,23.298,12.026,178.6,166.225,0.05877,SAFE
EVT_84457,24871,97005,16.358,13.272,124.0,97.559,0.06108,SAFE
EVT_84458,40955,93363,4.039,6.276,43.3,383.074,0.34664,MEDIUM
EVT_84459,23828,90079,36.251,14.619,139.3,285.672,0.02486,SAFE
EVT_84460,35843,92904,23.63,11.984,83.9,309.247,0.01818,SAFE
EVT_84461,26374,95910,32.621,14.7,98.9,67.139,0.13588,SAFE
EVT_84462,23491,91558,16.139,8.078,21.3,454.698,0.10085,SAFE
EVT_84463,23440,98982,21.375,5.859,153.6,96.49,0.13246,SAFE
EVT_84464,39897,96782,27.509,6.776,77.6,45.465,0.17539,SAFE
EVT_84465,39347,93746,9.866,5.324,154.2,90.696,0.08306,SAFE
EVT_84466,32545,80756,14.435,9.63,123.4,209.799,0.21415,SAFE
EVT_84467,32578,92455,20.175,14.998,152.6,291.337,0.25696,SAFE
EVT_84468,22322,82030,0.227,9.078,64.2,90.281,0.24145,SAFE
EVT_84469,29086,82219,6.085,14.715,11.7,144.167,0.60709,MEDIUM
EVT_84470,21966,93657,0.274,9.683,95.6,76.452,0.19612,SAFE
EVT_84471,31002,91123,7.768,8.824,164.3,433.032,0.62049,MEDIUM
EVT_84472,30702,96893,4.411,11.215,171.2,348.112,0.36741,MEDIUM
EVT_84473,33185,91764,12.134,5.038,95.7,439.406,0.01653,SAFE
EVT_84474,28864,98508,2.607,13.454,92.6,111.099,0.48592,MEDIUM
EVT_84475,20372,99120,21.658,9.602,5.7,392.24,0.18084,SAFE
EVT_84476,20183,89295,44.91,13.75,152.7,387.393,0.27807,SAFE
EVT_84477,49828,88177,17.825,14.262,21.6,478.997,0.19971,SAFE
EVT_84478,49414,93190,0.805,9.816,131.1,45.201,0.13052,SAFE
EVT_84479,24526,92055,12.271,9.58,55.7,474.169,0.11736,SAFE
EVT_84480,32026,84556,34.176,11.364,47.1,43.69,0.07024,SAFE
EVT_84481,27540,85006,31.314,11.539,92.5,45.51,0.2331,SAFE
EVT_84482,29483,90733,20.672,6.83,159.2,42.786,0.19385,SAFE
EVT_84483,40182,99705,16.721,6.111,100.1,17.708,0.1998,SAFE
EVT_84484,45573,80450,12.112,8.028,162.8,466.681,0.15387,SAFE
EVT_84485,44428,85644,1.182,11.021,160.2,170.44,0.71615,MEDIUM
EVT_84486,43218,92562,8.93,13.139,28.7,244.171,0.52381,MEDIUM
EVT_84487,39986,86928,12.754,9.769,108.6,286.567,0.05067,SAFE
EVT_84488,28757,88265,6.88,6.312,58.6,209.775,0.43806,MEDIUM
EVT_84489,35629,94006,45.202,10.573,79.6,390.991,0.1801,SAFE
EVT_84490,42471,99864,16.742,13.43,66.3,455.25,0.16298,SAFE
EVT_84491,44920,85222,3.682,9.442,100.5,443.898,0.56333,MEDIUM
EVT_84492,30344,94040,33.191,9.621,160.7,218.522,0.00311,SAFE
EVT_84493,43987,81247,6.91,13.959,116.2,43.458,0.21859,SAFE
EVT_84494,21357,91520,1.012,5.988,137.5,470.324,0.8969,HIGH
EVT_84495,44820,97341,0.608,13.207,107.3,279.536,0.33063,MEDIUM
EVT_84496,20648,96485,24.721,11.545,149.1,77.049,0.13228,SAFE
EVT_84497,38502,85490,15.849,12.137,85.0,134.837,0.06829,SAFE
EVT_84498,47652,84968,4.182,5.935,133.3,489.863,0.35658,MEDIUM
EVT_84499,20451,95260,21.635,13.764,83.7,186.791,0.03985,SAFE
EVT_84500,40997,91606,0.272,10.447,45.4,217.222,0.42996,MEDIUM
EVT_84501,49205,82768,20.515,11.161,45.4,82.693,0.16205,SAFE
EVT_84502,26442,97214,28.437,13.321,125.4,40.826,0.07882,SAFE
EVT_84503,37843,89591,12.02,11.888,155.3,110.775,0.00263,SAFE
EVT_84504,33959,93177,6.99,9.451,111.0,135.483,0.39885,MEDIUM
EVT_84505,33141,80032,19.684,9.752,158.4,443.287,0.03945,SAFE
EVT_84506,36889,94434,15.613,14.662,59.7,397.547,0.02386,SAFE
EVT_84507,34180,90631,8.269,5.856,13.7,130.254,0.42594,MEDIUM
EVT_84508,45062,90425,20.395,6.833,150.9,295.93,0.22455,SAFE
EVT_84509,22663,90836,46.451,13.607,39.0,234.93,0.08354,SAFE
EVT_84510,36290,94716,3.727,7.604,159.2,371.864,0.47694,MEDIUM
EVT_84511,40982,81038,14.463,5.169,32.0,308.638,0.25556,SAFE
EVT_84512,27255,80664,35.354,6.763,158.5,119.913,0.14887,SAFE
EVT_84513,31762,98511,0.586,9.439,78.1,391.567,0.80875,HIGH
EVT_84514,46096,89873,23.305,7.131,35.0,187.305,0.10649,SAFE
EVT_84515,46130,98366,6.867,6.612,48.9,199.833,0.59448,MEDIUM
EVT_84516,20323,88235,4.253,6.097,131.5,35.324,0.27588,SAFE
EVT_84517,43175,82083,0.642,12.441,179.3,420.674,0.9589,HIGH
EVT_84518,42594,93287,20.641,6.959,120.3,262.079,0.20095,SAFE
EVT_84519,22858,87186,0.604,14.998,102.0,352.363,0.85209,HIGH
EVT_84520,21124,96874,14.412,5.348,27.6,386.923,0.03266,SAFE
EVT_84521,31254,98117,13.774,10.184,179.4,138.527,0.04182,SAFE
EVT_84522,29525,89859,3.481,8.042,16.5,434.808,0.74526,MEDIUM
EVT_84523,34579,98458,9.586,14.992,25.9,76.245,0.10613,SAFE
EVT_84524,29918,99332,47.666,12.138,70.7,84.195,0.10016,SAFE
EVT_84525,27905,82459,0.784,8.18,33.4,61.587,0.09044,SAFE
EVT_84526,42501,90258,0.614,8.771,99.5,355.32,0.9459,HIGH
EVT_84527,29924,87775,4.705,8.966,44.1,116.264,0.50752,MEDIUM
EVT_84528,39889,90009,6.806,9.742,158.2,431.295,0.7455,MEDIUM
EVT_84529,34678,97373,4.22,9.713,140.2,452.665,0.47654,MEDIUM
EVT_84530,46125,93402,9.845,7.72,42.8,51.777,0.15775,SAFE
EVT_84531,24212,97346,0.822,10.598,105.7,49.703,0.08054,SAFE
EVT_84532,23720,95287,32.954,11.86,19.3,174.551,0.13105,SAFE
EVT_84533,48356,99942,27.199,8.467,47.2,144.456,0.17231,SAFE
EVT_84534,26650,84666,3.669,8.836,87.2,245.633,0.3097,MEDIUM
EVT_84535,46637,98351,122.141,10.381,137.4,323.172,0.23905,SAFE
EVT_84536,29529,90300,8.545,13.323,129.4,42.513,0.26805,SAFE
EVT_84537,47949,88583,2.17,7.899,46.6,419.77,0.30798,MEDIUM
EVT_84538,24428,98932,6.03,13.387,151.9,479.705,0.32558,MEDIUM
EVT_84539,36999,85157,12.391,9.778,104.2,376.67,0.04155,SAFE
EVT_84540,21816,87107,11.085,14.648,42.3,260.46,0.26561,SAFE
EVT_84541,48025,85228,4.944,14.579,44.2,254.463,0.53151,MEDIUM
EVT_84542,24213,88200,0.277,14.289,4.2,468.682,0.9211,HIGH
EVT_84543,30663,98387,1.098,10.879,62.4,254.39,0.52531,MEDIUM
EVT_84544,35023,98635,25.754,8.335,139.9,360.271,0.03114,SAFE
EVT_84545,21335,82811,7.892,13.899,96.1,470.005,0.65015,MEDIUM
EVT_84546,40181,90790,16.182,8.636,155.1,103.759,0.00322,SAFE
EVT_84547,24630,91173,9.64,10.526,143.5,168.159,0.61052,MEDIUM
EVT_84548,38911,93195,1.805,10.235,27.4,378.824,0.81811,HIGH
EVT_84549,28676,81171,13.404,5.394,55.7,367.218,0.12764,SAFE
EVT_84550,31947,97284,3.416,9.4,8.1,286.809,0.57655,MEDIUM
EVT_84551,44828,96322,12.052,11.245,69.1,106.733,0.19577,SAFE
EVT_84552,38641,80392,73.13,12.908,7.5,91.632,0.27088,SAFE
EVT_84553,23315,91591,12.458,8.099,85.0,14.024,0.16624,SAFE
EVT_84554,27686,85657,32.214,7.6,54.0,241.646,0.03076,SAFE
EVT_84555,48928,89694,6.72,6.712,13.4,265.019,0.72378,MEDIUM
EVT_84556,38600,95114,7.516,11.23,76.5,313.722,0.40407,MEDIUM
EVT_84557,49237,89528,10.393,8.413,31.9,221.988,0.20566,SAFE
EVT_84558,31312,88602,57.917,7.595,156.6,451.526,0.11122,SAFE
EVT_84559,38374,96341,15.615,12.863,134.7,39.496,0.23631,SAFE
EVT_84560,42516,82991,4.873,8.959,154.6,100.461,0.53925,MEDIUM
EVT_84561,33294,97014,35.668,13.538,117.8,170.004,0.20932,SAFE
EVT_84562,44536,85503,6.176,9.207,155.8,164.0,0.49667,MEDIUM
EVT_84563,49123,85062,6.284,8.775,143.0,491.833,0.75031,MEDIUM
EVT_84564,46483,91042,4.998,8.328,92.3,444.957,0.73378,MEDIUM
EVT_84565,47847,99371,1.796,14.423,59.1,388.04,0.88013,HIGH
EVT_84566,20791,87718,12.163,13.314,151.9,138.038,0.14088,SAFE
EVT_84567,29710,82269,1.177,10.986,74.1,454.824,0.98348,HIGH
EVT_84568,22299,86939,0.265,13.537,11.9,271.17,0.59193,MEDIUM
EVT_84569,38875,86877,22.813,12.404,48.4,369.157,0.28755,SAFE
EVT_84570,21569,82459,2.058,10.327,72.7,466.158,0.5564,MEDIUM
EVT_84571,22928,85481,7.466,9.465,14.6,441.088,0.67197,MEDIUM
EVT_84572,39958,93448,4.913,5.129,46.0,314.825,0.75303,MEDIUM
EVT_84573,23821,84577,7.152,11.7,157.4,25.339,0.16227,SAFE
EVT_84574,41179,95096,15.138,5.116,165.1,255.416,0.06417,SAFE
EVT_84575,34158,87145,10.873,8.652,130.2,206.95,0.10887,SAFE
EVT_84576,47852,93910,2.307,10.307,35.9,460.083,0.3133,MEDIUM
EVT_84577,21915,84910,8.338,11.128,101.4,300.837,0.56225,MEDIUM
EVT_84578,43318,92364,5.141,14.851,22.3,179.602,0.63198,MEDIUM
EVT_84579,40770,86254,19.278,6.971,148.4,304.067,0.22079,SAFE
EVT_84580,47865,80589,0.482,11.419,129.1,61.318,0.01157,SAFE
EVT_84581,24292,92164,0.741,6.995,125.7,105.779,0.51107,MEDIUM
EVT_84582,37427,89078,9.654,11.182,0.4,308.226,0.54561,MEDIUM
EVT_84583,49736,98619,3.159,11.711,87.2,256.65,0.67936,MEDIUM
EVT_84584,21830,86755,12.759,8.258,102.0,410.726,0.28721,SAFE
EVT_84585,23211,95889,2.809,11.199,69.4,414.934,0.78094,MEDIUM
EVT_84586,49358,81872,46.192,5.572,23.5,337.726,0.10887,SAFE
EVT_84587,26018,81890,3.853,13.464,128.5,303.968,0.46092,MEDIUM
EVT_84588,21099,84351,25.005,10.377,141.2,464.502,0.15934,SAFE
EVT_84589,28305,96012,19.997,12.259,99.2,148.813,0.17262,SAFE
EVT_84590,41429,90194,18.91,5.847,160.8,11.273,0.04386,SAFE
EVT_84591,47439,80443,9.588,8.958,101.8,435.195,0.76994,MEDIUM
EVT_84592,42073,84454,5.145,10.05,80.5,213.538,0.53385,MEDIUM
EVT_84593,44076,97401,1.188,5.164,173.6,269.711,0.66927,MEDIUM
EVT_84594,44978,89297,4.578,7.833,58.6,350.139,0.52238,MEDIUM
EVT_84595,30877,83255,4.458,9.726,135.6,181.735,0.60503,MEDIUM
EVT_84596,24440,89631,32.514,14.969,34.9,32.45,0.05378,SAFE
EVT_84597,32906,83341,1.941,9.145,131.9,176.993,0.45031,MEDIUM
EVT_84598,31597,93467,17.974,5.527,79.3,102.409,0.08657,SAFE
EVT_84599,44512,96861,32.226,7.036,90.0,95.783,0.05453,SAFE
EVT_84600,22741,87843,3.244,8.06,171.0,312.96,0.76456,MEDIUM
EVT_84601,41252,90821,20.604,5.069,95.1,11.771,0.27394,SAFE
EVT_84602,41029,88992,19.304,8.9,147.9,492.205,0.12614,SAFE
EVT_84603,34467,81682,17.513,11.025,91.4,453.319,0.21319,SAFE
EVT_84604,33222,97016,40.748,12.104,46.2,306.34,0.23593,SAFE
EVT_84605,32708,87146,45.465,9.258,82.8,274.219,0.06825,SAFE
EVT_84606,38065,98964,21.213,9.097,45.2,463.58,0.11036,SAFE
EVT_84607,35711,93384,6.417,6.923,50.4,23.482,0.1337,SAFE
EVT_84608,21408,80076,9.355,6.313,5.2,434.219,0.30171,MEDIUM
EVT_84609,24343,80316,0.705,9.607,170.0,409.457,0.91814,HIGH
EVT_84610,36307,80785,10.069,12.649,128.7,66.564,0.06431,SAFE
EVT_84611,29051,82916,17.023,9.408,107.9,25.247,0.07313,SAFE
EVT_84612,20058,95703,5.889,14.973,162.6,223.967,0.45236,MEDIUM
EVT_84613,28083,88707,1.765,13.534,131.2,15.407,0.0645,SAFE
EVT_84614,23005,86912,0.555,10.626,14.9,401.273,0.88577,HIGH
EVT_84615,40439,87290,9.211,14.191,94.2,176.92,0.64434,MEDIUM
EVT_84616,31854,95582,18.061,14.718,145.1,238.687,0.17192,SAFE
EVT_84617,32207,92055,45.786,7.948,8.0,387.238,0.25582,SAFE
EVT_84618,27868,93115,0.954,14.294,45.0,492.907,0.88731,HIGH
EVT_84619,21553,89550,33.407,13.516,151.5,399.408,0.26331,SAFE
EVT_84620,45628,82542,4.495,9.715,83.4,373.589,0.33728,MEDIUM
EVT_84621,30044,88942,2.011,9.345,89.6,345.901,0.73595,MEDIUM
EVT_84622,34056,84393,12.165,14.989,92.8,217.71,0.26694,SAFE
EVT_84623,44705,96415,23.289,10.694,31.5,67.773,0.18978,SAFE
EVT_84624,42218,96668,13.972,12.133,132.5,382.653,0.06415,SAFE
EVT_84625,39230,93658,2.33,9.548,128.0,24.622,0.07361,SAFE
EVT_84626,47364,96672,19.938,9.968,14.8,209.697,0.02647,SAFE
EVT_84627,26581,80524,9.148,11.116,46.7,265.273,0.68394,MEDIUM
EVT_84628,43209,95083,42.099,10.299,37.2,480.309,0.01366,SAFE
EVT_84629,35655,96459,7.334,12.96,107.4,231.463,0.76209,MEDIUM
EVT_84630,36546,86328,7.375,10.214,48.6,376.67,0.71101,MEDIUM
EVT_84631,25654,89291,33.503,11.59,12.6,229.622,0.18322,SAFE
EVT_84632,42448,88087,2.369,13.071,91.1,386.209,0.54515,MEDIUM
EVT_84633,26091,94999,11.123,7.293,124.8,173.256,0.25247,SAFE
EVT_84634,21204,83144,39.346,7.707,27.0,312.236,0.00833,SAFE
EVT_84635,22873,92371,40.135,14.416,12.2,136.909,0.13175,SAFE
EVT_84636,36167,91250,55.15,13.313,10.1,254.495,0.20457,SAFE
EVT_84637,34338,81911,24.856,6.064,28.3,422.807,0.27545,SAFE
EVT_84638,38367,94509,2.781,11.071,111.9,497.802,0.62768,MEDIUM
EVT_84639,47084,80192,4.063,6.307,144.9,148.102,0.74202,MEDIUM
EVT_84640,20878,94152,0.993,14.773,105.9,435.991,0.9158,HIGH
EVT_84641,41655,89387,4.45,5.056,86.1,95.959,0.07474,SAFE
EVT_84642,29329,99898,5.1,12.159,76.1,417.428,0.75385,MEDIUM
EVT_84643,43953,94451,5.824,7.804,119.9,278.715,0.60262,MEDIUM
EVT_84644,29760,93217,10.341,7.47,73.9,317.572,0.14782,SAFE
EVT_84645,24617,80078,36.989,12.778,108.4,250.317,0.0417,SAFE
EVT_84646,36760,95588,22.291,14.519,106.7,178.842,0.28985,SAFE
EVT_84647,44118,95300,2.784,13.436,54.9,273.552,0.51801,MEDIUM
EVT_84648,39288,93424,5.016,14.119,36.1,271.988,0.52149,MEDIUM
EVT_84649,34738,99904,30.421,14.657,154.8,258.064,0.23823,SAFE
EVT_84650,28849,94184,34.176,14.374,142.0,410.297,0.18697,SAFE
EVT_84651,39123,93086,30.473,13.114,9.6,152.455,0.22768,SAFE
EVT_84652,43899,90691,4.738,8.908,138.6,338.033,0.73122,MEDIUM
EVT_84653,35790,96626,3.68,14.169,82.3,342.156,0.71811,MEDIUM
EVT_84654,33869,89785,7.539,6.833,109.4,72.887,0.02167,SAFE
EVT_84655,27891,95428,3.178,14.512,75.9,110.025,0.48339,MEDIUM
EVT_84656,42826,80250,19.78,9.004,92.1,12.273,0.25914,SAFE
EVT_84657,28602,86560,6.111,12.149,18.5,453.231,0.47055,MEDIUM
EVT_84658,23797,80405,7.1,8.666,111.3,355.965,0.53181,MEDIUM
EVT_84659,45928,83695,11.168,13.972,76.2,392.605,0.19629,SAFE
EVT_84660,21489,94182,28.807,12.356,114.2,341.582,0.00048,SAFE
EVT_84661,22477,91527,23.791,14.626,46.2,434.928,0.04533,SAFE
EVT_84662,29745,99284,29.339,5.31,58.9,181.541,0.24934,SAFE
EVT_84663,24696,91559,12.756,8.488,162.4,209.417,0.05378,SAFE
EVT_84664,36777,96198,1.814,6.962,116.5,261.57,0.75958,MEDIUM
EVT_84665,43167,86015,10.323,14.587,145.9,187.27,0.08247,SAFE
EVT_84666,28818,93431,8.957,9.586,32.1,389.558,0.55351,MEDIUM
EVT_84667,23921,95772,6.747,14.849,166.3,75.017,0.05485,SAFE
EVT_84668,47994,85586,22.834,5.455,114.6,326.93,0.17554,SAFE
EVT_84669,43028,94729,13.593,10.474,72.3,32.594,0.10028,SAFE
EVT_84670,43959,86709,2.069,14.685,58.5,157.218,0.52848,MEDIUM
EVT_84671,40323,84220,24.253,9.583,22.7,362.913,0.17961,SAFE
EVT_84672,49276,93626,21.098,14.199,84.4,56.276,0.09586,SAFE
EVT_84673,45962,92022,5.519,10.913,117.6,182.178,0.53936,MEDIUM
EVT_84674,34610,91464,34.497,10.28,100.7,371.453,0.14733,SAFE
EVT_84675,32537,99975,21.117,5.27,104.2,484.054,0.074,SAFE
EVT_84676,20924,97316,14.754,10.384,123.2,161.876,0.07367,SAFE
EVT_84677,29581,97933,0.285,11.909,113.1,437.429,0.9214,HIGH
EVT_84678,30152,95223,46.892,9.923,65.4,201.414,0.1864,SAFE
EVT_84679,46662,82758,42.307,6.107,87.9,74.64,0.1848,SAFE
EVT_84680,35282,80878,6.393,6.705,69.5,174.088,0.52638,MEDIUM
EVT_84681,41790,85528,2.156,13.669,139.3,341.265,0.36325,MEDIUM
EVT_84682,36525,95957,15.256,14.071,79.3,170.14,0.27767,SAFE
EVT_84683,40429,83299,30.917,13.953,106.1,283.976,0.08113,SAFE
EVT_84684,22138,88854,14.233,10.195,28.5,202.386,0.11356,SAFE
EVT_84685,23172,97694,7.547,9.085,17.3,47.657,0.19995,SAFE
EVT_84686,41934,96606,26.889,11.625,72.4,89.516,0.11315,SAFE
EVT_84687,37906,89112,23.81,12.107,126.7,345.805,0.24514,SAFE
EVT_84688,41275,98790,1.273,8.605,100.4,378.853,0.92558,HIGH
EVT_84689,28096,86828,70.849,6.508,170.7,389.498,0.16508,SAFE
EVT_84690,35489,83606,8.487,7.544,19.9,491.766,0.57237,MEDIUM
EVT_84691,45134,80627,9.955,8.751,150.2,297.543,0.32237,MEDIUM
EVT_84692,36940,97236,5.39,5.347,177.2,275.558,0.45179,MEDIUM
EVT_84693,37843,93544,7.322,13.405,70.1,100.906,0.57462,MEDIUM
EVT_84694,24516,99808,22.537,13.829,125.5,447.435,0.23433,SAFE
EVT_84695,44779,96783,10.416,9.434,121.9,372.726,0.28826,SAFE
EVT_84696,47893,92677,5.867,11.912,103.2,213.612,0.50779,MEDIUM
EVT_84697,36951,88241,8.835,12.319,11.4,386.902,0.76411,MEDIUM
EVT_84698,44910,84279,28.904,11.862,174.1,267.336,0.2006,SAFE
EVT_84699,45671,97189,3.826,14.151,159.1,315.983,0.32839,MEDIUM
EVT_84700,34554,92503,6.249,10.959,70.3,395.403,0.46972,MEDIUM
EVT_84701,38090,86898,21.137,10.613,80.7,313.35,0.02935,SAFE
EVT_84702,25817,91820,1.066,11.955,26.8,333.831,0.80167,HIGH
EVT_84703,47826,93443,5.707,10.482,49.2,49.145,0.21271,SAFE
EVT_84704,26638,82910,39.296,13.662,28.7,471.289,0.01217,SAFE
EVT_84705,20499,80393,5.742,10.782,100.1,352.246,0.64323,MEDIUM
EVT_84706,39554,91194,49.586,9.555,70.7,466.514,0.19123,SAFE
EVT_84707,36022,82400,23.247,9.655,12.3,289.263,0.13015,SAFE
EVT_84708,45465,91736,14.807,14.305,99.4,277.895,0.02188,SAFE
EVT_84709,49523,80875,1.357,14.315,48.8,445.91,0.96179,HIGH
EVT_84710,32841,93924,11.426,8.042,144.4,432.187,0.20044,SAFE
EVT_84711,25944,99993,8.298,13.37,102.7,477.649,0.30182,MEDIUM
EVT_84712,49489,83553,11.867,10.988,170.4,367.7,0.094,SAFE
EVT_84713,35421,92561,5.441,8.252,45.1,52.325,0.08569,SAFE
EVT_84714,25657,81455,0.837,12.427,145.5,303.438,0.87484,HIGH
EVT_84715,23547,86747,4.329,10.206,137.6,236.863,0.72389,MEDIUM
EVT_84716,22705,84842,13.599,7.646,23.0,120.384,0.04688,SAFE
EVT_84717,21511,84953,21.973,10.673,68.6,423.624,0.17483,SAFE
EVT_84718,30362,80008,9.196,5.636,38.4,213.617,0.56608,MEDIUM
EVT_84719,35415,88711,1.02,12.19,131.8,224.177,0.69966,MEDIUM
EVT_84720,30085,89523,2.072,9.426,134.0,377.272,0.77295,MEDIUM
EVT_84721,46324,93618,7.114,10.603,21.0,318.396,0.6519,MEDIUM
EVT_84722,45368,81569,7.828,9.041,146.6,341.579,0.54621,MEDIUM
EVT_84723,39339,92678,3.62,8.341,148.2,31.082,0.17486,SAFE
EVT_84724,37356,82401,12.136,9.345,44.5,413.088,0.28204,SAFE
EVT_84725,45096,99199,18.605,13.061,107.0,383.049,0.07431,SAFE
EVT_84726,45712,89002,1.089,14.753,172.1,201.138,0.38921,MEDIUM
EVT_84727,20014,95626,15.138,8.079,96.6,34.143,0.13436,SAFE
EVT_84728,44673,84846,8.249,9.51,26.4,276.049,0.49896,MEDIUM
EVT_84729,45784,93931,6.743,10.438,21.9,171.491,0.72194,MEDIUM
EVT_84730,29526,83502,17.751,13.272,112.0,329.414,0.15918,SAFE
EVT_84731,20613,91461,14.898,13.703,173.7,143.529,0.03362,SAFE
EVT_84732,30652,97896,15.153,9.777,173.4,105.203,0.23139,SAFE
EVT_84733,37727,85997,14.412,6.474,134.3,339.233,0.04433,SAFE
EVT_84734,38384,97433,17.762,7.22,107.9,421.255,0.02973,SAFE
EVT_84735,38211,95499,50.845,5.83,45.5,31.577,0.19536,SAFE
EVT_84736,34436,88260,28.115,13.496,118.0,271.253,0.27374,SAFE
EVT_84737,43747,84635,9.339,9.076,31.9,179.775,0.65093,MEDIUM
EVT_84738,41553,81916,0.503,9.318,155.7,161.853,0.75756,MEDIUM
EVT_84739,41679,80864,11.004,9.248,92.0,490.034,0.15563,SAFE
EVT_84740,21332,91864,39.986,8.846,8.9,203.357,0.02709,SAFE
EVT_84741,37653,82536,1.682,10.756,1.1,408.928,0.80373,HIGH
EVT_84742,34478,96684,24.043,8.275,78.2,309.509,0.03339,SAFE
EVT_84743,28775,81153,24.909,5.934,168.7,229.422,0.07466,SAFE
EVT_84744,30037,88319,14.135,8.439,36.3,394.633,0.05706,SAFE
EVT_84745,25211,96166,23.5,10.831,135.2,37.243,0.19296,SAFE
EVT_84746,29295,88415,5.718,11.496,123.6,68.848,0.08177,SAFE
EVT_84747,30254,90587,7.216,9.253,13.6,451.402,0.77146,MEDIUM
EVT_84748,25622,94093,26.125,9.085,134.8,490.721,0.00566,SAFE
EVT_84749,42079,94928,28.52,7.86,81.4,14.231,0.26909,SAFE
EVT_84750,35938,88163,2.121,11.969,0.7,226.379,0.57278,MEDIUM
EVT_84751,26387,98882,16.09,8.509,170.1,389.055,0.24109,SAFE
EVT_84752,45901,91004,3.792,14.12,117.8,316.882,0.6966,MEDIUM
EVT_84753,34225,89120,4.194,13.956,59.3,204.934,0.45436,MEDIUM
EVT_84754,22053,96608,18.444,7.649,4.7,292.858,0.18611,SAFE
EVT_84755,46717,90593,7.69,7.738,78.5,50.332,0.0859,SAFE
EVT_84756,41112,95487,0.275,8.782,4.2,67.163,0.14654,SAFE
EVT_84757,40062,85593,34.186,6.646,20.8,33.72,0.18063,SAFE
EVT_84758,33410,98983,11.281,14.623,13.0,433.224,0.07554,SAFE
EVT_84759,22987,87245,54.582,10.313,91.9,453.484,0.09343,SAFE
EVT_84760,33707,81512,2.418,12.833,165.8,250.375,0.39143,MEDIUM
EVT_84761,22853,95233,5.131,13.826,55.8,106.786,0.3076,MEDIUM
EVT_84762,33972,97150,16.618,12.328,41.2,280.783,0.03866,SAFE
EVT_84763,49361,93298,22.588,7.4,163.8,150.482,0.15731,SAFE
EVT_84764,34823,89502,10.738,13.349,118.0,399.141,0.00325,SAFE
EVT_84765,24367,86444,17.41,13.686,64.0,379.086,0.20058,SAFE
EVT_84766,35109,90258,20.779,9.138,69.1,224.771,0.04105,SAFE
EVT_84767,39937,88194,1.067,6.509,46.5,209.661,0.51298,MEDIUM
EVT_84768,25810,82946,5.745,10.509,114.5,61.309,0.14852,SAFE
EVT_84769,42724,89976,0.206,11.461,21.6,206.131,0.76323,MEDIUM
EVT_84770,34285,81412,7.731,9.619,178.9,461.016,0.34841,MEDIUM
EVT_84771,40378,81999,4.605,12.11,22.0,296.592,0.60637,MEDIUM
EVT_84772,22229,89315,1.906,14.755,75.3,269.808,0.4721,MEDIUM
EVT_84773,43650,96581,31.029,11.861,60.1,16.473,0.18488,SAFE
EVT_84774,30693,91570,17.978,10.591,121.5,281.343,0.14679,SAFE
EVT_84775,34327,92785,17.213,12.241,51.5,128.26,0.09223,SAFE
EVT_84776,33179,85161,28.105,6.226,140.6,443.212,0.2381,SAFE
EVT_84777,49234,97638,6.3,5.245,89.1,293.811,0.7118,MEDIUM
EVT_84778,40697,95748,41.104,13.31,174.9,84.035,0.21239,SAFE
EVT_84779,47268,91947,7.577,10.492,108.9,127.116,0.73073,MEDIUM
EVT_84780,40782,99259,3.627,14.381,39.0,361.121,0.42313,MEDIUM
EVT_84781,46123,86312,31.16,5.482,10.7,314.13,0.07362,SAFE
EVT_84782,26537,88504,11.792,11.554,77.5,113.206,0.17304,SAFE
EVT_84783,49847,88454,3.922,8.992,145.6,195.26,0.32523,MEDIUM
EVT_84784,46081,81417,36.489,7.899,141.8,330.72,0.12538,SAFE
EVT_84785,38996,98402,5.609,10.57,152.9,257.883,0.72406,MEDIUM
EVT_84786,49859,83190,43.952,12.036,1.3,254.43,0.18388,SAFE
EVT_84787,44440,98870,26.975,5.902,19.7,64.758,0.24894,SAFE
EVT_84788,27822,96105,16.751,10.002,106.6,356.721,0.10869,SAFE
EVT_84789,24639,83333,7.034,9.564,115.4,170.187,0.51163,MEDIUM
EVT_84790,34132,82644,3.799,14.359,86.5,292.145,0.45367,MEDIUM
EVT_84791,37385,96737,3.572,14.321,97.0,101.557,0.46722,MEDIUM
EVT_84792,28195,91549,3.143,6.59,160.1,119.277,0.53177,MEDIUM
EVT_84793,49780,93546,12.679,14.84,141.9,141.027,0.07909,SAFE
EVT_84794,41279,97864,12.096,14.89,84.5,206.964,0.07783,SAFE
EVT_84795,44088,82846,7.277,11.601,143.7,58.798,0.0182,SAFE
EVT_84796,32895,88435,1.842,5.436,151.6,205.084,0.43107,MEDIUM
EVT_84797,37231,99305,4.339,9.301,18.2,496.854,0.33157,MEDIUM
EVT_84798,30969,87616,11.454,8.59,19.0,209.223,0.20305,SAFE
EVT_84799,44177,84478,5.714,9.572,86.9,126.627,0.40306,MEDIUM
EVT_84800,29361,85292,6.402,8.4,128.6,65.041,0.11405,SAFE
EVT_84801,32694,95554,38.821,5.619,159.0,171.644,0.07285,SAFE
EVT_84802,38679,98443,6.773,14.12,166.8,272.328,0.72049,MEDIUM
EVT_84803,39925,87142,11.143,8.562,13.3,274.602,0.18824,SAFE
EVT_84804,29917,93093,3.972,14.969,112.5,237.1,0.30072,MEDIUM
EVT_84805,20221,96124,17.621,11.142,1.6,394.223,0.14952,SAFE
EVT_84806,26553,99684,1.27,7.907,130.1,390.296,0.88865,HIGH
EVT_84807,20393,92999,6.795,10.013,170.9,116.023,0.71499,MEDIUM
EVT_84808,23090,82937,22.463,7.151,64.1,46.622,0.17424,SAFE
EVT_84809,42775,91204,3.243,13.654,64.6,85.851,0.00387,SAFE
EVT_84810,23825,82616,30.964,8.641,50.8,321.251,0.2729,SAFE
EVT_84811,35914,81249,5.808,11.749,13.5,157.702,0.53725,MEDIUM
EVT_84812,42253,81378,0.832,10.222,105.3,484.473,0.81818,HIGH
EVT_84813,20202,97452,26.611,8.636,52.9,79.674,0.27204,SAFE
EVT_84814,32651,92252,10.292,8.841,163.3,111.007,0.06723,SAFE
EVT_84815,48691,85415,2.77,5.079,82.2,83.443,0.1238,SAFE
EVT_84816,43208,89481,5.533,11.935,111.7,169.854,0.36932,MEDIUM
EVT_84817,36440,89763,7.981,12.569,69.9,331.673,0.73437,MEDIUM
EVT_84818,26798,83620,49.63,9.099,87.4,23.744,0.1288,SAFE
EVT_84819,24318,86585,0.005,8.121,13.4,66.75,0.28863,SAFE
EVT_84820,24080,84879,28.321,6.342,121.3,334.975,0.03128,SAFE
EVT_84821,48952,93572,31.167,14.581,100.7,204.629,0.25077,SAFE
EVT_84822,39934,90665,16.56,14.93,168.8,81.046,0.00605,SAFE
EVT_84823,42838,92803,5.477,12.883,69.3,421.578,0.38585,MEDIUM
EVT_84824,37845,88195,14.757,11.404,75.5,356.117,0.23181,SAFE
EVT_84825,45901,86769,0.053,11.205,140.5,50.46,0.22204,SAFE
EVT_84826,20392,86901,1.408,13.616,81.2,125.497,0.41271,MEDIUM
EVT_84827,20780,82451,8.199,5.938,130.3,457.268,0.64798,MEDIUM
EVT_84828,47292,85553,0.316,12.674,119.3,490.155,0.95827,HIGH
EVT_84829,21347,92662,13.234,9.458,126.7,442.706,0.25605,SAFE
EVT_84830,40034,91538,13.214,8.087,109.5,140.207,0.23755,SAFE
EVT_84831,42528,99387,12.247,10.546,83.7,375.304,0.10176,SAFE
EVT_84832,22182,95438,12.454,10.71,48.5,95.157,0.22123,SAFE
EVT_84833,39728,84440,24.136,13.517,18.1,487.336,0.20438,SAFE
EVT_84834,41035,81012,9.507,14.254,141.5,392.892,0.32252,MEDIUM
EVT_84835,41951,94578,0.935,9.121,103.7,64.369,0.11651,SAFE
EVT_84836,28675,94035,25.551,9.447,117.9,201.675,0.25637,SAFE
EVT_84837,20915,94732,5.316,5.661,56.0,408.021,0.77866,MEDIUM
EVT_84838,43780,90883,2.095,10.777,111.5,53.669,0.09686,SAFE
EVT_84839,28659,90673,11.4,8.699,58.8,54.469,0.17293,SAFE
EVT_84840,39571,97830,18.074,10.137,96.8,457.84,0.26454,SAFE
EVT_84841,31179,96330,11.635,5.688,2.7,49.133,0.02243,SAFE
EVT_84842,20639,95268,0.24,9.301,118.9,422.022,0.96285,HIGH
EVT_84843,28000,95033,7.204,7.207,26.6,109.925,0.5005,MEDIUM
EVT_84844,43814,89986,0.282,9.381,166.5,244.683,0.67897,MEDIUM
EVT_84845,34451,84359,12.13,13.291,7.0,88.481,0.05626,SAFE
EVT_84846,30407,95069,0.818,13.658,14.3,142.091,0.59288,MEDIUM
EVT_84847,34790,80668,3.475,10.634,141.8,413.996,0.78264,MEDIUM
EVT_84848,30683,94959,26.759,13.885,3.4,457.348,0.11326,SAFE
EVT_84849,34421,83924,13.146,5.698,179.4,90.814,0.28506,SAFE
EVT_84850,24033,85329,0.951,6.988,12.8,191.303,0.75305,MEDIUM
EVT_84851,30846,90918,28.323,9.896,159.2,18.823,0.17704,SAFE
EVT_84852,22960,83317,2.819,9.497,23.5,140.378,0.3191,MEDIUM
EVT_84853,27634,85283,0.63,8.032,24.7,412.512,0.91664,HIGH
EVT_84854,24710,92259,4.369,14.619,71.3,135.894,0.73745,MEDIUM
EVT_84855,32330,81175,66.52,9.482,151.8,86.36,0.11046,SAFE
EVT_84856,47990,97558,15.069,5.113,13.7,489.511,0.11242,SAFE
EVT_84857,35890,89023,0.298,8.44,152.5,441.935,0.86831,HIGH
EVT_84858,33704,98848,5.324,7.887,130.9,63.694,0.28651,SAFE
EVT_84859,48530,96441,2.981,12.228,53.7,440.655,0.60913,MEDIUM
EVT_84860,20886,86493,1.755,11.783,90.3,405.701,0.86398,HIGH
EVT_84861,46156,88988,41.992,9.128,90.4,292.406,0.16234,SAFE
EVT_84862,21990,89934,17.424,7.539,142.6,383.458,0.09644,SAFE
EVT_84863,32091,85955,0.976,14.696,11.3,185.311,0.65074,MEDIUM
EVT_84864,43466,94050,1.161,13.137,7.2,232.568,0.30528,MEDIUM
EVT_84865,32555,85249,2.894,9.645,139.6,76.617,0.10723,SAFE
EVT_84866,39955,93236,2.489,7.804,150.4,31.991,0.14938,SAFE
EVT_84867,39557,97435,8.924,5.19,149.3,72.769,0.00032,SAFE
EVT_84868,20206,94090,13.832,9.284,173.2,252.798,0.19895,SAFE
EVT_84869,25383,93063,9.36,9.797,114.3,148.562,0.62974,MEDIUM
EVT_84870,43796,97233,3.457,9.183,126.5,311.203,0.75154,MEDIUM
EVT_84871,45087,89384,12.274,7.805,50.6,127.049,0.01,SAFE
EVT_84872,42710,97528,10.738,11.075,166.4,455.471,0.0249,SAFE
EVT_84873,21873,85688,14.735,9.488,126.1,481.836,0.05353,SAFE
EVT_84874,30433,85445,33.422,7.69,36.0,202.358,0.16633,SAFE
EVT_84875,45607,95937,9.797,14.39,30.7,347.094,0.72189,MEDIUM
EVT_84876,47892,98731,18.663,5.993,97.2,260.646,0.06229,SAFE
EVT_84877,26011,93960,37.135,12.275,146.6,349.481,0.2345,SAFE
EVT_84878,27442,87977,7.459,11.204,142.6,492.902,0.57571,MEDIUM
EVT_84879,25379,81628,12.561,11.383,138.6,247.884,0.19574,SAFE
EVT_84880,40375,84007,16.195,5.895,96.1,306.389,0.10219,SAFE
EVT_84881,30683,98071,16.284,9.913,165.6,328.472,0.22893,SAFE
EVT_84882,30352,81795,3.181,13.579,103.4,232.544,0.5213,MEDIUM
EVT_84883,35053,98118,26.886,5.837,59.1,296.255,0.0187,SAFE
EVT_84884,48717,93448,10.858,13.162,120.4,141.323,0.21258,SAFE
EVT_84885,36663,98729,7.79,13.402,54.0,314.072,0.49894,MEDIUM
EVT_84886,20462,86279,33.313,8.645,158.2,440.3,0.14063,SAFE
EVT_84887,24910,85003,34.595,13.438,50.0,207.041,0.22333,SAFE
EVT_84888,40307,88855,17.012,5.546,155.7,55.113,0.20121,SAFE
EVT_84889,24895,82647,12.813,9.86,38.2,13.411,0.05453,SAFE
EVT_84890,25167,85533,6.943,11.947,53.0,409.965,0.67763,MEDIUM
EVT_84891,45022,86765,9.133,9.457,106.7,116.339,0.62545,MEDIUM
EVT_84892,23853,85039,12.834,10.26,26.8,111.803,0.13475,SAFE
EVT_84893,32638,90923,16.052,7.254,70.9,135.98,0.11676,SAFE
EVT_84894,41704,94671,17.374,7.544,16.7,372.576,0.12677,SAFE
EVT_84895,30282,85233,3.841,8.204,9.6,255.55,0.50399,MEDIUM
EVT_84896,49323,86826,59.291,11.727,60.6,296.015,0.14632,SAFE
EVT_84897,22346,86861,20.453,8.561,137.8,82.94,0.26723,SAFE
EVT_84898,48649,81673,15.874,13.699,171.1,341.211,0.25592,SAFE
EVT_84899,39564,87967,54.389,7.942,14.8,231.264,0.00071,SAFE
EVT_84900,47459,94951,3.424,6.177,33.0,118.324,0.61169,MEDIUM
EVT_84901,37624,91910,0.223,7.404,110.8,431.355,0.86975,HIGH
EVT_84902,35705,83730,20.29,6.329,33.5,241.697,0.09742,SAFE
EVT_84903,22873,82076,5.217,7.612,116.0,212.723,0.38752,MEDIUM
EVT_84904,28643,82542,35.566,12.468,156.3,467.042,0.28191,SAFE
EVT_84905,36779,95990,1.514,6.501,31.3,191.963,0.46792,MEDIUM
EVT_84906,26473,92917,0.137,6.701,39.0,266.473,0.52408,MEDIUM
EVT_84907,42999,98994,15.389,8.881,90.8,487.18,0.13795,SAFE
EVT_84908,43441,82180,28.588,13.591,131.9,286.831,0.07029,SAFE
EVT_84909,39619,92485,10.596,6.904,144.5,17.611,0.10898,SAFE
EVT_84910,49123,84104,13.083,14.993,32.4,18.919,0.22119,SAFE
EVT_84911,25553,92234,0.268,12.931,24.9,253.873,0.58799,MEDIUM
EVT_84912,48541,95199,3.437,7.076,73.6,451.808,0.49606,MEDIUM
EVT_84913,27522,98849,5.462,13.539,129.5,16.584,0.28735,SAFE
EVT_84914,31870,91446,6.573,12.105,159.5,374.041,0.57449,MEDIUM
EVT_84915,39121,92897,28.911,10.428,123.6,153.616,0.053,SAFE
EVT_84916,41648,85715,2.078,12.751,66.8,138.743,0.46474,MEDIUM
EVT_84917,40189,92539,18.863,14.312,114.6,277.581,0.00887,SAFE
EVT_84918,47293,84388,3.943,11.751,97.4,175.067,0.61788,MEDIUM
EVT_84919,29935,91496,76.432,6.703,52.1,384.263,0.00072,SAFE
EVT_84920,24774,89241,14.571,11.611,164.0,418.643,0.18923,SAFE
EVT_84921,22358,91719,15.742,9.721,56.2,432.708,0.12265,SAFE
EVT_84922,22527,95911,62.421,6.864,91.2,369.698,0.22541,SAFE
EVT_84923,35003,87231,3.64,14.181,119.0,375.97,0.32101,MEDIUM
EVT_84924,34785,98483,8.096,5.386,169.1,335.723,0.63216,MEDIUM
EVT_84925,33222,85002,13.852,9.481,168.3,462.388,0.12212,SAFE
EVT_84926,27938,81173,32.041,10.265,156.4,132.695,0.28885,SAFE
EVT_84927,42301,98330,14.694,12.883,154.3,168.959,0.26355,SAFE
EVT_84928,27811,89866,1.929,13.847,11.2,316.692,0.97301,HIGH
EVT_84929,28839,87722,27.55,11.486,23.2,339.912,0.13397,SAFE
EVT_84930,42944,95302,0.784,6.466,154.0,307.724,0.92287,HIGH
EVT_84931,23827,92452,3.41,14.06,103.1,65.281,0.06885,SAFE
EVT_84932,42791,83923,2.643,8.21,0.2,93.912,0.07793,SAFE
EVT_84933,46146,92969,2.084,5.93,172.2,230.575,0.45813,MEDIUM
EVT_84934,28689,95967,2.357,13.767,34.8,406.47,0.78314,MEDIUM
EVT_84935,35809,85576,11.754,7.869,137.4,450.366,0.02291,SAFE
EVT_84936,42909,95474,19.799,13.662,125.0,288.027,0.21966,SAFE
EVT_84937,26376,87957,0.594,12.429,73.8,312.278,0.89356,HIGH
EVT_84938,35227,93215,6.593,12.864,39.2,202.171,0.51612,MEDIUM
EVT_84939,21116,93777,0.104,14.105,28.5,407.454,0.94437,HIGH
EVT_84940,36687,88832,12.284,11.964,93.8,407.487,0.27826,SAFE
EVT_84941,33338,84121,3.727,5.007,30.4,243.663,0.74406,MEDIUM
EVT_84942,48226,95830,4.612,5.255,170.9,417.758,0.59886,MEDIUM
EVT_84943,35564,94456,12.236,9.737,143.9,280.069,0.08157,SAFE
EVT_84944,27339,94338,8.8,8.549,166.0,398.783,0.60716,MEDIUM
EVT_84945,47960,89545,2.764,11.888,109.0,445.654,0.77186,MEDIUM
EVT_84946,42882,95722,45.657,8.008,65.5,212.375,0.05821,SAFE
EVT_84947,38395,98661,2.775,12.291,161.6,361.084,0.39653,MEDIUM
EVT_84948,22492,80779,53.607,9.353,12.1,487.544,0.04758,SAFE
EVT_84949,44760,85555,11.133,6.559,78.3,298.816,0.08331,SAFE
EVT_84950,29876,82849,3.481,12.062,177.1,251.292,0.50472,MEDIUM
EVT_84951,44013,90032,23.03,8.849,0.4,204.102,0.24653,SAFE
EVT_84952,22395,91233,50.824,10.033,141.0,456.647,0.23778,SAFE
EVT_84953,24431,93395,27.039,13.908,147.0,398.503,0.28892,SAFE
EVT_84954,23600,82346,10.167,11.021,24.3,444.81,0.08389,SAFE
EVT_84955,38597,91615,45.258,14.632,137.6,387.376,0.13922,SAFE
EVT_84956,40803,90071,1.652,14.635,107.2,165.309,0.38467,MEDIUM
EVT_84957,27834,81855,28.749,14.575,146.6,444.197,0.2408,SAFE
EVT_84958,39222,96979,41.892,14.679,30.5,430.025,0.02084,SAFE
EVT_84959,33840,89283,1.832,9.003,89.6,467.135,0.88452,HIGH
EVT_84960,37592,88610,36.018,5.998,85.6,140.132,0.23245,SAFE
EVT_84961,20465,93812,20.248,9.804,44.1,488.497,0.07576,SAFE
EVT_84962,39829,80984,71.137,13.409,16.9,348.115,0.23998,SAFE
EVT_84963,24416,83066,5.429,9.318,133.7,115.451,0.5818,MEDIUM
EVT_84964,33596,84192,1.087,10.353,43.0,180.817,0.57317,MEDIUM
EVT_84965,24168,94576,6.865,13.25,19.6,119.533,0.3452,MEDIUM
EVT_84966,47021,86798,12.15,8.14,161.8,428.212,0.26743,SAFE
EVT_84967,25851,86551,19.293,9.454,130.6,37.311,0.00568,SAFE
EVT_84968,49460,81916,2.558,12.112,102.6,324.316,0.48099,MEDIUM
EVT_84969,34072,84309,2.993,8.799,114.4,448.866,0.51619,MEDIUM
EVT_84970,22670,89405,43.259,9.669,10.8,404.176,0.08349,SAFE
EVT_84971,45311,80829,6.066,11.572,57.3,177.246,0.73044,MEDIUM
EVT_84972,44738,88266,20.28,6.047,161.4,244.405,0.01457,SAFE
EVT_84973,39113,85068,30.008,10.829,84.5,156.034,0.20134,SAFE
EVT_84974,27640,92953,9.134,10.174,116.0,313.87,0.78529,MEDIUM
EVT_84975,30294,92623,2.262,8.424,115.3,283.831,0.37791,MEDIUM
EVT_84976,36172,89636,2.865,10.088,156.9,122.083,0.44389,MEDIUM
EVT_84977,45720,94056,34.799,11.674,40.0,117.396,0.09885,SAFE
EVT_84978,25437,88886,4.372,8.944,41.8,393.949,0.62542,MEDIUM
EVT_84979,33787,94456,80.967,8.266,164.5,282.034,0.06861,SAFE
EVT_84980,37605,98522,3.007,12.554,124.3,210.152,0.77245,MEDIUM
EVT_84981,27491,91222,11.342,12.295,26.6,37.144,0.271,SAFE
EVT_84982,24617,90132,25.037,5.696,48.4,163.253,0.24985,SAFE
EVT_84983,31447,82598,6.09,10.317,60.3,341.457,0.7151,MEDIUM
EVT_84984,36604,89320,5.368,7.385,15.2,71.583,0.20418,SAFE
EVT_84985,34364,96985,33.496,5.114,4.1,54.121,0.13077,SAFE
EVT_84986,20528,97524,0.13,5.585,1.0,148.101,0.30742,MEDIUM
EVT_84987,20262,94514,7.452,9.151,64.6,43.318,0.15832,SAFE
EVT_84988,40416,98219,11.846,14.276,115.0,77.556,0.06823,SAFE
EVT_84989,49596,88940,23.223,14.038,135.2,416.032,0.13347,SAFE
EVT_84990,36679,87671,1.68,9.939,0.6,282.609,0.71366,MEDIUM
EVT_84991,49092,94381,40.649,8.933,4.5,184.109,0.1901,SAFE
EVT_84992,49420,85018,7.165,12.085,90.1,355.27,0.30497,MEDIUM
EVT_84993,26004,80991,16.689,12.612,91.1,220.229,0.00773,SAFE
EVT_84994,26077,87026,25.817,6.499,3.7,449.927,0.13727,SAFE
EVT_84995,47860,90054,4.328,11.39,154.4,449.091,0.57323,MEDIUM
EVT_84996,37238,82786,2.327,9.543,126.9,146.874,0.58354,MEDIUM
EVT_84997,42845,96486,0.52,7.183,88.0,95.785,0.22038,SAFE
EVT_84998,27535,87682,5.608,12.528,46.6,33.39,0.06294,SAFE
EVT_84999,37028,97147,7.347,5.18,114.9,257.394,0.77548,MEDIUM
EVT_85000,41012,81114,17.238,10.969,26.4,376.039,0.02797,SAFE
EVT_85001,22769,95166,69.032,5.201,157.8,88.499,0.16897,SAFE
EVT_85002,36386,80684,5.844,8.797,160.9,480.793,0.48731,MEDIUM
EVT_85003,21841,96270,0.73,14.515,82.9,246.152,0.42247,MEDIUM
EVT_85004,47457,81235,38.96,11.569,24.4,305.651,0.07867,SAFE
EVT_85005,38877,94949,0.138,8.248,130.0,339.62,0.92994,HIGH
EVT_85006,43678,86077,14.069,5.055,121.3,60.41,0.17992,SAFE
EVT_85007,32558,90551,17.682,5.68,60.2,33.58,0.02427,SAFE
EVT_85008,20418,99896,10.917,13.644,3.5,344.941,0.12776,SAFE
EVT_85009,42597,89864,10.139,11.276,168.7,466.853,0.08578,SAFE
EVT_85010,28408,96759,18.638,13.091,166.2,55.93,0.05217,SAFE
EVT_85011,47300,96503,10.703,9.232,9.4,422.311,0.06984,SAFE
EVT_85012,23035,98566,22.743,5.075,33.0,202.28,0.13478,SAFE
EVT_85013,48934,99913,23.361,13.48,56.5,221.555,0.20789,SAFE
EVT_85014,23868,97668,33.436,5.446,104.0,464.587,0.2894,SAFE
EVT_85015,43930,85450,6.692,6.271,124.1,352.68,0.7067,MEDIUM
EVT_85016,27814,93183,12.536,5.227,113.6,378.632,0.14562,SAFE
EVT_85017,29417,87597,0.18,6.341,159.4,68.057,0.18209,SAFE
EVT_85018,27980,99117,7.575,13.132,15.3,368.201,0.34653,MEDIUM
EVT_85019,24583,97856,10.321,11.475,68.6,204.33,0.15824,SAFE
EVT_85020,28473,88836,41.282,12.482,51.7,23.75,0.15075,SAFE
EVT_85021,44435,81628,30.547,11.552,112.7,292.276,0.03162,SAFE
EVT_85022,40233,86668,5.062,12.109,63.5,464.879,0.51103,MEDIUM
EVT_85023,30425,98640,9.456,5.847,129.4,135.789,0.36124,MEDIUM
EVT_85024,20052,95444,6.886,6.372,77.7,368.526,0.78796,MEDIUM
EVT_85025,48371,99356,2.101,8.792,85.3,197.426,0.32066,MEDIUM
EVT_85026,49680,80850,5.135,7.715,2.5,59.558,0.00516,SAFE
EVT_85027,32468,80625,40.948,8.197,15.4,424.384,0.07897,SAFE
EVT_85028,40503,95922,1.262,12.521,154.0,78.239,0.14777,SAFE
EVT_85029,26762,84553,7.315,6.22,73.3,241.971,0.30681,MEDIUM
EVT_85030,37097,95307,8.498,5.313,40.1,138.043,0.39583,MEDIUM
EVT_85031,34402,82925,9.563,6.22,48.2,249.473,0.33613,MEDIUM
EVT_85032,25901,86631,30.187,5.879,94.7,253.945,0.014,SAFE
EVT_85033,33695,89645,3.821,5.716,104.2,309.708,0.75146,MEDIUM
EVT_85034,47106,98983,3.726,8.214,59.4,39.827,0.00726,SAFE
EVT_85035,46636,92015,7.543,6.18,73.6,158.358,0.45322,MEDIUM
EVT_85036,41162,95390,20.132,7.546,103.3,144.158,0.08098,SAFE
EVT_85037,49139,86427,0.071,6.095,87.3,187.858,0.43563,MEDIUM
EVT_85038,31747,83338,2.899,6.962,120.2,394.419,0.42064,MEDIUM
EVT_85039,38016,86396,9.184,14.174,80.2,86.198,0.25051,SAFE
EVT_85040,38588,95915,12.986,8.394,137.7,440.262,0.23877,SAFE
EVT_85041,26746,83517,5.864,9.637,147.3,270.331,0.60477,MEDIUM
EVT_85042,28384,95223,17.593,9.728,80.0,466.361,0.14567,SAFE
EVT_85043,25489,88792,4.816,9.112,77.9,340.689,0.5278,MEDIUM
EVT_85044,39754,85158,20.946,11.033,151.5,132.772,0.09745,SAFE
EVT_85045,34969,89096,4.73,14.308,142.1,124.132,0.50505,MEDIUM
EVT_85046,48969,80852,31.401,7.75,55.9,73.83,0.25338,SAFE
EVT_85047,29134,86571,11.095,6.658,21.1,92.823,0.0361,SAFE
EVT_85048,45280,91034,27.319,5.332,169.5,491.401,0.02681,SAFE
EVT_85049,25483,84898,4.498,10.674,15.9,372.589,0.30966,MEDIUM
EVT_85050,25929,97151,9.105,9.129,153.4,499.199,0.57172,MEDIUM
EVT_85051,34840,85860,3.394,9.473,81.5,58.842,0.02277,SAFE
EVT_85052,41517,80192,16.075,10.852,26.8,129.786,0.2596,SAFE
EVT_85053,24090,85509,10.974,12.253,126.3,97.411,0.27745,SAFE
EVT_85054,46082,92006,6.442,14.89,123.3,59.381,0.04441,SAFE
EVT_85055,45338,97380,1.462,8.369,99.0,386.073,0.89115,HIGH
EVT_85056,37633,96057,2.856,12.907,49.0,205.689,0.38766,MEDIUM
EVT_85057,35155,80418,57.973,5.582,146.6,202.367,0.21033,SAFE
EVT_85058,35833,96435,27.428,13.79,132.9,429.417,0.2271,SAFE
EVT_85059,28405,90620,75.214,5.631,65.6,467.771,0.0797,SAFE
EVT_85060,35417,95923,2.343,9.776,90.8,196.212,0.70845,MEDIUM
EVT_85061,43322,99784,10.459,6.624,102.4,360.025,0.1987,SAFE
EVT_85062,28961,85072,5.411,5.135,130.4,108.132,0.52834,MEDIUM
EVT_85063,22189,90601,0.075,13.347,51.9,386.824,0.87927,HIGH
EVT_85064,26801,89635,5.666,8.381,59.9,29.037,0.19621,SAFE
EVT_85065,41489,99156,6.238,9.968,65.7,57.856,0.03249,SAFE
EVT_85066,39990,89608,19.903,8.253,153.2,10.359,0.11273,SAFE
EVT_85067,40367,85375,25.187,12.831,33.3,290.841,0.28239,SAFE
EVT_85068,30693,98947,21.696,7.791,38.6,53.374,0.00383,SAFE
EVT_85069,38744,93787,33.916,12.092,6.4,434.929,0.14723,SAFE
EVT_85070,39614,83278,14.125,10.826,146.3,331.245,0.19546,SAFE
EVT_85071,24661,91962,22.79,7.614,34.8,473.391,0.01162,SAFE
EVT_85072,30092,92992,6.433,13.767,158.4,241.292,0.45849,MEDIUM
EVT_85073,31957,98547,42.768,12.514,175.6,198.267,0.20085,SAFE
EVT_85074,47357,83137,1.668,11.894,155.7,473.941,0.94085,HIGH
EVT_85075,25468,82032,7.289,6.997,160.6,310.677,0.52336,MEDIUM
EVT_85076,29551,93292,23.074,6.659,116.8,382.482,0.1887,SAFE
EVT_85077,30872,80157,8.276,8.55,49.9,368.065,0.3984,MEDIUM
EVT_85078,28442,95849,2.164,6.352,48.5,438.192,0.56938,MEDIUM
EVT_85079,44758,97570,33.666,13.414,37.7,40.609,0.21062,SAFE
EVT_85080,25228,99554,2.361,11.506,32.4,241.453,0.71987,MEDIUM
EVT_85081,30514,98484,4.822,10.27,143.3,95.266,0.13608,SAFE
EVT_85082,27675,82041,2.941,14.583,81.9,31.996,0.20891,SAFE
EVT_85083,24310,86599,1.013,11.297,23.7,23.765,0.27235,SAFE
EVT_85084,20719,96700,5.446,11.957,163.4,475.069,0.37442,MEDIUM
EVT_85085,22651,93503,18.289,9.353,101.3,82.365,0.1477,SAFE
EVT_85086,36868,97298,27.631,14.356,20.5,445.834,0.14586,SAFE
EVT_85087,43071,86191,14.43,10.426,33.7,122.987,0.23545,SAFE
EVT_85088,25427,87562,23.637,9.758,101.3,226.45,0.25288,SAFE
EVT_85089,26679,82648,6.193,12.232,169.6,184.56,0.67761,MEDIUM
EVT_85090,41360,97029,17.406,10.129,136.8,33.307,0.03412,SAFE
EVT_85091,44852,85064,50.96,10.044,22.6,186.901,0.12918,SAFE
EVT_85092,43427,98880,2.721,8.828,84.0,270.143,0.30653,MEDIUM
EVT_85093,41423,83088,23.736,6.75,29.2,327.578,0.2457,SAFE
EVT_85094,48338,96631,44.508,7.848,114.2,348.209,0.21631,SAFE
EVT_85095,46070,89647,4.771,13.226,9.6,332.75,0.41349,MEDIUM
EVT_85096,30701,90544,34.809,8.066,138.7,149.926,0.04462,SAFE
EVT_85097,20323,85227,6.706,5.356,99.9,420.006,0.74248,MEDIUM
EVT_85098,38109,93880,7.678,9.688,104.2,377.219,0.54891,MEDIUM
EVT_85099,42864,94713,14.702,10.766,53.8,430.091,0.2771,SAFE
EVT_85100,24314,97390,8.097,9.641,28.6,59.288,0.08213,SAFE
EVT_85101,48135,98403,7.044,10.714,50.8,282.023,0.72827,MEDIUM
EVT_85102,28437,83742,27.264,11.804,36.7,482.34,0.05486,SAFE
EVT_85103,29086,91916,10.849,5.038,141.8,494.954,0.14781,SAFE
EVT_85104,39441,99764,46.001,6.451,84.2,279.802,0.16662,SAFE
EVT_85105,40338,93803,4.024,8.983,47.3,173.442,0.55164,MEDIUM
EVT_85106,45350,83447,9.176,7.848,156.1,276.161,0.34035,MEDIUM
EVT_85107,26170,86898,4.875,6.454,140.9,22.607,0.15062,SAFE
EVT_85108,48832,80363,21.771,5.513,91.7,342.081,0.07672,SAFE
EVT_85109,48882,86388,5.282,5.285,170.0,453.455,0.63169,MEDIUM
EVT_85110,20198,90542,20.929,10.975,110.9,309.865,0.2744,SAFE
EVT_85111,21135,85691,6.583,12.109,126.9,261.233,0.54481,MEDIUM
EVT_85112,44583,84955,14.599,10.482,45.9,170.52,0.06255,SAFE
EVT_85113,24437,87008,0.892,8.806,80.3,75.368,0.19432,SAFE
EVT_85114,29948,95769,1.158,8.79,33.3,422.44,0.97406,HIGH
EVT_85115,21767,92830,9.003,8.524,134.7,499.288,0.68181,MEDIUM
EVT_85116,49515,80373,3.992,8.405,160.9,34.607,0.07758,SAFE
EVT_85117,21416,87471,7.876,6.959,78.7,343.719,0.4773,MEDIUM
EVT_85118,24776,99314,10.213,7.88,95.7,304.051,0.23423,SAFE
EVT_85119,44555,99976,6.233,11.133,50.0,324.76,0.64127,MEDIUM
EVT_85120,22254,93493,14.276,9.714,33.3,88.485,0.10238,SAFE
EVT_85121,34442,85736,3.686,6.741,157.6,372.361,0.4226,MEDIUM
EVT_85122,25866,95804,9.937,14.689,29.3,69.342,0.07747,SAFE
EVT_85123,35343,92246,12.444,9.869,138.1,251.983,0.18343,SAFE
EVT_85124,22799,85077,10.37,8.075,81.4,257.563,0.04979,SAFE
EVT_85125,28545,86690,7.855,5.427,130.8,165.312,0.68819,MEDIUM
EVT_85126,35650,96400,16.469,9.087,109.5,307.793,0.20402,SAFE
EVT_85127,23492,87068,16.875,6.435,7.9,180.069,0.28918,SAFE
EVT_85128,29702,82180,1.722,11.756,166.8,39.495,0.22907,SAFE
EVT_85129,48728,98060,6.482,6.768,99.2,179.053,0.56059,MEDIUM
EVT_85130,41343,92951,7.576,6.007,6.7,118.743,0.70287,MEDIUM
EVT_85131,22495,96053,0.662,11.148,111.7,232.234,0.76578,MEDIUM
EVT_85132,21326,99671,12.053,10.5,33.3,228.894,0.16203,SAFE
EVT_85133,44793,91966,6.637,8.689,75.9,255.188,0.47625,MEDIUM
EVT_85134,23332,83827,9.403,7.197,179.8,414.05,0.49633,MEDIUM
EVT_85135,25683,94547,8.391,13.18,8.8,186.872,0.32984,MEDIUM
EVT_85136,40934,84963,25.446,9.139,177.8,431.628,0.09205,SAFE
EVT_85137,39792,93069,2.056,13.852,108.9,340.116,0.60557,MEDIUM
EVT_85138,46241,94821,21.692,5.538,13.7,316.634,0.27394,SAFE
EVT_85139,49144,98152,4.6,10.6,172.5,388.821,0.36779,MEDIUM
EVT_85140,41885,99448,4.59,14.429,90.8,468.196,0.40208,MEDIUM
EVT_85141,47028,83352,2.042,11.311,27.4,228.995,0.6808,MEDIUM
EVT_85142,43784,89813,32.918,10.591,24.9,244.342,0.16777,SAFE
EVT_85143,35275,92935,7.665,12.841,173.8,53.582,0.00095,SAFE
EVT_85144,34001,89235,9.328,12.573,9.1,237.649,0.72412,MEDIUM
EVT_85145,40145,98714,10.025,9.281,52.8,104.151,0.19607,SAFE
EVT_85146,39048,91126,16.23,5.383,14.2,290.866,0.00072,SAFE
EVT_85147,46615,82719,3.062,13.509,96.4,257.036,0.76986,MEDIUM
EVT_85148,26313,88645,19.772,5.098,52.2,61.808,0.16887,SAFE
EVT_85149,31003,86617,12.502,12.988,32.0,450.295,0.09782,SAFE
EVT_85150,39813,88730,1.081,8.92,56.8,187.049,0.66201,MEDIUM
EVT_85151,36332,87240,39.33,13.983,121.0,40.952,0.22799,SAFE
EVT_85152,49758,88920,63.347,9.041,88.2,166.944,0.27174,SAFE
EVT_85153,23155,99628,15.854,11.505,39.7,467.58,0.08933,SAFE
EVT_85154,24225,87036,4.931,8.7,133.1,321.034,0.76838,MEDIUM
EVT_85155,29199,91066,26.557,10.081,161.1,383.893,0.10977,SAFE
EVT_85156,20706,92602,11.705,9.595,115.2,268.046,0.04799,SAFE
EVT_85157,42497,99876,12.984,12.259,173.1,85.577,0.21301,SAFE
EVT_85158,32312,84504,30.627,9.317,30.4,137.176,0.28058,SAFE
EVT_85159,30059,95511,32.944,9.411,121.6,273.085,0.10356,SAFE
EVT_85160,39110,97114,15.723,13.336,137.9,451.833,0.10628,SAFE
EVT_85161,43505,81250,17.089,5.317,125.2,458.32,0.04668,SAFE
EVT_85162,24145,91454,15.457,8.862,161.9,115.526,0.11349,SAFE
EVT_85163,35176,89233,14.12,13.61,149.7,48.232,0.05181,SAFE
EVT_85164,34057,92106,1.53,13.244,178.9,128.437,0.60129,MEDIUM
EVT_85165,44631,80156,18.879,13.791,89.0,32.344,0.20068,SAFE
EVT_85166,47773,88876,35.76,9.802,131.9,258.601,0.18906,SAFE
EVT_85167,38572,99002,41.248,13.637,160.6,247.787,0.07176,SAFE
EVT_85168,41460,91209,23.718,5.921,111.7,217.446,0.25798,SAFE
EVT_85169,30628,94722,7.78,7.785,145.5,135.557,0.51633,MEDIUM
EVT_85170,46978,96673,6.672,11.68,10.5,446.093,0.48005,MEDIUM
EVT_85171,37254,93554,6.85,9.359,46.9,376.757,0.34708,MEDIUM
EVT_85172,39982,85148,31.858,11.3,144.9,334.201,0.15265,SAFE
EVT_85173,37334,98157,46.282,9.261,123.7,100.34,0.19293,SAFE
EVT_85174,28388,81533,22.278,10.155,3.6,44.939,0.01052,SAFE
EVT_85175,46695,85223,3.57,7.286,38.8,56.683,0.19874,SAFE
EVT_85176,48951,83805,30.81,12.149,2.0,378.582,0.01775,SAFE
EVT_85177,21211,86610,29.643,5.444,147.6,16.169,0.21845,SAFE
EVT_85178,22629,99802,17.457,13.346,174.0,159.831,0.21278,SAFE
EVT_85179,23268,91401,18.53,7.371,104.8,489.62,0.2046,SAFE
EVT_85180,27187,85242,33.634,6.821,49.2,372.823,0.12695,SAFE
EVT_85181,39863,82590,5.363,14.75,83.8,277.225,0.69728,MEDIUM
EVT_85182,25308,90455,19.364,12.681,25.6,129.423,0.06737,SAFE
EVT_85183,44866,99004,7.023,10.979,152.5,470.242,0.70734,MEDIUM
EVT_85184,23100,92324,3.206,9.772,76.3,393.088,0.74195,MEDIUM
EVT_85185,49095,97042,4.285,14.87,135.7,46.773,0.17191,SAFE
EVT_85186,23806,87579,6.503,14.402,87.0,475.765,0.44952,MEDIUM
EVT_85187,43787,93095,54.342,6.481,137.1,436.941,0.13013,SAFE
EVT_85188,44483,83350,3.336,12.803,8.3,19.18,0.1206,SAFE
EVT_85189,35851,97005,9.284,7.569,16.8,192.846,0.50541,MEDIUM
EVT_85190,42517,91087,10.492,9.79,124.1,303.118,0.15785,SAFE
EVT_85191,38175,83952,11.049,5.072,170.4,265.663,0.20922,SAFE
EVT_85192,40037,93284,1.047,5.531,134.8,206.062,0.53163,MEDIUM
EVT_85193,33628,82370,15.063,12.501,128.0,228.174,0.00607,SAFE
EVT_85194,39968,98539,7.198,7.969,157.5,65.099,0.27196,SAFE
EVT_85195,35373,89836,10.888,6.549,16.3,204.924,0.19894,SAFE
EVT_85196,28679,85397,16.164,10.136,75.5,277.352,0.04997,SAFE
EVT_85197,49309,96537,5.449,10.189,152.9,97.045,0.27636,SAFE
EVT_85198,44829,88576,8.217,14.508,132.0,246.512,0.58687,MEDIUM
EVT_85199,21482,90146,6.293,11.361,54.6,403.17,0.31981,MEDIUM
EVT_85200,45805,96945,8.541,14.537,52.2,277.063,0.56255,MEDIUM
EVT_85201,34581,99066,5.653,9.056,175.5,169.623,0.5209,MEDIUM
EVT_85202,23623,99994,5.082,6.532,53.1,354.902,0.36542,MEDIUM
EVT_85203,45318,98147,1.061,12.101,30.9,91.044,0.08945,SAFE
EVT_85204,25573,88215,1.466,10.585,51.3,484.549,0.86034,HIGH
EVT_85205,27589,91358,11.504,11.344,71.9,61.897,0.02191,SAFE
EVT_85206,36722,99736,24.868,8.168,159.0,245.663,0.12984,SAFE
EVT_85207,29678,98134,38.911,6.716,9.1,153.997,0.13612,SAFE
EVT_85208,48237,95465,25.72,8.608,15.6,17.683,0.035,SAFE
EVT_85209,25917,82664,0.201,6.083,71.6,477.325,0.89861,HIGH
EVT_85210,29629,82482,25.09,12.167,76.5,491.035,0.20036,SAFE
EVT_85211,45123,85111,15.365,8.068,119.8,315.377,0.27003,SAFE
EVT_85212,21426,98588,12.35,11.585,80.7,31.769,0.16242,SAFE
EVT_85213,48849,80879,23.846,7.089,71.2,291.64,0.1681,SAFE
EVT_85214,42961,96858,24.134,11.724,89.6,201.145,0.26993,SAFE
EVT_85215,22862,91208,21.818,13.091,138.7,483.946,0.0437,SAFE
EVT_85216,37926,90317,17.879,14.766,153.0,116.393,0.00148,SAFE
EVT_85217,40304,99695,8.049,7.49,55.8,439.334,0.57289,MEDIUM
EVT_85218,24490,98286,18.148,8.919,74.5,373.873,0.08281,SAFE
EVT_85219,27805,95799,38.475,13.463,138.8,288.418,0.2195,SAFE
EVT_85220,21826,94643,34.318,5.061,45.3,275.061,0.28823,SAFE
EVT_85221,20938,81892,10.348,12.434,34.3,372.565,0.2557,SAFE
EVT_85222,40560,81001,20.477,5.689,141.3,16.401,0.02316,SAFE
EVT_85223,39601,82491,10.816,12.869,34.7,100.217,0.0887,SAFE
EVT_85224,29382,82462,8.048,12.959,167.6,278.762,0.562,MEDIUM
EVT_85225,32782,99565,7.414,7.727,103.6,15.252,0.11389,SAFE
EVT_85226,24050,95232,14.193,5.185,0.8,368.728,0.02455,SAFE
EVT_85227,20042,96829,0.24,12.742,81.8,357.88,0.92497,HIGH
EVT_85228,30713,87833,1.798,11.593,129.6,462.717,0.80465,HIGH
EVT_85229,49339,82894,16.841,8.296,89.9,421.36,0.22615,SAFE
EVT_85230,41703,97905,17.639,7.442,123.4,37.821,0.00325,SAFE
EVT_85231,33976,93004,62.107,5.06,137.8,80.428,0.09878,SAFE
EVT_85232,45176,86748,16.482,12.014,132.1,422.738,0.00332,SAFE
EVT_85233,32559,92973,4.894,14.864,27.1,320.973,0.74215,MEDIUM
EVT_85234,28802,82021,44.58,10.328,57.9,400.407,0.1856,SAFE
EVT_85235,43063,89705,5.949,9.774,142.7,457.557,0.64181,MEDIUM
EVT_85236,28316,88527,1.896,6.322,81.6,204.475,0.33313,MEDIUM
EVT_85237,33351,85347,1.266,14.39,26.5,298.721,0.63788,MEDIUM
EVT_85238,43857,83684,50.237,5.375,169.1,396.836,0.22813,SAFE
EVT_85239,45170,92374,5.561,10.701,146.7,471.635,0.70453,MEDIUM
EVT_85240,47486,88425,1.626,8.281,53.7,178.657,0.76984,MEDIUM
EVT_85241,26674,96359,6.215,7.75,108.5,207.543,0.66921,MEDIUM
EVT_85242,27062,89097,19.057,11.539,30.4,479.816,0.00806,SAFE
EVT_85243,42409,83621,3.875,9.38,106.1,269.383,0.50556,MEDIUM
EVT_85244,32035,81917,15.755,7.772,138.2,283.13,0.12865,SAFE
EVT_85245,41248,91099,7.17,13.36,141.4,274.73,0.5815,MEDIUM
EVT_85246,35618,85878,1.612,12.226,124.1,217.475,0.5985,MEDIUM
EVT_85247,35171,89730,1.119,6.664,139.3,336.935,0.9557,HIGH
EVT_85248,37221,84350,57.692,5.982,135.0,469.239,0.0241,SAFE
EVT_85249,30456,87941,5.948,12.904,163.4,303.183,0.53736,MEDIUM
EVT_85250,34194,96022,52.578,8.806,76.6,227.756,0.18394,SAFE
EVT_85251,41938,84023,14.463,13.381,104.3,260.082,0.02951,SAFE
EVT_85252,39739,82303,2.804,12.159,163.5,340.871,0.73319,MEDIUM
EVT_85253,35774,95714,8.044,12.502,82.5,239.48,0.53096,MEDIUM
EVT_85254,48452,96231,2.81,5.103,123.9,370.395,0.77671,MEDIUM
EVT_85255,20394,94827,5.064,12.532,101.5,219.457,0.70142,MEDIUM
EVT_85256,30270,89555,21.925,7.802,138.8,417.422,0.1048,SAFE
EVT_85257,41296,91738,2.983,5.453,177.2,96.059,0.14682,SAFE
EVT_85258,29271,87274,5.815,5.749,58.9,280.698,0.66276,MEDIUM
EVT_85259,25543,91327,63.101,12.957,175.7,408.678,0.12563,SAFE
EVT_85260,24235,82850,6.535,14.475,110.3,171.004,0.35548,MEDIUM
EVT_85261,24270,99660,38.936,13.955,96.1,45.895,0.02672,SAFE
EVT_85262,22910,82625,2.748,6.729,13.5,334.768,0.71518,MEDIUM
EVT_85263,28977,87901,54.767,14.461,21.0,97.875,0.03849,SAFE
EVT_85264,45532,84849,7.203,12.439,20.3,379.517,0.34258,MEDIUM
EVT_85265,42873,95989,4.886,13.02,162.6,258.997,0.55949,MEDIUM
EVT_85266,23193,82419,2.406,14.82,102.0,154.614,0.39346,MEDIUM
EVT_85267,41388,94378,40.087,10.596,108.4,384.771,0.01514,SAFE
EVT_85268,37879,80607,0.355,13.157,24.5,133.286,0.57386,MEDIUM
EVT_85269,31036,80953,32.798,13.562,80.0,368.747,0.0281,SAFE
EVT_85270,46490,99659,5.706,11.103,0.8,254.683,0.74127,MEDIUM
EVT_85271,45026,87172,4.113,12.207,165.2,354.968,0.34644,MEDIUM
EVT_85272,23046,85093,35.624,13.624,12.6,259.956,0.06662,SAFE
EVT_85273,31640,92176,30.556,12.883,79.1,345.118,0.00014,SAFE
EVT_85274,39355,86310,6.33,6.085,24.1,165.404,0.71216,MEDIUM
EVT_85275,30537,85472,0.196,9.42,134.0,398.728,0.80468,HIGH
EVT_85276,27337,91678,25.798,14.944,151.2,254.886,0.16249,SAFE
EVT_85277,23976,99574,4.238,7.006,135.0,483.778,0.38415,MEDIUM
EVT_85278,35668,97625,7.609,14.478,147.4,284.125,0.68365,MEDIUM
EVT_85279,42409,86636,27.97,13.267,72.2,159.964,0.10658,SAFE
EVT_85280,36860,94963,4.115,6.664,66.2,264.519,0.33445,MEDIUM
EVT_85281,37350,94706,1.955,11.148,0.3,491.135,0.97278,HIGH
EVT_85282,34948,81489,8.884,14.22,46.2,268.189,0.56916,MEDIUM
EVT_85283,43317,99684,5.995,14.027,20.7,325.725,0.38391,MEDIUM
EVT_85284,47545,96411,48.798,11.432,40.1,35.66,0.22437,SAFE
EVT_85285,36966,92141,1.215,9.852,64.9,25.318,0.11884,SAFE
EVT_85286,49946,93453,3.172,8.206,159.5,476.681,0.70178,MEDIUM
EVT_85287,40564,99669,7.125,13.83,53.5,351.409,0.55557,MEDIUM
EVT_85288,31269,95488,51.894,8.224,34.9,108.721,0.19374,SAFE
EVT_85289,27606,95421,10.449,9.763,113.1,56.193,0.15856,SAFE
EVT_85290,36322,96629,0.368,5.358,115.7,202.238,0.30381,MEDIUM
EVT_85291,40226,86657,1.987,6.453,151.2,164.329,0.69638,MEDIUM
EVT_85292,21733,80280,2.076,14.269,124.5,112.794,0.36878,MEDIUM
EVT_85293,25316,94086,3.824,5.852,138.1,382.2,0.40884,MEDIUM
EVT_85294,38429,83095,0.351,5.984,144.4,83.575,0.05255,SAFE
EVT_85295,25103,98543,16.06,13.157,142.3,208.202,0.11614,SAFE
EVT_85296,31841,91677,45.963,9.982,59.8,344.059,0.03843,SAFE
EVT_85297,45702,98200,3.47,10.214,7.6,95.129,0.13611,SAFE
EVT_85298,22746,82132,0.417,8.368,102.5,12.101,0.1447,SAFE
EVT_85299,21966,82372,17.001,8.805,85.8,41.343,0.10962,SAFE
EVT_85300,42022,86794,1.877,5.433,50.4,250.961,0.31138,MEDIUM
EVT_85301,45951,81048,40.208,11.158,13.0,231.803,0.02321,SAFE
EVT_85302,26526,87386,13.848,8.844,124.3,216.635,0.21396,SAFE
EVT_85303,40086,88718,80.616,11.425,127.3,240.198,0.10357,SAFE
EVT_85304,26081,96665,7.059,8.442,19.0,319.211,0.71187,MEDIUM
EVT_85305,47188,84339,37.675,6.891,76.9,351.693,0.22504,SAFE
EVT_85306,31501,95714,8.728,10.254,176.8,120.564,0.35148,MEDIUM
EVT_85307,21606,83826,0.829,9.522,81.3,250.693,0.41126,MEDIUM
EVT_85308,41300,97759,1.71,11.461,13.5,110.889,0.76571,MEDIUM
EVT_85309,29842,87118,7.221,10.244,95.9,422.221,0.42692,MEDIUM
EVT_85310,22495,83965,22.029,10.118,56.9,94.591,0.15869,SAFE
EVT_85311,25541,92175,14.13,5.247,46.8,64.799,0.23488,SAFE
EVT_85312,34810,91851,9.69,6.777,125.5,329.63,0.37733,MEDIUM
EVT_85313,43348,88532,0.786,8.782,25.0,47.681,0.288,SAFE
EVT_85314,23125,86221,2.104,13.07,83.5,211.151,0.68297,MEDIUM
EVT_85315,42969,95565,9.304,12.83,19.4,421.069,0.31308,MEDIUM
EVT_85316,29660,90901,5.101,7.498,151.5,283.44,0.49391,MEDIUM
EVT_85317,42713,81788,6.777,14.13,164.8,155.213,0.54344,MEDIUM
EVT_85318,31424,88195,16.728,11.824,52.9,348.394,0.23356,SAFE
EVT_85319,43619,90088,15.079,5.23,129.5,381.75,0.09602,SAFE
EVT_85320,30834,98656,5.849,10.787,110.1,203.648,0.37831,MEDIUM
EVT_85321,21142,87175,6.128,5.951,9.0,127.86,0.46793,MEDIUM
EVT_85322,48770,91088,18.416,9.729,99.1,15.064,0.19094,SAFE
EVT_85323,46742,93380,10.333,8.704,169.0,225.751,0.0849,SAFE
EVT_85324,22668,80745,7.024,9.327,102.4,316.604,0.76964,MEDIUM
EVT_85325,22588,85678,19.748,7.684,159.8,417.577,0.19635,SAFE
EVT_85326,35717,93408,7.62,12.172,85.8,417.35,0.56693,MEDIUM
EVT_85327,23815,95038,24.082,11.486,72.8,43.234,0.15583,SAFE
EVT_85328,44823,88318,32.643,11.038,12.5,394.592,0.26238,SAFE
EVT_85329,39217,95019,5.496,5.973,79.7,255.34,0.52048,MEDIUM
EVT_85330,29342,91997,2.607,14.707,43.7,223.282,0.61445,MEDIUM
EVT_85331,24390,81607,25.117,8.694,25.4,353.522,0.12787,SAFE
EVT_85332,21284,96031,6.525,6.407,123.2,423.595,0.72736,MEDIUM
EVT_85333,43302,81238,25.006,8.217,124.2,51.561,0.24071,SAFE
EVT_85334,28057,98398,33.953,11.87,137.3,304.064,0.05496,SAFE
EVT_85335,28918,82913,22.554,8.589,155.3,33.223,0.23182,SAFE
EVT_85336,39291,91315,1.743,11.243,109.6,417.615,0.83995,HIGH
EVT_85337,28699,85490,18.293,14.778,155.4,269.287,0.10848,SAFE
EVT_85338,24697,87352,4.553,10.82,34.8,384.403,0.49679,MEDIUM
EVT_85339,32990,91708,1.609,13.661,141.2,350.28,0.80372,HIGH
EVT_85340,24641,82137,6.248,14.206,112.4,207.179,0.48633,MEDIUM
EVT_85341,35043,84720,9.124,5.122,74.5,96.267,0.19695,SAFE
EVT_85342,47291,97228,10.254,8.947,46.5,342.467,0.03047,SAFE
EVT_85343,24426,80260,10.77,8.485,34.8,257.645,0.05094,SAFE
EVT_85344,31301,95413,42.862,7.463,19.7,284.149,0.27789,SAFE
EVT_85345,43669,99185,14.945,8.143,0.1,39.006,0.08323,SAFE
EVT_85346,33446,93719,2.275,7.362,112.3,290.452,0.73427,MEDIUM
EVT_85347,25248,88119,10.054,13.515,75.6,395.254,0.08976,SAFE
EVT_85348,45804,95824,4.614,6.876,117.3,351.993,0.48398,MEDIUM
EVT_85349,31482,82278,15.906,14.357,102.8,402.313,0.20676,SAFE
EVT_85350,21262,89758,23.611,12.901,71.9,292.012,0.18377,SAFE
EVT_85351,49998,82914,26.815,7.686,40.6,183.948,0.24856,SAFE
EVT_85352,30711,93350,33.97,7.53,85.3,332.347,0.23361,SAFE
EVT_85353,21363,95283,51.982,9.213,38.6,380.646,0.18814,SAFE
EVT_85354,29424,89957,18.806,5.39,28.8,473.183,0.25284,SAFE
EVT_85355,44393,97827,5.055,11.493,72.6,37.219,0.19245,SAFE
EVT_85356,34926,93594,9.57,5.373,73.8,486.288,0.47724,MEDIUM
EVT_85357,26796,98543,16.749,13.905,2.9,343.521,0.17801,SAFE
EVT_85358,32420,84431,7.486,9.528,126.3,198.41,0.44192,MEDIUM
EVT_85359,34804,82613,1.48,12.508,90.5,416.434,0.94326,HIGH
EVT_85360,23072,84989,23.589,5.754,143.7,109.509,0.09967,SAFE
EVT_85361,47229,81348,2.311,7.157,66.0,40.456,0.17177,SAFE
EVT_85362,47060,85166,5.464,5.74,116.0,332.381,0.32102,MEDIUM
EVT_85363,29592,94980,12.179,10.525,175.0,38.495,0.20576,SAFE
EVT_85364,43927,98612,6.114,9.526,156.6,232.693,0.74653,MEDIUM
EVT_85365,26632,80452,19.139,9.1,66.3,470.497,0.11825,SAFE
EVT_85366,42881,88700,0.112,10.55,167.4,451.689,0.85647,HIGH
EVT_85367,46378,91048,14.533,14.541,73.5,217.459,0.19535,SAFE
EVT_85368,36615,88463,47.602,14.972,176.5,493.86,0.06576,SAFE
EVT_85369,42173,80923,1.746,5.635,153.8,39.072,0.25458,SAFE
EVT_85370,48861,82924,13.887,6.46,99.6,333.139,0.11457,SAFE
EVT_85371,24711,82028,2.992,11.745,15.6,59.891,0.16356,SAFE
EVT_85372,33077,94759,11.67,11.022,173.3,483.692,0.15548,SAFE
EVT_85373,21735,80298,5.36,13.919,51.9,211.505,0.69905,MEDIUM
EVT_85374,25240,94475,0.854,12.302,51.8,123.286,0.4226,MEDIUM
EVT_85375,30544,90993,6.293,5.167,20.8,191.705,0.45132,MEDIUM
EVT_85376,39253,83742,18.228,13.99,73.3,172.471,0.01712,SAFE
EVT_85377,34522,86677,7.593,7.851,24.3,416.355,0.70637,MEDIUM
EVT_85378,22745,95162,23.73,5.116,147.2,226.615,0.05935,SAFE
EVT_85379,47990,98689,10.128,14.647,44.7,484.694,0.25207,SAFE
EVT_85380,34552,90603,3.799,10.332,18.2,124.074,0.68142,MEDIUM
EVT_85381,29261,91408,28.849,11.147,34.7,116.263,0.08342,SAFE
EVT_85382,44180,93716,20.357,12.268,79.3,78.779,0.25362,SAFE
EVT_85383,47692,90135,4.557,5.537,128.3,258.648,0.43429,MEDIUM
EVT_85384,23733,85960,16.632,11.669,95.4,98.733,0.09283,SAFE
EVT_85385,27187,94883,4.589,14.659,113.7,255.673,0.55388,MEDIUM
EVT_85386,40488,83547,5.188,8.972,78.8,265.727,0.76623,MEDIUM
EVT_85387,39783,97269,0.928,14.124,141.2,491.282,0.94227,HIGH
EVT_85388,38204,90932,2.482,8.182,166.9,94.661,0.13303,SAFE
EVT_85389,35432,98998,13.349,11.057,0.4,494.352,0.16885,SAFE
EVT_85390,41536,94658,35.478,7.206,35.2,423.504,0.05858,SAFE
EVT_85391,40292,82530,12.086,13.133,177.4,239.663,0.25592,SAFE
EVT_85392,39449,94756,10.035,14.798,159.2,68.364,0.23321,SAFE
EVT_85393,37951,85286,19.986,10.785,128.0,191.514,0.27029,SAFE
EVT_85394,45046,97742,4.493,8.412,71.6,486.385,0.3076,MEDIUM
EVT_85395,41511,93588,32.197,13.57,128.5,37.488,0.13491,SAFE
EVT_85396,47295,89329,13.996,9.689,100.8,332.37,0.08851,SAFE
EVT_85397,31572,90664,6.962,14.763,108.6,419.867,0.62012,MEDIUM
EVT_85398,22705,87711,4.22,10.038,124.8,343.624,0.35685,MEDIUM
EVT_85399,44668,87558,18.192,13.046,100.4,177.175,0.20415,SAFE
EVT_85400,24374,82273,9.246,7.812,27.8,477.33,0.71731,MEDIUM
EVT_85401,22270,93386,6.403,12.182,140.6,230.785,0.70249,MEDIUM
EVT_85402,25928,82244,2.998,7.555,31.1,371.08,0.69008,MEDIUM
EVT_85403,25864,82591,4.325,8.729,45.0,161.841,0.77981,MEDIUM
EVT_85404,37389,82195,3.979,5.928,50.1,439.41,0.43408,MEDIUM
EVT_85405,32123,84504,12.388,8.761,173.9,294.105,0.26319,SAFE
EVT_85406,20876,97003,16.619,6.925,171.4,256.635,0.24149,SAFE
EVT_85407,44524,95513,1.768,14.888,167.3,397.212,0.86609,HIGH
EVT_85408,49142,85282,25.413,11.263,108.7,405.426,0.03831,SAFE
EVT_85409,29208,93508,13.276,13.578,46.8,331.005,0.23802,SAFE
EVT_85410,28691,89669,10.711,10.148,36.3,275.644,0.22455,SAFE
EVT_85411,36297,82606,19.919,11.246,47.8,457.969,0.00883,SAFE
EVT_85412,27490,80823,1.26,10.029,158.0,322.554,0.85886,HIGH
EVT_85413,37761,91671,3.717,13.189,125.6,318.13,0.41873,MEDIUM
EVT_85414,49692,86353,10.357,14.109,14.4,207.147,0.00975,SAFE
EVT_85415,39410,89329,17.224,8.346,143.7,326.799,0.17292,SAFE
EVT_85416,23086,94102,12.537,10.461,124.3,280.817,0.16896,SAFE
EVT_85417,23628,83532,25.925,6.869,27.9,181.401,0.00625,SAFE
EVT_85418,26943,88119,23.994,14.709,122.2,294.044,0.22979,SAFE
EVT_85419,42422,92636,41.407,8.484,67.2,366.735,0.26506,SAFE
EVT_85420,34016,80278,19.107,8.596,86.7,285.828,0.26682,SAFE
EVT_85421,36907,90310,20.367,12.088,50.2,226.005,0.01143,SAFE
EVT_85422,46346,96072,33.934,12.077,45.3,305.175,0.23604,SAFE
EVT_85423,41850,98698,12.94,10.863,152.4,469.394,0.00406,SAFE
EVT_85424,32423,83373,16.347,11.544,44.2,71.693,0.20579,SAFE
EVT_85425,47920,90213,27.676,8.315,139.5,202.655,0.26591,SAFE
EVT_85426,40489,80371,37.812,5.858,47.0,49.546,0.18835,SAFE
EVT_85427,29658,88169,13.014,12.57,9.8,97.479,0.10482,SAFE
EVT_85428,34577,95706,6.095,7.471,3.4,156.184,0.6501,MEDIUM
EVT_85429,33738,97114,7.416,11.828,70.8,107.189,0.60631,MEDIUM
EVT_85430,31621,82372,5.82,13.634,59.7,55.834,0.14981,SAFE
EVT_85431,31850,82230,13.241,7.174,37.0,203.345,0.13125,SAFE
EVT_85432,33855,91435,6.989,7.615,103.5,263.789,0.71365,MEDIUM
EVT_85433,27000,91574,11.175,12.162,37.4,481.173,0.25598,SAFE
EVT_85434,36296,83357,118.045,5.743,85.3,33.449,0.23062,SAFE
EVT_85435,34806,89374,4.004,12.987,100.9,407.748,0.50486,MEDIUM
EVT_85436,25933,97305,9.549,14.772,93.8,433.122,0.42386,MEDIUM
EVT_85437,36246,92928,1.309,6.539,143.4,263.254,0.76464,MEDIUM
EVT_85438,40636,97515,53.336,9.318,96.6,490.104,0.15885,SAFE
EVT_85439,47697,94386,4.53,11.738,163.4,182.264,0.48082,MEDIUM
EVT_85440,36185,91922,51.089,14.662,95.0,190.94,0.11529,SAFE
EVT_85441,34243,83782,16.949,8.582,40.4,470.694,0.01504,SAFE
EVT_85442,22276,82447,1.427,10.317,0.8,293.03,0.70043,MEDIUM
EVT_85443,42646,86678,2.962,6.257,168.8,434.85,0.37654,MEDIUM
EVT_85444,33512,99901,10.048,14.025,43.1,90.569,0.23552,SAFE
EVT_85445,41165,91973,17.333,13.537,163.0,238.385,0.07018,SAFE
EVT_85446,45300,84816,1.834,12.802,5.7,239.271,0.34908,MEDIUM
EVT_85447,22673,80851,2.316,5.301,89.2,430.73,0.50347,MEDIUM
EVT_85448,45198,82813,4.571,5.33,16.0,257.29,0.39804,MEDIUM
EVT_85449,44769,85951,14.089,5.378,19.8,163.955,0.02878,SAFE
EVT_85450,24612,88210,4.219,9.828,55.4,234.516,0.73054,MEDIUM
EVT_85451,21176,82037,0.65,9.842,120.2,371.183,0.98636,HIGH
EVT_85452,27087,82439,34.292,9.671,105.9,303.649,0.23632,SAFE
EVT_85453,32747,94737,31.389,13.098,169.4,409.767,0.0864,SAFE
EVT_85454,29883,81377,7.359,11.507,119.7,189.258,0.37106,MEDIUM
EVT_85455,40079,83959,2.696,10.036,25.2,199.025,0.71254,MEDIUM
EVT_85456,48052,86544,41.969,9.138,166.8,89.391,0.12813,SAFE
EVT_85457,40098,92941,0.471,10.85,159.8,459.618,0.83281,HIGH
EVT_85458,23930,94520,13.798,12.349,96.0,144.324,0.0877,SAFE
EVT_85459,39549,92806,2.429,5.832,18.8,410.873,0.46265,MEDIUM
EVT_85460,24673,91783,9.046,8.557,148.5,174.562,0.41707,MEDIUM
EVT_85461,47202,98386,6.85,8.442,71.1,178.454,0.38672,MEDIUM
EVT_85462,25068,86429,2.229,8.911,57.7,156.868,0.40981,MEDIUM
EVT_85463,40248,98858,14.18,6.94,73.9,135.755,0.05197,SAFE
EVT_85464,29488,98933,0.409,14.182,138.1,62.145,0.01474,SAFE
EVT_85465,20894,88815,6.127,14.198,111.3,50.708,0.27623,SAFE
EVT_85466,33015,99162,2.705,13.011,11.1,169.33,0.67768,MEDIUM
EVT_85467,48667,96105,6.419,5.316,18.4,295.869,0.45846,MEDIUM
EVT_85468,27814,86456,18.163,13.317,5.2,410.979,0.01816,SAFE
EVT_85469,30969,87873,15.222,7.535,175.3,480.374,0.19779,SAFE
EVT_85470,26811,89617,31.689,12.146,22.5,464.707,0.19511,SAFE
EVT_85471,33775,86249,2.154,13.675,160.6,139.527,0.66638,MEDIUM
EVT_85472,40375,98819,12.903,8.448,151.5,100.424,0.18723,SAFE
EVT_85473,27332,98885,3.433,5.116,44.6,337.494,0.4624,MEDIUM
EVT_85474,21004,94875,7.917,11.954,21.2,267.673,0.5457,MEDIUM
EVT_85475,27917,93646,13.521,14.053,171.1,497.479,0.26185,SAFE
EVT_85476,21379,91984,0.74,10.039,176.1,312.497,0.82052,HIGH
EVT_85477,36116,82971,5.154,5.025,172.0,374.467,0.37269,MEDIUM
EVT_85478,39927,81444,0.148,8.747,8.3,27.826,0.24226,SAFE
EVT_85479,40294,96779,11.994,11.275,138.7,330.918,0.09236,SAFE
EVT_85480,30977,96836,1.839,6.438,109.9,183.131,0.75273,MEDIUM
EVT_85481,41798,84627,9.876,14.036,149.5,80.553,0.25452,SAFE
EVT_85482,23252,85701,8.254,8.563,169.9,200.339,0.76629,MEDIUM
EVT_85483,26247,99294,3.901,8.875,1.1,373.822,0.32275,MEDIUM
EVT_85484,46690,93269,21.673,13.836,140.7,456.47,0.13169,SAFE
EVT_85485,37202,93039,1.827,12.813,131.8,459.282,0.82602,HIGH
EVT_85486,38416,87734,2.493,12.762,24.6,296.771,0.33228,MEDIUM
EVT_85487,42803,87618,18.128,12.369,174.9,214.853,0.25847,SAFE
EVT_85488,27270,99842,15.175,6.507,27.3,246.745,0.13139,SAFE
EVT_85489,44036,80703,5.458,12.227,30.2,139.877,0.65167,MEDIUM
EVT_85490,41969,83566,2.147,7.79,113.7,81.163,0.03241,SAFE
EVT_85491,36255,97608,0.412,7.64,109.9,207.462,0.54934,MEDIUM
EVT_85492,40235,93314,16.013,5.172,160.9,397.336,0.01112,SAFE
EVT_85493,23929,91501,4.777,9.037,162.3,210.585,0.66769,MEDIUM
EVT_85494,41930,80948,1.541,11.655,83.9,100.194,0.33062,MEDIUM
EVT_85495,26203,89060,3.642,10.823,131.1,60.214,0.05876,SAFE
EVT_85496,36587,88230,12.0,10.347,77.2,17.278,0.03543,SAFE
EVT_85497,45412,93738,6.649,12.125,13.0,110.165,0.47006,MEDIUM
EVT_85498,29942,92174,8.24,12.556,78.5,89.677,0.05116,SAFE
EVT_85499,23924,80980,3.864,10.205,173.3,196.147,0.61758,MEDIUM
EVT_85500,23162,93266,4.671,6.444,6.8,417.447,0.72726,MEDIUM
EVT_85501,49755,92969,13.472,13.661,127.1,441.099,0.00713,SAFE
EVT_85502,46970,91696,5.236,9.07,105.1,389.521,0.61418,MEDIUM
EVT_85503,44590,87186,4.615,7.015,122.1,162.817,0.53283,MEDIUM
EVT_85504,36866,90239,8.419,8.73,54.6,481.308,0.3081,MEDIUM
EVT_85505,40553,82334,7.087,7.598,29.5,233.076,0.68645,MEDIUM
EVT_85506,25126,92012,9.857,9.321,62.5,405.72,0.72153,MEDIUM
EVT_85507,36951,86166,20.248,12.482,44.3,235.353,0.24671,SAFE
EVT_85508,38615,85813,1.314,10.382,165.0,316.649,0.95767,HIGH
EVT_85509,35558,97492,10.382,7.77,76.9,174.842,0.12468,SAFE
EVT_85510,33588,92320,59.754,7.43,116.6,392.675,0.12203,SAFE
EVT_85511,37730,80069,12.72,8.475,134.9,134.216,0.04306,SAFE
EVT_85512,31637,93283,5.83,10.598,55.0,485.311,0.51657,MEDIUM
EVT_85513,42765,80681,13.714,9.658,77.2,281.651,0.20428,SAFE
EVT_85514,44628,88189,16.808,6.749,80.1,312.121,0.25831,SAFE
EVT_85515,23794,91957,21.255,14.999,54.4,287.507,0.1507,SAFE
EVT_85516,26744,94367,5.737,6.455,179.3,85.913,0.16474,SAFE
EVT_85517,38249,85170,39.514,13.33,62.4,39.086,0.09099,SAFE
EVT_85518,23495,91178,9.913,13.43,96.4,285.556,0.36485,MEDIUM
EVT_85519,21277,93524,9.202,14.154,143.1,234.299,0.61486,MEDIUM
EVT_85520,33780,80216,73.568,12.855,64.4,212.953,0.13746,SAFE
EVT_85521,31669,98694,7.989,14.807,52.5,35.163,0.12164,SAFE
EVT_85522,30408,86242,8.589,8.08,173.3,468.945,0.75918,MEDIUM
EVT_85523,23725,93084,19.159,12.942,11.8,340.62,0.00359,SAFE
EVT_85524,22691,84372,1.541,8.255,148.5,293.264,0.36308,MEDIUM
EVT_85525,29707,91484,23.515,12.33,162.7,453.212,0.09658,SAFE
EVT_85526,32051,82344,1.515,12.566,174.0,450.276,0.86554,HIGH
EVT_85527,34512,85235,20.417,5.36,77.3,70.918,0.25224,SAFE
EVT_85528,36328,82647,10.987,5.602,101.8,218.79,0.06729,SAFE
EVT_85529,39665,87916,1.487,6.057,35.1,341.993,0.87202,HIGH
EVT_85530,35075,86116,0.285,6.445,16.1,465.537,0.8134,HIGH
EVT_85531,43808,80001,0.385,12.046,63.8,188.677,0.76224,MEDIUM
EVT_85532,36641,88983,10.51,11.911,94.0,255.727,0.28967,SAFE
EVT_85533,32792,85605,21.716,11.995,48.9,113.861,0.19182,SAFE
EVT_85534,41261,97547,3.158,14.559,31.3,182.043,0.59757,MEDIUM
EVT_85535,36763,80901,0.376,5.391,163.4,194.512,0.38608,MEDIUM
EVT_85536,21822,94840,9.578,9.957,108.0,77.562,0.12164,SAFE
EVT_85537,34128,94157,6.276,10.262,67.1,320.454,0.41986,MEDIUM
EVT_85538,44848,91639,56.699,12.682,71.8,22.063,0.0988,SAFE
EVT_85539,27098,98338,0.354,13.342,31.5,323.735,0.88624,HIGH
EVT_85540,33153,94821,12.974,12.782,11.8,107.062,0.01275,SAFE
EVT_85541,39011,82133,17.831,10.706,53.3,451.484,0.1326,SAFE
EVT_85542,39882,92493,3.744,7.71,101.5,239.525,0.60754,MEDIUM
EVT_85543,28637,92885,1.736,12.693,20.3,62.865,0.01765,SAFE
EVT_85544,47871,98147,15.635,8.817,103.1,348.188,0.19826,SAFE
EVT_85545,45513,87248,1.027,12.346,69.2,244.904,0.45586,MEDIUM
EVT_85546,23150,89760,65.599,13.819,78.1,456.181,0.16833,SAFE
EVT_85547,37414,91473,16.3,12.522,92.6,61.279,0.1684,SAFE
EVT_85548,33821,86472,5.584,9.354,167.4,24.838,0.12963,SAFE
EVT_85549,48464,87141,3.291,10.39,53.1,111.387,0.52404,MEDIUM
EVT_85550,22437,86401,10.515,9.522,105.5,55.844,0.121,SAFE
EVT_85551,42328,90074,27.657,6.573,47.3,135.045,0.24791,SAFE
EVT_85552,20283,87431,15.648,10.373,169.7,407.157,0.16864,SAFE
EVT_85553,49543,84579,32.04,6.428,107.7,147.176,0.26424,SAFE
EVT_85554,24178,92172,5.702,9.775,91.6,103.122,0.36508,MEDIUM
EVT_85555,32557,94631,15.285,14.927,43.7,54.715,0.1553,SAFE
EVT_85556,35792,82655,27.864,6.254,17.9,162.874,0.21454,SAFE
EVT_85557,31789,84920,5.533,12.376,118.3,439.577,0.72072,MEDIUM
EVT_85558,23790,90135,0.046,12.362,84.5,113.18,0.78964,MEDIUM
EVT_85559,31898,84315,40.316,11.919,43.9,119.53,0.17895,SAFE
EVT_85560,44907,82654,13.183,9.352,150.8,367.615,0.07867,SAFE
EVT_85561,25749,82171,37.596,12.323,56.3,101.855,0.26738,SAFE
EVT_85562,41918,83600,5.546,14.304,83.7,356.271,0.59052,MEDIUM
EVT_85563,28511,83530,54.562,9.629,83.9,475.638,0.10208,SAFE
EVT_85564,35945,85320,41.94,5.62,80.7,499.159,0.16197,SAFE
EVT_85565,34552,97115,31.469,12.618,65.6,206.466,0.00152,SAFE
EVT_85566,37224,81333,1.908,9.902,44.4,465.698,0.81162,HIGH
EVT_85567,38617,89635,3.778,13.801,154.2,328.341,0.66329,MEDIUM
EVT_85568,42896,99134,34.93,8.398,106.0,93.659,0.05514,SAFE
EVT_85569,45704,88011,0.68,6.392,177.5,269.292,0.58369,MEDIUM
EVT_85570,40665,94305,7.573,11.141,166.7,450.303,0.50194,MEDIUM
EVT_85571,29215,89144,59.865,14.522,36.4,383.616,0.22345,SAFE
EVT_85572,42641,85133,14.143,6.791,30.4,420.312,0.15632,SAFE
EVT_85573,23413,84667,33.717,8.003,17.1,241.754,0.11762,SAFE
EVT_85574,42208,97525,12.816,9.66,5.8,146.71,0.00501,SAFE
EVT_85575,34001,86765,16.457,13.101,165.2,345.322,0.27064,SAFE
EVT_85576,43061,82818,0.354,14.431,131.8,420.437,0.95367,HIGH
EVT_85577,21107,80582,11.533,5.778,110.0,35.619,0.22362,SAFE
EVT_85578,25471,89753,4.944,13.305,25.9,348.814,0.52186,MEDIUM
EVT_85579,44864,86639,3.152,9.652,56.3,415.85,0.69685,MEDIUM
EVT_85580,25402,94106,3.467,12.84,58.9,20.428,0.12504,SAFE
EVT_85581,26914,99300,19.762,11.07,126.2,152.756,0.16012,SAFE
EVT_85582,37755,99265,13.697,14.951,74.7,110.121,0.00812,SAFE
EVT_85583,33561,88784,14.758,12.773,124.0,219.807,0.07502,SAFE
EVT_85584,38391,90958,2.332,6.94,99.6,286.957,0.33859,MEDIUM
EVT_85585,23835,89527,13.03,14.675,151.9,52.544,0.15534,SAFE
EVT_85586,38466,87273,8.191,6.23,43.9,362.525,0.40316,MEDIUM
EVT_85587,31438,96453,5.072,9.603,151.4,94.439,0.06235,SAFE
EVT_85588,27079,82128,55.725,13.95,117.2,148.543,0.19831,SAFE
EVT_85589,44502,90991,10.82,5.46,20.2,260.653,0.05491,SAFE
EVT_85590,29450,84938,12.847,5.057,63.8,244.542,0.23653,SAFE
EVT_85591,27292,82416,1.677,8.268,112.6,284.285,0.78272,MEDIUM
EVT_85592,25772,80415,2.201,14.148,67.4,385.694,0.72913,MEDIUM
EVT_85593,31052,90628,3.954,10.374,30.6,274.909,0.51702,MEDIUM
EVT_85594,37136,95581,15.677,11.21,1.7,325.967,0.24115,SAFE
EVT_85595,27280,99316,0.217,6.485,166.3,456.463,0.9372,HIGH
EVT_85596,31107,84557,68.754,5.178,81.2,380.022,0.14781,SAFE
EVT_85597,22017,99163,2.211,10.637,25.3,355.453,0.42529,MEDIUM
EVT_85598,33532,88984,6.714,7.521,101.0,499.215,0.68839,MEDIUM
EVT_85599,48013,84552,2.512,10.91,170.4,15.817,0.0541,SAFE
EVT_85600,37223,96537,39.893,5.141,163.0,275.815,0.19691,SAFE
EVT_85601,44811,96267,4.309,6.207,60.7,325.1,0.491,MEDIUM
EVT_85602,44233,84265,10.472,14.222,16.0,23.564,0.05486,SAFE
EVT_85603,25363,99647,3.561,6.344,150.9,284.075,0.35395,MEDIUM
EVT_85604,47037,97930,5.312,14.304,140.5,175.164,0.46687,MEDIUM
EVT_85605,26814,96332,1.878,9.364,142.0,179.618,0.64217,MEDIUM
EVT_85606,42071,92200,19.142,14.484,3.3,166.735,0.19491,SAFE
EVT_85607,20041,88873,4.45,5.904,17.0,348.907,0.42081,MEDIUM
EVT_85608,30047,81209,9.295,7.599,9.4,154.607,0.55106,MEDIUM
EVT_85609,45293,80993,5.709,5.732,11.8,490.732,0.67894,MEDIUM
EVT_85610,20936,94566,6.06,7.688,176.6,439.617,0.57605,MEDIUM
EVT_85611,33683,98174,32.838,5.345,60.9,153.253,0.04056,SAFE
EVT_85612,27189,89196,21.64,10.376,63.1,228.175,0.08301,SAFE
EVT_85613,37312,87249,37.742,11.656,91.3,370.67,0.27457,SAFE
EVT_85614,37372,97182,4.431,9.873,89.7,305.111,0.76994,MEDIUM
EVT_85615,31521,85678,16.669,11.207,50.3,491.06,0.05846,SAFE
EVT_85616,24686,93492,0.496,7.322,42.5,352.533,0.84585,HIGH
EVT_85617,26813,80009,1.735,13.372,143.0,174.801,0.57284,MEDIUM
EVT_85618,31940,89428,0.99,13.024,72.6,45.771,0.23793,SAFE
EVT_85619,40124,80383,5.69,9.342,12.9,21.359,0.16465,SAFE
EVT_85620,43093,97738,29.846,7.9,162.6,120.527,0.02441,SAFE
EVT_85621,29254,90194,11.962,13.625,84.5,423.207,0.05507,SAFE
EVT_85622,20765,81291,34.191,5.101,44.1,256.588,0.17758,SAFE
EVT_85623,40078,84769,9.592,8.628,173.3,353.822,0.4667,MEDIUM
EVT_85624,45130,90584,9.153,7.714,154.4,111.078,0.77567,MEDIUM
EVT_85625,22314,80111,16.938,5.748,37.2,473.787,0.07214,SAFE
EVT_85626,48810,94199,40.152,14.618,167.7,167.51,0.27129,SAFE
EVT_85627,42811,94703,0.795,6.27,67.6,216.837,0.61123,MEDIUM
EVT_85628,29637,91175,21.236,5.819,19.8,23.346,0.14617,SAFE
EVT_85629,46123,92986,8.053,12.019,84.2,199.66,0.37143,MEDIUM
EVT_85630,32034,97472,1.801,13.846,80.4,432.731,0.92598,HIGH
EVT_85631,38596,90070,7.152,11.396,125.7,261.981,0.74674,MEDIUM
EVT_85632,47775,81637,2.038,6.534,67.3,239.019,0.42409,MEDIUM
EVT_85633,46787,84208,3.479,10.598,167.0,315.806,0.5838,MEDIUM
EVT_85634,43293,88578,10.264,9.851,156.5,470.096,0.19582,SAFE
EVT_85635,34505,95241,6.888,9.335,133.7,482.817,0.49618,MEDIUM
EVT_85636,31900,99546,18.259,6.113,16.1,283.572,0.23431,SAFE
EVT_85637,26846,84059,18.599,11.418,121.7,486.681,0.25511,SAFE
EVT_85638,37197,98274,6.396,11.284,87.3,375.769,0.36319,MEDIUM
EVT_85639,36217,89611,12.761,5.779,149.4,448.398,0.17776,SAFE
EVT_85640,34833,82104,10.786,14.033,151.9,308.013,0.17364,SAFE
EVT_85641,42659,87370,8.679,11.656,73.2,25.433,0.22013,SAFE
EVT_85642,27442,86917,40.028,7.726,153.0,240.39,0.19018,SAFE
EVT_85643,38864,92204,8.366,8.796,2.4,86.658,0.08869,SAFE
EVT_85644,22159,99066,28.982,5.262,95.5,144.402,0.09993,SAFE
EVT_85645,37725,89255,6.325,10.469,61.2,138.701,0.30675,MEDIUM
EVT_85646,21159,95005,2.289,12.28,48.4,485.927,0.60287,MEDIUM
EVT_85647,47116,84447,5.445,6.221,67.2,175.361,0.32967,MEDIUM
EVT_85648,28932,81170,0.84,6.566,24.7,124.351,0.47861,MEDIUM
EVT_85649,27265,86811,44.952,8.506,74.9,80.108,0.19954,SAFE
EVT_85650,31069,99665,27.563,7.581,143.7,448.111,0.05291,SAFE
EVT_85651,20112,83843,9.33,12.846,20.0,459.237,0.58551,MEDIUM
EVT_85652,36501,81231,0.748,12.328,132.2,145.703,0.46294,MEDIUM
EVT_85653,25495,93343,5.548,6.821,165.0,145.757,0.44127,MEDIUM
EVT_85654,29655,97908,9.19,11.126,63.7,45.206,0.04068,SAFE
EVT_85655,44097,84264,3.859,5.856,161.9,368.741,0.66553,MEDIUM
EVT_85656,24678,90951,11.87,6.434,135.6,297.849,0.02129,SAFE
EVT_85657,32242,82796,8.361,14.883,144.5,27.869,0.18907,SAFE
EVT_85658,29847,89910,12.122,7.682,48.5,66.441,0.24251,SAFE
EVT_85659,45601,93813,2.619,5.906,64.7,171.392,0.6883,MEDIUM
EVT_85660,38325,93454,9.133,11.289,95.0,88.92,0.01205,SAFE
EVT_85661,34099,84753,9.315,12.002,41.1,31.359,0.07352,SAFE
EVT_85662,27166,92602,6.763,5.538,119.7,284.81,0.45601,MEDIUM
EVT_85663,40414,89171,7.33,7.225,3.0,490.834,0.47382,MEDIUM
EVT_85664,49726,89168,45.376,14.122,60.6,355.273,0.2042,SAFE
EVT_85665,36994,97072,43.966,8.053,43.4,15.166,0.17457,SAFE
EVT_85666,43310,94507,38.484,8.576,34.5,284.454,0.12705,SAFE
EVT_85667,47992,86037,1.792,9.622,17.4,38.112,0.01906,SAFE
EVT_85668,35607,82470,4.188,14.202,74.6,364.635,0.59039,MEDIUM
EVT_85669,24299,86729,6.75,14.805,159.0,486.315,0.56154,MEDIUM
EVT_85670,38091,91227,2.681,6.069,98.0,21.467,0.20514,SAFE
EVT_85671,32070,81319,18.203,14.921,125.6,257.158,0.11616,SAFE
EVT_85672,23720,97942,5.318,5.605,53.1,262.391,0.33053,MEDIUM
EVT_85673,24871,90484,0.752,11.984,92.3,490.971,0.8851,HIGH
EVT_85674,28285,92135,25.785,6.569,152.0,211.82,0.20657,SAFE
EVT_85675,39236,97220,21.031,9.28,65.0,267.484,0.17991,SAFE
EVT_85676,36120,91389,10.203,6.342,96.4,346.871,0.21264,SAFE
EVT_85677,47921,83413,22.454,10.979,103.2,221.749,0.19635,SAFE
EVT_85678,38491,89107,2.335,9.332,17.8,216.035,0.39693,MEDIUM
EVT_85679,38725,99954,11.354,13.881,71.6,240.837,0.20207,SAFE
EVT_85680,23419,80531,2.597,10.038,33.9,257.45,0.39697,MEDIUM
EVT_85681,24097,99217,10.177,10.729,175.4,36.686,0.16059,SAFE
EVT_85682,43212,97415,8.389,12.595,79.0,192.945,0.63963,MEDIUM
EVT_85683,45790,93137,2.592,6.39,28.9,176.545,0.30478,MEDIUM
EVT_85684,39459,94162,18.443,14.93,141.7,302.267,0.26687,SAFE
EVT_85685,48618,86114,6.775,10.389,144.6,468.19,0.36021,MEDIUM
EVT_85686,27601,85960,40.733,8.254,173.9,439.594,0.01867,SAFE
EVT_85687,27946,95958,47.689,11.547,126.0,213.579,0.07114,SAFE
EVT_85688,46691,90070,5.027,9.436,86.5,309.621,0.55478,MEDIUM
EVT_85689,21640,82429,16.117,14.914,155.9,303.575,0.13157,SAFE
EVT_85690,26408,98313,0.602,12.806,7.6,347.234,0.9663,HIGH
EVT_85691,20140,88191,10.435,12.478,97.9,325.786,0.04323,SAFE
EVT_85692,47724,88723,9.229,8.555,113.5,470.337,0.78921,MEDIUM
EVT_85693,22089,81519,14.744,6.781,114.6,112.245,0.14157,SAFE
EVT_85694,30252,99180,9.408,5.369,22.2,268.403,0.54625,MEDIUM
EVT_85695,43788,97294,3.156,6.252,96.2,450.502,0.32567,MEDIUM
EVT_85696,21788,95132,3.65,5.39,57.1,471.18,0.37872,MEDIUM
EVT_85697,39607,81713,0.398,14.589,5.2,462.928,0.85953,HIGH
EVT_85698,45287,93388,16.181,12.696,19.3,228.097,0.17427,SAFE
EVT_85699,42293,83318,1.848,11.688,80.9,256.532,0.35279,MEDIUM
EVT_85700,39659,88266,14.834,7.098,114.3,240.793,0.11817,SAFE
EVT_85701,23992,99228,40.766,14.389,134.7,443.801,0.28785,SAFE
EVT_85702,47681,81016,0.248,7.284,3.6,246.789,0.59875,MEDIUM
EVT_85703,38519,89158,14.025,6.054,56.8,54.295,0.27294,SAFE
EVT_85704,20071,81954,0.227,10.502,45.1,337.742,0.96312,HIGH
EVT_85705,29532,81926,67.376,13.586,95.7,216.074,0.02557,SAFE
EVT_85706,29276,80969,1.394,8.727,126.9,380.751,0.89002,HIGH
EVT_85707,49638,86541,0.667,6.746,114.5,271.121,0.77951,MEDIUM
EVT_85708,47659,80106,0.859,11.427,79.9,180.614,0.78553,MEDIUM
EVT_85709,35895,87138,24.937,7.279,176.7,461.479,0.27866,SAFE
EVT_85710,39650,85345,41.641,5.777,21.8,133.618,0.18951,SAFE
EVT_85711,39510,97687,10.223,14.588,47.4,229.555,0.19365,SAFE
EVT_85712,28275,92928,3.677,10.154,27.7,492.981,0.42908,MEDIUM
EVT_85713,35955,95504,21.19,11.542,164.6,238.95,0.09884,SAFE
EVT_85714,21179,99754,50.538,9.136,142.8,373.124,0.17117,SAFE
EVT_85715,36791,81869,10.172,12.533,151.4,410.816,0.12388,SAFE
EVT_85716,28152,95641,25.923,10.953,16.4,426.124,0.28062,SAFE
EVT_85717,33245,89182,41.118,13.491,76.8,58.445,0.1489,SAFE
EVT_85718,26674,81463,18.876,10.578,16.1,186.802,0.26992,SAFE
EVT_85719,43679,94073,3.077,8.678,112.8,57.939,0.1867,SAFE
EVT_85720,48919,82126,8.699,10.269,177.2,76.23,0.0572,SAFE
EVT_85721,26765,85392,9.613,14.729,179.9,186.382,0.51146,MEDIUM
EVT_85722,39342,87986,12.255,12.744,31.2,421.526,0.2024,SAFE
EVT_85723,26104,87154,28.158,12.989,64.6,19.129,0.14129,SAFE
EVT_85724,33016,82866,11.24,13.605,21.6,203.8,0.06287,SAFE
EVT_85725,24720,86902,3.689,8.774,93.7,191.954,0.49398,MEDIUM
EVT_85726,21926,91499,23.032,8.878,50.8,314.954,0.26642,SAFE
EVT_85727,29282,97372,2.128,12.082,167.4,288.754,0.63032,MEDIUM
EVT_85728,31672,86353,11.465,6.317,101.5,256.777,0.09222,SAFE
EVT_85729,43246,98049,7.149,12.626,127.2,471.164,0.39743,MEDIUM
EVT_85730,48236,89705,6.501,10.167,45.2,273.618,0.62455,MEDIUM
EVT_85731,40890,86254,2.321,5.409,70.4,67.996,0.17782,SAFE
EVT_85732,40310,83366,8.568,6.659,152.9,48.564,0.16249,SAFE
EVT_85733,27571,91890,15.384,12.715,26.2,84.147,0.143,SAFE
EVT_85734,43668,95752,31.463,5.409,15.4,174.509,0.00232,SAFE
EVT_85735,34127,96200,1.078,5.646,54.3,381.692,0.9422,HIGH
EVT_85736,38673,85803,21.882,12.957,102.9,309.749,0.14852,SAFE
EVT_85737,40821,98207,17.958,5.57,117.4,228.974,0.22214,SAFE
EVT_85738,35129,96128,0.487,6.331,112.2,124.997,0.67185,MEDIUM
EVT_85739,45647,89615,2.102,8.248,58.2,66.9,0.23404,SAFE
EVT_85740,32456,87712,2.246,9.539,133.0,341.642,0.45142,MEDIUM
EVT_85741,28222,90430,40.927,7.251,54.2,191.023,0.23297,SAFE
EVT_85742,24804,83794,18.578,7.463,45.0,441.029,0.02904,SAFE
EVT_85743,22063,89483,37.363,7.38,52.0,126.743,0.22352,SAFE
EVT_85744,22802,80666,2.264,6.515,127.4,284.47,0.55226,MEDIUM
EVT_85745,46461,98901,41.992,13.454,65.3,425.895,0.16705,SAFE
EVT_85746,48231,83401,12.703,9.242,159.3,220.35,0.00361,SAFE
EVT_85747,37213,81355,16.921,13.07,51.4,384.795,0.06766,SAFE
EVT_85748,47080,98174,20.101,13.9,84.7,69.347,0.12621,SAFE
EVT_85749,40491,96246,10.355,9.893,127.4,399.294,0.18386,SAFE
EVT_85750,46050,91772,1.09,13.412,131.6,425.008,0.8812,HIGH
EVT_85751,27114,99291,11.659,9.611,9.5,27.035,0.2372,SAFE
EVT_85752,37496,95095,15.236,7.377,124.1,224.8,0.07624,SAFE
EVT_85753,38453,86739,2.504,6.092,170.6,307.829,0.73691,MEDIUM
EVT_85754,37054,86656,21.853,9.618,154.6,282.434,0.14709,SAFE
EVT_85755,37599,82842,5.088,11.32,86.1,15.8,0.02502,SAFE
EVT_85756,36020,87429,15.952,6.867,156.6,399.755,0.2626,SAFE
EVT_85757,31410,96054,56.819,6.06,27.9,180.283,0.214,SAFE
EVT_85758,21764,94758,17.4,9.92,82.0,286.519,0.11686,SAFE
EVT_85759,42300,82474,4.296,14.946,2.3,496.543,0.58752,MEDIUM
EVT_85760,44017,91926,7.249,5.346,176.7,139.173,0.69312,MEDIUM
EVT_85761,28113,86818,13.489,9.85,84.4,464.382,0.09066,SAFE
EVT_85762,29251,94990,4.633,8.826,37.0,143.955,0.30722,MEDIUM
EVT_85763,45752,95116,28.805,7.112,81.2,316.768,0.23885,SAFE
EVT_85764,33961,85127,24.084,10.018,33.5,150.624,0.16378,SAFE
EVT_85765,20621,85234,11.54,11.277,75.1,388.675,0.21837,SAFE
EVT_85766,44818,90858,31.95,12.447,132.6,285.433,0.00021,SAFE
EVT_85767,25966,88484,5.086,13.101,17.3,296.994,0.47162,MEDIUM
EVT_85768,39982,94528,28.591,11.728,125.9,450.484,0.17809,SAFE
EVT_85769,21773,99690,39.157,12.488,168.2,247.65,0.08937,SAFE
EVT_85770,36500,84140,25.35,8.382,64.6,259.163,0.17693,SAFE
EVT_85771,42652,82819,2.925,6.297,113.0,364.289,0.40414,MEDIUM
EVT_85772,45548,96306,11.447,12.176,176.9,149.015,0.25074,SAFE
EVT_85773,23738,99592,18.847,13.246,51.7,477.264,0.0611,SAFE
EVT_85774,31490,97791,13.98,7.351,140.3,435.295,0.07031,SAFE
EVT_85775,38986,88053,23.851,5.811,72.7,134.452,0.27468,SAFE
EVT_85776,32976,98077,9.427,12.888,71.8,45.746,0.20498,SAFE
EVT_85777,21472,93743,11.142,10.762,56.4,138.393,0.14543,SAFE
EVT_85778,31455,86210,4.027,13.213,167.5,221.74,0.61155,MEDIUM
EVT_85779,44511,91715,12.196,11.095,106.1,169.111,0.28678,SAFE
EVT_85780,46230,86237,8.675,7.627,88.0,220.999,0.51867,MEDIUM
EVT_85781,44203,89541,38.649,12.801,140.0,233.667,0.2106,SAFE
EVT_85782,38791,86830,32.847,14.606,150.2,25.197,0.1099,SAFE
EVT_85783,25227,99200,10.245,9.733,75.0,432.333,0.10156,SAFE
EVT_85784,24437,95555,5.638,9.603,42.5,180.763,0.47262,MEDIUM
EVT_85785,42153,81733,13.76,12.274,38.7,73.634,0.15499,SAFE
EVT_85786,27933,97947,29.232,7.695,9.9,330.822,0.26137,SAFE
EVT_85787,47413,92286,2.995,8.325,81.0,270.645,0.67001,MEDIUM
EVT_85788,30588,85480,8.217,10.138,108.8,173.221,0.68613,MEDIUM
EVT_85789,46081,95152,16.362,6.894,115.9,165.134,0.21901,SAFE
EVT_85790,31211,85334,1.592,9.814,106.0,207.558,0.78263,MEDIUM
EVT_85791,20327,92719,1.85,6.576,70.0,485.092,0.8736,HIGH
EVT_85792,35485,95012,18.681,8.17,93.9,244.773,0.00162,SAFE
EVT_85793,37922,87891,7.164,10.934,61.0,447.992,0.70347,MEDIUM
EVT_85794,42056,91910,5.871,5.391,62.4,454.684,0.42455,MEDIUM
EVT_85795,44888,91191,0.859,10.991,6.0,184.71,0.72415,MEDIUM
EVT_85796,42247,89718,3.733,5.401,35.5,407.501,0.50135,MEDIUM
EVT_85797,36449,84333,0.714,11.877,160.5,369.129,0.86942,HIGH
EVT_85798,36373,96932,5.835,14.189,67.4,219.862,0.69946,MEDIUM
EVT_85799,28059,88097,21.984,13.534,24.1,416.581,0.09932,SAFE
EVT_85800,27808,99244,1.813,6.768,148.8,107.43,0.66647,MEDIUM
EVT_85801,29471,91504,19.502,10.372,132.7,399.857,0.18258,SAFE
EVT_85802,36962,95985,16.892,5.664,57.6,307.459,0.17016,SAFE
EVT_85803,46136,92465,29.08,11.389,100.3,335.367,0.24286,SAFE
EVT_85804,47136,87437,2.52,7.438,33.7,109.579,0.34932,MEDIUM
EVT_85805,39953,82504,13.527,6.604,152.7,170.99,0.20504,SAFE
EVT_85806,46629,99952,1.004,9.424,143.9,336.43,0.94641,HIGH
EVT_85807,39360,87035,18.535,14.917,24.7,368.394,0.25187,SAFE
EVT_85808,42662,93232,1.303,11.308,176.7,208.414,0.62159,MEDIUM
EVT_85809,47710,94463,49.032,6.528,3.1,119.906,0.07199,SAFE
EVT_85810,32029,91790,0.551,14.674,156.0,285.412,0.63554,MEDIUM
EVT_85811,23246,90174,5.018,13.698,58.2,227.352,0.53796,MEDIUM
EVT_85812,46592,93713,2.25,14.978,72.7,26.212,0.2204,SAFE
EVT_85813,43226,96766,7.251,6.724,136.3,417.174,0.757,MEDIUM
EVT_85814,45327,98413,52.655,6.165,113.2,242.472,0.12819,SAFE
EVT_85815,26090,90059,84.075,13.655,169.9,195.796,0.12579,SAFE
EVT_85816,45772,83662,1.7,7.799,2.2,180.987,0.46985,MEDIUM
EVT_85817,48084,89359,17.642,11.114,158.8,195.193,0.10815,SAFE
EVT_85818,22079,84116,17.552,7.914,39.9,435.959,0.00538,SAFE
EVT_85819,30052,86592,0.333,5.703,45.0,412.907,0.82735,HIGH
EVT_85820,44333,85066,16.042,12.789,88.7,333.484,0.21098,SAFE
EVT_85821,31419,85211,3.149,8.269,172.7,108.763,0.57074,MEDIUM
EVT_85822,20258,97900,0.98,7.957,58.9,409.952,0.86523,HIGH
EVT_85823,47965,83045,1.54,11.026,96.6,180.062,0.32011,MEDIUM
EVT_85824,29222,90112,19.495,9.791,127.4,234.714,0.09997,SAFE
EVT_85825,42388,81004,32.982,11.085,110.9,310.237,0.17082,SAFE
EVT_85826,43347,95613,12.22,9.688,132.1,145.321,0.27119,SAFE
EVT_85827,35917,82474,18.46,13.976,73.6,191.654,0.09482,SAFE
EVT_85828,36460,97206,27.411,11.72,3.1,54.621,0.06515,SAFE
EVT_85829,40840,84775,9.211,7.813,15.1,106.269,0.58387,MEDIUM
EVT_85830,39059,80583,18.19,9.063,90.0,355.004,0.08143,SAFE
EVT_85831,45814,95028,29.073,9.093,54.4,182.582,0.06146,SAFE
EVT_85832,28734,82405,16.269,8.682,11.2,290.822,0.15722,SAFE
EVT_85833,21220,84210,24.454,10.902,157.2,247.778,0.09231,SAFE
EVT_85834,24467,81738,5.981,12.783,142.2,260.815,0.55448,MEDIUM
EVT_85835,29139,82039,13.797,9.369,102.9,348.227,0.18805,SAFE
EVT_85836,24714,95631,38.94,14.787,46.4,366.001,0.10033,SAFE
EVT_85837,27204,91285,44.206,5.114,55.0,282.731,0.13394,SAFE
EVT_85838,41041,94527,83.525,9.164,3.4,403.647,0.19646,SAFE
EVT_85839,42035,85079,5.407,9.461,72.2,125.783,0.72472,MEDIUM
EVT_85840,35738,93962,7.72,5.008,59.4,158.111,0.38667,MEDIUM
EVT_85841,21104,92934,4.267,5.639,16.7,167.09,0.72266,MEDIUM
EVT_85842,36731,93235,3.704,6.7,119.8,250.46,0.63693,MEDIUM
EVT_85843,35202,86400,5.214,6.208,52.6,222.051,0.49979,MEDIUM
EVT_85844,41304,86967,3.316,11.236,175.9,101.207,0.51692,MEDIUM
EVT_85845,24214,93895,1.035,7.029,15.9,409.895,0.88623,HIGH
EVT_85846,44171,92274,20.635,13.747,3.2,385.855,0.01356,SAFE
EVT_85847,39399,90686,1.428,8.578,124.2,268.237,0.62271,MEDIUM
EVT_85848,20018,97668,29.925,10.477,168.2,43.625,0.2237,SAFE
EVT_85849,39816,91897,17.239,6.322,166.2,283.261,0.04807,SAFE
EVT_85850,24698,94699,31.296,10.381,142.4,403.213,0.16294,SAFE
EVT_85851,41990,99005,0.335,11.688,44.5,474.978,0.86181,HIGH
EVT_85852,43174,93933,0.204,10.086,169.0,199.488,0.40218,MEDIUM
EVT_85853,21330,81344,14.667,12.978,100.4,119.063,0.22798,SAFE
EVT_85854,23004,88970,15.121,11.422,55.1,188.037,0.03722,SAFE
EVT_85855,45933,84471,6.607,7.401,167.3,262.344,0.38646,MEDIUM
EVT_85856,27633,82240,51.129,6.371,71.0,369.705,0.18549,SAFE
EVT_85857,24319,84791,28.761,9.906,36.5,312.354,0.18288,SAFE
EVT_85858,47717,87877,39.02,11.536,37.4,307.402,0.11325,SAFE
EVT_85859,27111,96298,3.168,6.733,153.9,385.844,0.53854,MEDIUM
EVT_85860,23041,95571,3.784,7.436,65.8,123.642,0.3209,MEDIUM
EVT_85861,26647,88897,0.179,10.424,51.6,412.765,0.96797,HIGH
EVT_85862,36499,84818,2.181,10.842,150.5,400.919,0.63488,MEDIUM
EVT_85863,23485,88750,9.849,11.007,2.4,236.533,0.56956,MEDIUM
EVT_85864,39179,85879,23.687,8.12,72.1,114.815,0.17456,SAFE
EVT_85865,21942,90499,28.341,9.405,72.9,43.401,0.19969,SAFE
EVT_85866,45356,97961,8.544,9.445,67.9,70.136,0.20082,SAFE
EVT_85867,32928,88977,2.703,6.127,135.4,18.837,0.22624,SAFE
EVT_85868,43566,92944,12.598,8.013,96.7,127.995,0.0817,SAFE
EVT_85869,48565,83792,16.539,9.212,15.2,34.548,0.12723,SAFE
EVT_85870,39062,87696,4.996,14.607,54.8,148.326,0.63324,MEDIUM
EVT_85871,29637,92307,1.709,12.75,8.4,350.003,0.90326,HIGH
EVT_85872,32421,91854,31.372,7.469,36.6,454.051,0.12997,SAFE
EVT_85873,23937,99759,2.552,12.835,32.3,152.464,0.58159,MEDIUM
EVT_85874,38823,83624,0.576,11.265,87.3,444.647,0.83164,HIGH
EVT_85875,34399,99939,5.028,6.498,178.2,29.738,0.01145,SAFE
EVT_85876,48229,85970,3.262,14.864,35.9,263.564,0.73517,MEDIUM
EVT_85877,29381,91764,0.859,9.606,141.9,156.572,0.48703,MEDIUM
EVT_85878,24604,83679,11.474,10.533,155.9,187.798,0.23025,SAFE
EVT_85879,44138,92247,8.388,13.981,76.9,446.281,0.46497,MEDIUM
EVT_85880,36922,97951,5.06,11.069,164.3,10.515,0.06285,SAFE
EVT_85881,43319,97891,4.59,9.117,104.2,484.874,0.39431,MEDIUM
EVT_85882,26521,93646,15.813,12.797,165.9,488.539,0.21404,SAFE
EVT_85883,21427,94049,4.77,12.745,164.9,484.605,0.71175,MEDIUM
EVT_85884,25519,81758,0.42,8.738,131.5,453.759,0.85942,HIGH
EVT_85885,34715,91304,19.716,13.948,24.7,203.535,0.02427,SAFE
EVT_85886,45403,96306,16.56,14.228,126.6,340.697,0.07064,SAFE
EVT_85887,35519,85528,13.174,13.547,58.7,92.978,0.12634,SAFE
EVT_85888,28711,99423,16.888,9.438,85.6,421.08,0.12561,SAFE
EVT_85889,23901,93997,16.741,8.596,171.6,229.002,0.26813,SAFE
EVT_85890,49308,82777,7.864,7.049,41.1,207.211,0.61813,MEDIUM
EVT_85891,31165,86719,13.842,10.761,15.9,381.859,0.05978,SAFE
EVT_85892,43198,96456,42.777,13.828,155.8,68.832,0.01723,SAFE
EVT_85893,34688,99329,4.215,14.544,54.7,60.203,0.03524,SAFE
EVT_85894,21511,83667,1.352,9.034,45.0,127.773,0.7197,MEDIUM
EVT_85895,46021,89707,7.563,10.123,177.9,46.34,0.10805,SAFE
EVT_85896,37071,84709,11.563,5.507,160.2,402.899,0.20319,SAFE
EVT_85897,37518,97128,4.509,13.524,8.5,276.946,0.56775,MEDIUM
EVT_85898,46545,80340,0.192,6.581,110.9,297.561,0.48481,MEDIUM
EVT_85899,27083,95578,2.284,12.602,100.6,496.858,0.65357,MEDIUM
EVT_85900,49585,89015,28.912,8.674,171.8,133.416,0.23785,SAFE
EVT_85901,47554,94545,20.996,10.903,21.9,81.147,0.23156,SAFE
EVT_85902,41262,84436,4.797,13.162,81.7,48.524,0.04112,SAFE
EVT_85903,32887,87139,3.75,8.236,61.7,148.135,0.77541,MEDIUM
EVT_85904,31572,82362,12.937,6.507,75.2,262.119,0.24342,SAFE
EVT_85905,36492,81769,16.456,8.841,20.5,390.119,0.14899,SAFE
EVT_85906,36686,94476,14.041,11.093,149.3,269.037,0.07955,SAFE
EVT_85907,22357,96418,2.974,7.366,109.8,23.316,0.10889,SAFE
EVT_85908,45635,86405,32.255,11.677,46.0,119.059,0.05495,SAFE
EVT_85909,48404,80052,8.766,6.323,179.9,104.708,0.572,MEDIUM
EVT_85910,42880,82531,0.548,14.6,50.7,83.575,0.21868,SAFE
EVT_85911,44762,84393,50.516,14.221,153.0,213.181,0.16911,SAFE
EVT_85912,27534,97492,0.085,14.004,65.5,303.66,0.95743,HIGH
EVT_85913,43113,80580,11.246,6.127,54.8,271.567,0.22661,SAFE
EVT_85914,45155,91562,1.003,12.794,127.1,466.808,0.90879,HIGH
EVT_85915,27762,89458,20.88,14.02,152.3,351.731,0.20704,SAFE
EVT_85916,23400,91899,4.817,13.422,18.6,483.032,0.50409,MEDIUM
EVT_85917,47622,81780,7.312,8.566,135.2,111.071,0.47098,MEDIUM
EVT_85918,45016,97754,29.015,8.836,86.6,139.347,0.28171,SAFE
EVT_85919,34826,92492,31.775,7.235,85.5,115.761,0.1058,SAFE
EVT_85920,39333,88545,2.697,12.897,91.8,53.107,0.18366,SAFE
EVT_85921,35292,98709,9.093,11.951,55.2,338.575,0.35243,MEDIUM
EVT_85922,30130,85959,10.696,13.46,178.5,429.492,0.18364,SAFE
EVT_85923,32042,94106,97.327,13.187,17.7,10.475,0.08222,SAFE
EVT_85924,46421,91038,4.393,11.592,10.1,122.345,0.39702,MEDIUM
EVT_85925,47609,89359,14.596,13.373,50.9,206.918,0.10104,SAFE
EVT_85926,49322,99247,2.577,6.549,157.5,327.014,0.55233,MEDIUM
EVT_85927,32591,89643,5.705,12.429,28.7,85.289,0.12162,SAFE
EVT_85928,33298,84191,0.337,12.114,142.5,443.924,0.82276,HIGH
EVT_85929,29479,91066,18.478,14.436,130.3,217.544,0.19382,SAFE
EVT_85930,25853,99395,4.883,14.622,98.3,76.358,0.01588,SAFE
EVT_85931,41260,81604,3.117,8.118,59.9,461.428,0.48837,MEDIUM
EVT_85932,24479,98905,10.411,11.139,8.8,318.586,0.06714,SAFE
EVT_85933,31092,95668,48.046,6.51,48.1,396.827,0.28621,SAFE
EVT_85934,40242,82308,0.031,11.611,138.8,339.225,0.96405,HIGH
EVT_85935,32179,90299,27.519,11.808,82.9,491.938,0.15875,SAFE
EVT_85936,30312,98947,9.015,5.516,40.7,311.053,0.45221,MEDIUM
EVT_85937,38096,80864,8.878,11.065,79.2,24.283,0.27705,SAFE
EVT_85938,21429,85538,0.53,9.673,70.3,421.196,0.84754,HIGH
EVT_85939,41741,97056,0.159,14.888,45.7,207.709,0.31547,MEDIUM
EVT_85940,34562,98553,13.674,11.288,64.2,206.755,0.1117,SAFE
EVT_85941,49633,97604,16.083,13.111,123.8,13.43,0.05093,SAFE
EVT_85942,34685,95770,19.25,8.139,8.3,122.84,0.16199,SAFE
EVT_85943,34732,95568,6.647,13.01,34.0,65.649,0.18773,SAFE
EVT_85944,22480,93671,46.949,8.576,90.1,381.526,0.12956,SAFE
EVT_85945,45479,92108,22.836,14.875,139.5,204.271,0.15458,SAFE
EVT_85946,24916,88503,12.035,14.645,139.9,20.629,0.28939,SAFE
EVT_85947,27567,86895,14.371,8.251,156.4,288.449,0.14922,SAFE
EVT_85948,21155,96137,12.14,6.823,27.2,482.454,0.26101,SAFE
EVT_85949,32603,89904,24.27,5.834,23.6,356.723,0.2282,SAFE
EVT_85950,26316,86507,14.832,9.787,121.2,66.948,0.01319,SAFE
EVT_85951,43043,93883,16.882,13.732,114.5,452.331,0.10495,SAFE
EVT_85952,27741,91456,2.032,12.561,156.0,366.684,0.78194,MEDIUM
EVT_85953,40443,98642,22.727,5.551,7.1,181.282,0.04279,SAFE
EVT_85954,48077,87220,8.269,14.081,88.1,49.779,0.04604,SAFE
EVT_85955,35879,85228,4.53,7.102,25.7,291.195,0.51959,MEDIUM
EVT_85956,35195,91777,16.368,6.463,57.4,153.858,0.08348,SAFE
EVT_85957,28120,82113,14.462,10.148,33.0,268.017,0.21227,SAFE
EVT_85958,46308,90868,4.656,11.95,143.9,391.55,0.53277,MEDIUM
EVT_85959,26941,80575,5.102,10.068,49.5,413.284,0.45057,MEDIUM
EVT_85960,28816,95962,7.972,7.617,165.7,119.805,0.57372,MEDIUM
EVT_85961,20162,84835,28.528,6.316,30.9,431.055,0.02233,SAFE
EVT_85962,35357,97086,12.073,9.956,124.8,398.459,0.05359,SAFE
EVT_85963,30563,92108,7.832,10.725,175.9,10.607,0.10358,SAFE
EVT_85964,25542,89575,1.477,14.966,96.5,31.507,0.17228,SAFE
EVT_85965,46718,95001,6.625,11.071,72.4,18.721,0.24455,SAFE
EVT_85966,38702,87959,14.157,14.771,67.1,154.145,0.00424,SAFE
EVT_85967,23048,87840,13.312,11.365,171.7,320.815,0.05053,SAFE
EVT_85968,27330,87391,14.364,13.609,61.4,71.702,0.1329,SAFE
EVT_85969,28393,91098,1.677,9.576,128.9,433.623,0.80308,HIGH
EVT_85970,25923,86990,3.235,13.435,89.6,14.705,0.21609,SAFE
EVT_85971,31860,84446,2.406,13.586,8.5,247.93,0.30338,MEDIUM
EVT_85972,22186,89574,4.006,7.746,78.8,387.273,0.53562,MEDIUM
EVT_85973,38906,80268,3.711,11.286,42.0,117.144,0.56683,MEDIUM
EVT_85974,29469,92074,38.126,13.53,74.2,372.35,0.10331,SAFE
EVT_85975,41230,90594,1.137,12.233,66.3,312.802,0.82261,HIGH
EVT_85976,36487,96456,20.08,8.426,102.0,167.796,0.05302,SAFE
EVT_85977,23412,87049,31.063,6.506,99.5,235.448,0.16743,SAFE
EVT_85978,22711,90002,23.656,14.56,57.8,55.612,0.05989,SAFE
EVT_85979,37028,90479,46.292,9.159,114.8,92.604,0.0716,SAFE
EVT_85980,20929,82873,37.153,13.472,160.3,151.513,0.06079,SAFE
EVT_85981,48295,91404,3.196,12.238,86.8,377.136,0.73901,MEDIUM
EVT_85982,49588,86317,8.672,7.237,38.3,462.081,0.32843,MEDIUM
EVT_85983,38879,81636,3.876,8.171,170.4,10.562,0.25365,SAFE
EVT_85984,44001,93716,2.231,9.309,94.8,126.059,0.51593,MEDIUM
EVT_85985,29354,97399,64.536,9.883,81.8,96.063,0.19852,SAFE
EVT_85986,37345,82464,24.399,14.427,24.1,108.404,0.11957,SAFE
EVT_85987,35784,96705,51.26,9.147,165.8,435.804,0.04451,SAFE
EVT_85988,34762,94298,0.619,6.666,155.2,204.277,0.62001,MEDIUM
EVT_85989,35908,81901,30.216,14.911,94.8,27.459,0.19025,SAFE
EVT_85990,26015,86888,7.51,10.664,117.7,399.58,0.41376,MEDIUM
EVT_85991,25861,85622,41.667,7.684,161.3,379.033,0.22984,SAFE
EVT_85992,42900,99841,0.869,10.421,164.4,60.513,0.18865,SAFE
EVT_85993,24623,94726,31.553,10.189,6.5,332.461,0.00952,SAFE
EVT_85994,40183,96698,1.538,10.529,81.0,493.994,0.9525,HIGH
EVT_85995,26104,97027,8.727,14.468,114.5,254.002,0.4357,MEDIUM
EVT_85996,29624,83341,35.528,5.861,162.3,106.417,0.05646,SAFE
EVT_85997,24095,98582,0.159,7.614,118.5,162.286,0.74911,MEDIUM
EVT_85998,23715,88269,11.489,6.021,148.1,128.49,0.07408,SAFE
EVT_85999,28259,85507,50.767,7.802,1.0,222.042,0.00146,SAFE
EVT_86000,30479,98528,10.101,5.079,174.2,268.846,0.21962,SAFE
EVT_86001,31752,97553,0.866,10.635,134.1,68.674,0.14441,SAFE
EVT_86002,34116,93573,2.442,8.518,112.1,73.771,0.01878,SAFE
EVT_86003,33917,89088,24.019,6.688,3.8,475.192,0.03942,SAFE
EVT_86004,39625,85546,16.078,5.719,145.4,421.699,0.26719,SAFE
EVT_86005,33209,95381,15.562,10.523,64.3,49.929,0.03568,SAFE
EVT_86006,30036,89313,13.315,6.246,63.7,323.726,0.20505,SAFE
EVT_86007,42732,82581,29.181,12.033,37.3,113.539,0.01275,SAFE
EVT_86008,33478,98417,6.359,14.875,148.0,450.2,0.7614,MEDIUM
EVT_86009,37179,88449,8.662,7.887,50.9,48.479,0.26713,SAFE
EVT_86010,20718,86944,15.646,9.083,65.7,337.22,0.12792,SAFE
EVT_86011,44462,82698,39.301,12.764,44.2,47.064,0.07026,SAFE
EVT_86012,42624,87489,15.585,8.799,143.9,421.17,0.12466,SAFE
EVT_86013,23122,81525,7.185,5.028,39.9,498.58,0.36786,MEDIUM
EVT_86014,24882,98396,6.605,5.764,126.4,411.315,0.6019,MEDIUM
EVT_86015,43774,83766,13.374,11.887,152.1,424.27,0.19177,SAFE
EVT_86016,44164,92949,15.495,10.58,112.0,127.376,0.15424,SAFE
EVT_86017,34499,83308,19.218,11.622,127.8,387.506,0.18648,SAFE
EVT_86018,40348,92191,6.44,11.918,135.4,74.191,0.16998,SAFE
EVT_86019,21746,96875,5.758,12.857,101.0,93.876,0.24464,SAFE
EVT_86020,25674,96536,2.567,5.887,150.2,222.725,0.51521,MEDIUM
EVT_86021,42094,91781,24.25,11.122,32.9,126.677,0.00124,SAFE
EVT_86022,46388,94277,0.45,7.11,93.0,287.242,0.41674,MEDIUM
EVT_86023,43272,81149,10.069,5.154,179.6,44.317,0.15269,SAFE
EVT_86024,48734,87345,5.725,5.367,98.0,77.551,0.27516,SAFE
EVT_86025,46065,96533,2.639,5.168,20.3,340.396,0.62808,MEDIUM
EVT_86026,25557,90079,47.307,12.418,45.2,418.035,0.0192,SAFE
EVT_86027,25811,88923,23.027,9.806,166.9,428.341,0.20313,SAFE
EVT_86028,39392,93392,18.389,10.488,131.3,263.874,0.22385,SAFE
EVT_86029,28483,82019,22.447,11.517,136.2,406.533,0.02068,SAFE
EVT_86030,41175,91067,17.49,8.545,177.4,232.442,0.15851,SAFE
EVT_86031,41199,81700,12.63,7.227,122.3,345.032,0.17577,SAFE
EVT_86032,32407,98027,13.059,5.845,72.9,288.092,0.08687,SAFE
EVT_86033,26221,96923,13.512,8.838,109.3,185.139,0.26494,SAFE
EVT_86034,35162,95363,16.429,11.046,2.3,477.182,0.00455,SAFE
EVT_86035,32851,81317,4.202,8.735,125.2,442.183,0.74574,MEDIUM
EVT_86036,21876,82541,0.825,8.173,44.5,463.484,0.82307,HIGH
EVT_86037,35351,81343,0.144,10.447,137.0,408.01,0.95662,HIGH
EVT_86038,25652,90754,14.845,9.432,18.7,314.911,0.18202,SAFE
EVT_86039,49319,84395,7.111,8.212,93.0,171.28,0.68598,MEDIUM
EVT_86040,43153,89867,3.026,5.398,60.9,199.711,0.41246,MEDIUM
EVT_86041,30864,87776,7.195,9.438,124.6,76.842,0.09838,SAFE
EVT_86042,26272,94609,7.507,13.527,29.5,340.219,0.37176,MEDIUM
EVT_86043,21948,91756,25.597,11.454,83.5,13.783,0.17357,SAFE
EVT_86044,29802,86173,12.335,9.818,156.0,50.894,0.09132,SAFE
EVT_86045,45441,84805,2.592,14.621,152.1,485.465,0.55757,MEDIUM
EVT_86046,26385,84170,4.608,13.781,33.3,266.833,0.37132,MEDIUM
EVT_86047,41615,80922,9.793,12.825,34.0,253.908,0.72416,MEDIUM
EVT_86048,39969,97416,63.901,14.468,83.5,334.719,0.11599,SAFE
EVT_86049,25784,87406,12.462,13.389,79.1,280.23,0.05335,SAFE
EVT_86050,41565,90603,0.025,14.763,86.8,418.396,0.86944,HIGH
EVT_86051,41374,83360,31.066,10.074,33.3,160.925,0.001,SAFE
EVT_86052,39561,81666,66.021,5.988,132.7,487.78,0.07467,SAFE
EVT_86053,34063,93997,41.567,14.367,29.8,486.832,0.06556,SAFE
EVT_86054,28006,87615,5.476,11.538,70.9,211.635,0.32519,MEDIUM
EVT_86055,45551,91858,32.719,7.839,2.8,51.798,0.24214,SAFE
EVT_86056,23377,81003,39.012,6.5,121.8,197.194,0.03435,SAFE
EVT_86057,22360,85984,28.283,12.31,170.7,262.246,0.19139,SAFE
EVT_86058,28017,91170,0.339,10.672,116.4,201.163,0.51178,MEDIUM
EVT_86059,33731,89936,7.527,9.377,4.9,112.343,0.56276,MEDIUM
EVT_86060,49884,94098,2.878,9.796,177.5,118.761,0.41891,MEDIUM
EVT_86061,23537,83313,12.615,9.834,58.5,437.052,0.24023,SAFE
EVT_86062,45772,87418,4.057,10.771,16.7,93.14,0.24882,SAFE
EVT_86063,46967,98786,1.123,13.809,112.2,228.041,0.53,MEDIUM
EVT_86064,36931,99168,6.795,10.579,91.5,329.589,0.44611,MEDIUM
EVT_86065,47020,82276,3.192,14.864,152.7,247.16,0.57226,MEDIUM
EVT_86066,25640,87945,4.938,6.384,154.4,287.376,0.51023,MEDIUM
EVT_86067,33455,95090,3.751,6.019,81.6,453.683,0.71951,MEDIUM
EVT_86068,44710,98897,32.31,13.566,19.3,21.133,0.04848,SAFE
EVT_86069,49144,86089,2.514,8.161,77.2,71.1,0.13279,SAFE
EVT_86070,23777,83386,23.445,11.906,136.0,47.112,0.03591,SAFE
EVT_86071,46753,96987,3.891,14.914,125.7,464.397,0.70075,MEDIUM
EVT_86072,41372,82226,25.495,8.67,173.9,443.025,0.08819,SAFE
EVT_86073,31509,81655,5.135,14.201,121.5,350.59,0.76104,MEDIUM
EVT_86074,21083,84821,3.694,11.496,60.2,25.133,0.1465,SAFE
EVT_86075,40361,95386,0.21,6.056,136.0,430.415,0.82758,HIGH
EVT_86076,34026,92074,1.735,6.126,147.8,321.662,0.81516,HIGH
EVT_86077,32760,82824,5.195,11.814,33.9,258.934,0.35786,MEDIUM
EVT_86078,43151,89022,3.691,12.384,103.8,158.269,0.57616,MEDIUM
EVT_86079,20079,98161,8.601,7.039,139.1,366.735,0.47177,MEDIUM
EVT_86080,33735,86037,13.036,13.141,77.5,10.1,0.09147,SAFE
EVT_86081,44529,81927,1.95,7.842,72.9,425.171,0.91618,HIGH
EVT_86082,32548,83381,4.991,14.955,152.3,124.553,0.74572,MEDIUM
EVT_86083,37720,89752,33.236,11.047,82.6,23.024,0.20169,SAFE
EVT_86084,29852,93722,21.17,14.501,151.7,267.473,0.21878,SAFE
EVT_86085,21793,81318,22.261,5.797,97.3,252.67,0.14987,SAFE
EVT_86086,40358,99572,3.729,12.651,75.6,10.219,0.10758,SAFE
EVT_86087,45519,88326,11.457,7.97,80.8,33.782,0.10031,SAFE
EVT_86088,34683,90554,5.224,10.615,74.5,75.04,0.23692,SAFE
EVT_86089,49919,89317,2.258,12.813,132.1,388.767,0.37375,MEDIUM
EVT_86090,32922,88857,24.812,9.997,60.3,397.026,0.14374,SAFE
EVT_86091,41879,96229,10.405,5.301,82.2,114.261,0.21013,SAFE
EVT_86092,38996,83317,2.046,5.888,139.5,329.323,0.611,MEDIUM
EVT_86093,21631,99540,19.353,11.95,12.3,388.917,0.28123,SAFE
EVT_86094,27082,82500,1.15,10.283,2.3,435.453,0.88466,HIGH
EVT_86095,38873,93028,16.944,11.489,128.3,213.891,0.28076,SAFE
EVT_86096,34562,81499,13.609,10.228,60.1,381.877,0.06733,SAFE
EVT_86097,36999,92873,11.744,5.006,40.2,223.618,0.1557,SAFE
EVT_86098,40075,96492,40.371,14.36,51.7,235.71,0.08292,SAFE
EVT_86099,37270,98149,13.195,8.654,92.0,311.882,0.16323,SAFE
EVT_86100,40463,84955,9.563,14.183,11.1,107.219,0.61252,MEDIUM
EVT_86101,41831,95037,8.518,6.998,162.7,296.925,0.32668,MEDIUM
EVT_86102,30946,92805,9.823,12.639,136.1,29.173,0.2637,SAFE
EVT_86103,24690,93906,1.197,8.582,24.1,214.495,0.77528,MEDIUM
EVT_86104,47319,80391,21.273,8.267,146.0,369.686,0.25785,SAFE
EVT_86105,41519,91956,13.183,7.509,60.9,199.014,0.17416,SAFE
EVT_86106,43030,96099,13.824,11.33,71.1,185.828,0.1019,SAFE
EVT_86107,27786,84384,27.302,6.322,119.3,166.923,0.10443,SAFE
EVT_86108,33233,91152,13.214,10.31,10.3,113.125,0.25025,SAFE
EVT_86109,41792,96860,21.077,11.174,10.2,433.591,0.25651,SAFE
EVT_86110,43121,97522,15.587,11.073,22.0,184.177,0.15662,SAFE
EVT_86111,45720,87235,16.627,7.865,58.5,451.158,0.139,SAFE
EVT_86112,35427,92028,9.904,9.962,47.1,212.09,0.4858,MEDIUM
EVT_86113,23157,95083,9.373,6.384,79.1,315.496,0.77945,MEDIUM
EVT_86114,38997,95537,15.307,12.666,169.8,459.29,0.17719,SAFE
EVT_86115,31114,92195,3.307,9.971,71.4,354.904,0.74493,MEDIUM
EVT_86116,26019,92971,8.11,5.129,176.3,59.185,0.06129,SAFE
EVT_86117,41088,88442,33.871,12.375,44.2,127.613,0.16607,SAFE
EVT_86118,42439,91673,18.355,5.022,48.5,451.563,0.03031,SAFE
EVT_86119,49289,95471,27.099,12.222,70.1,224.686,0.20412,SAFE
EVT_86120,41836,94353,20.411,13.224,49.2,305.078,0.10367,SAFE
EVT_86121,41996,81289,9.932,8.22,4.8,374.698,0.64641,MEDIUM
EVT_86122,46867,85719,0.557,6.166,107.9,360.875,0.97064,HIGH
EVT_86123,22532,87222,0.752,6.138,121.7,493.978,0.90032,HIGH
EVT_86124,42039,82229,3.847,7.175,110.5,173.651,0.60083,MEDIUM
EVT_86125,46686,90920,49.331,12.627,109.0,16.654,0.24819,SAFE
EVT_86126,24831,91143,24.651,5.313,26.9,449.066,0.08519,SAFE
EVT_86127,42364,83274,27.036,13.952,86.8,63.746,0.08274,SAFE
EVT_86128,28039,93664,13.637,13.424,42.0,219.826,0.1778,SAFE
EVT_86129,26191,81341,13.463,8.706,15.2,121.154,0.196,SAFE
EVT_86130,47320,91807,1.325,14.577,154.9,204.018,0.72534,MEDIUM
EVT_86131,38178,84757,30.321,5.994,22.0,20.607,0.00699,SAFE
EVT_86132,29418,93379,17.437,7.203,96.7,469.32,0.23357,SAFE
EVT_86133,38292,96673,27.362,13.18,149.7,294.542,0.02538,SAFE
EVT_86134,20692,80017,17.502,9.62,130.9,141.017,0.07048,SAFE
EVT_86135,25743,99052,13.207,5.661,44.7,498.337,0.22981,SAFE
EVT_86136,39828,82998,7.628,6.374,47.4,230.684,0.38419,MEDIUM
EVT_86137,25356,83191,8.192,14.369,71.3,495.961,0.36086,MEDIUM
EVT_86138,36217,89555,16.602,14.086,114.2,195.299,0.10833,SAFE
EVT_86139,32375,89145,22.082,8.313,155.9,312.499,0.17497,SAFE
EVT_86140,34980,89419,39.381,11.193,69.2,389.943,0.1336,SAFE
EVT_86141,48323,82463,0.911,12.751,68.7,218.075,0.73395,MEDIUM
EVT_86142,40757,84914,1.791,5.863,178.0,448.463,0.9046,HIGH
EVT_86143,35477,87744,2.682,11.934,74.8,333.531,0.45826,MEDIUM
EVT_86144,40430,93363,0.219,13.663,29.7,444.509,0.89475,HIGH
EVT_86145,48644,80639,0.575,9.843,170.1,163.718,0.76735,MEDIUM
EVT_86146,31206,83831,10.644,11.487,165.9,87.097,0.12037,SAFE
EVT_86147,23545,96041,1.711,10.143,50.3,74.355,0.03356,SAFE
EVT_86148,27592,90057,2.868,10.083,69.6,69.349,0.09123,SAFE
EVT_86149,46009,86230,0.956,7.636,73.5,426.739,0.89993,HIGH
EVT_86150,34891,84106,0.565,5.648,74.0,218.831,0.37131,MEDIUM
EVT_86151,34007,81270,121.128,9.128,176.4,124.529,0.11632,SAFE
EVT_86152,45390,94343,10.578,7.854,10.1,251.467,0.07716,SAFE
EVT_86153,33972,96536,15.885,12.768,122.8,104.57,0.28629,SAFE
EVT_86154,37977,99949,52.837,6.414,178.0,43.956,0.23099,SAFE
EVT_86155,20049,89371,4.222,9.69,40.7,180.021,0.66455,MEDIUM
EVT_86156,46566,92003,7.715,6.061,38.4,203.676,0.76412,MEDIUM
EVT_86157,43753,91160,5.115,8.828,19.3,421.682,0.66251,MEDIUM
EVT_86158,23116,96524,7.325,13.471,79.9,298.957,0.40035,MEDIUM
EVT_86159,39233,93903,1.571,6.984,15.4,123.533,0.6461,MEDIUM
EVT_86160,24389,80927,8.134,13.582,155.1,169.324,0.78366,MEDIUM
EVT_86161,47917,84080,9.829,9.515,166.1,289.389,0.7344,MEDIUM
EVT_86162,27405,81176,12.026,10.225,35.2,436.136,0.25612,SAFE
EVT_86163,26663,85658,4.939,8.189,146.4,116.865,0.57225,MEDIUM
EVT_86164,28964,89803,1.171,9.975,39.9,332.438,0.89513,HIGH
EVT_86165,39243,95969,34.911,13.434,4.5,259.916,0.1817,SAFE
EVT_86166,23212,93448,26.592,6.304,62.4,177.238,0.19232,SAFE
EVT_86167,21473,89365,32.742,12.017,165.5,75.795,0.09929,SAFE
EVT_86168,20408,92346,1.061,9.864,50.3,460.456,0.95781,HIGH
EVT_86169,35235,98834,43.308,12.873,89.4,265.184,0.01059,SAFE
EVT_86170,33219,99330,35.253,12.817,163.2,498.08,0.23538,SAFE
EVT_86171,48209,89614,21.082,7.918,68.4,486.647,0.28336,SAFE
EVT_86172,24483,95022,21.593,13.588,5.2,63.888,0.25804,SAFE
EVT_86173,38843,84153,18.413,6.153,124.5,102.575,0.0341,SAFE
EVT_86174,20087,91096,33.986,6.847,147.5,141.004,0.28795,SAFE
EVT_86175,42449,80242,12.353,14.395,97.6,179.467,0.01978,SAFE
EVT_86176,47213,94539,11.486,7.918,73.5,193.437,0.09822,SAFE
EVT_86177,25364,85245,27.441,7.754,163.4,421.1,0.159,SAFE
EVT_86178,44244,83050,15.257,5.951,107.9,253.78,0.21832,SAFE
EVT_86179,36891,97952,4.089,14.428,78.3,63.774,0.15153,SAFE
EVT_86180,29284,96565,36.629,14.7,112.4,445.389,0.08259,SAFE
EVT_86181,38085,98580,6.713,13.81,149.9,82.434,0.10353,SAFE
EVT_86182,42517,87910,6.048,11.197,17.3,299.658,0.46589,MEDIUM
EVT_86183,43177,90463,1.388,12.344,163.2,346.625,0.93553,HIGH
EVT_86184,34175,81460,58.113,9.626,140.4,70.014,0.21967,SAFE
EVT_86185,41273,98508,10.442,10.733,132.7,134.825,0.16869,SAFE
EVT_86186,39745,93684,9.968,9.473,173.2,317.894,0.56706,MEDIUM
EVT_86187,39480,83020,3.222,12.88,127.8,319.12,0.30494,MEDIUM
EVT_86188,45838,84433,11.101,13.147,77.5,385.431,0.00251,SAFE
EVT_86189,34080,85811,1.229,6.364,175.0,467.882,0.84435,HIGH
EVT_86190,23832,98120,10.886,8.686,29.9,446.624,0.07725,SAFE
EVT_86191,35157,87709,8.925,6.898,151.5,469.908,0.4386,MEDIUM
EVT_86192,39330,97254,2.276,10.348,132.8,454.481,0.56738,MEDIUM
EVT_86193,41272,93188,4.596,11.271,77.2,370.555,0.50262,MEDIUM
EVT_86194,38354,99763,2.067,10.366,128.7,127.192,0.42945,MEDIUM
EVT_86195,33044,94997,29.191,12.261,32.0,241.444,0.17292,SAFE
EVT_86196,29817,90109,13.806,6.27,116.1,285.904,0.25981,SAFE
EVT_86197,21737,95321,21.257,14.229,126.5,149.282,0.20457,SAFE
EVT_86198,26108,88646,7.111,10.728,147.6,50.186,0.13338,SAFE
EVT_86199,44891,84868,2.701,7.034,30.7,345.306,0.67669,MEDIUM
EVT_86200,49514,84325,9.376,14.383,137.6,221.839,0.45949,MEDIUM
EVT_86201,49168,89166,17.319,6.616,98.1,267.237,0.18983,SAFE
EVT_86202,42404,95594,5.257,14.728,135.4,360.229,0.51465,MEDIUM
EVT_86203,34526,83497,9.006,5.203,151.4,115.139,0.71853,MEDIUM
EVT_86204,42078,95103,9.042,5.049,9.8,134.049,0.57554,MEDIUM
EVT_86205,28811,99237,4.702,11.839,74.3,102.297,0.77539,MEDIUM
EVT_86206,22402,93263,24.336,12.723,167.5,396.886,0.01587,SAFE
EVT_86207,35157,97130,29.814,9.538,116.6,419.429,0.10449,SAFE
EVT_86208,39314,93336,38.725,6.799,51.0,47.634,0.26215,SAFE
EVT_86209,28725,87876,1.224,9.178,17.4,384.921,0.88351,HIGH
EVT_86210,25640,98701,7.614,11.781,28.7,412.816,0.72262,MEDIUM
EVT_86211,49130,99164,11.23,5.867,114.2,180.096,0.05226,SAFE
EVT_86212,38082,94546,18.065,7.753,70.1,475.751,0.04106,SAFE
EVT_86213,22534,93071,22.675,10.885,87.2,266.155,0.05011,SAFE
EVT_86214,48699,88448,13.264,8.289,13.7,313.048,0.27018,SAFE
EVT_86215,21089,83256,0.891,5.911,22.8,307.281,0.94572,HIGH
EVT_86216,30858,95938,3.27,9.611,44.2,367.845,0.39649,MEDIUM
EVT_86217,44697,90508,9.924,5.477,77.9,164.97,0.49272,MEDIUM
EVT_86218,49421,84543,5.403,10.877,168.4,186.479,0.55668,MEDIUM
EVT_86219,49203,99228,17.624,5.23,25.4,143.335,0.09023,SAFE
EVT_86220,28746,84621,3.723,8.952,171.4,94.965,0.28095,SAFE
EVT_86221,35343,95456,10.131,8.887,101.8,159.146,0.05075,SAFE
EVT_86222,44362,88620,3.703,10.07,154.9,266.739,0.73475,MEDIUM
EVT_86223,34554,81388,37.512,10.071,88.4,118.588,0.11406,SAFE
EVT_86224,44316,86375,10.998,6.312,90.9,17.903,0.18427,SAFE
EVT_86225,22047,95989,3.245,10.087,58.5,420.498,0.37083,MEDIUM
EVT_86226,29819,81299,41.157,5.92,131.9,326.591,0.15852,SAFE
EVT_86227,40551,80780,2.302,6.585,22.0,204.497,0.59285,MEDIUM
EVT_86228,25224,98429,10.567,10.035,126.7,283.433,0.26323,SAFE
EVT_86229,38104,84996,15.275,13.291,67.1,453.921,0.07743,SAFE
EVT_86230,33465,99154,1.958,8.496,151.7,98.393,0.11372,SAFE
EVT_86231,20291,87415,5.822,12.38,137.4,195.287,0.34038,MEDIUM
EVT_86232,21384,98052,17.218,9.434,74.5,417.721,0.01939,SAFE
EVT_86233,38658,98602,7.187,12.012,107.6,116.832,0.46715,MEDIUM
EVT_86234,31349,99535,2.601,10.338,24.1,212.909,0.45125,MEDIUM
EVT_86235,35330,86533,5.376,11.37,119.0,178.139,0.55479,MEDIUM
EVT_86236,44077,85773,7.503,8.185,169.2,486.731,0.37857,MEDIUM
EVT_86237,29182,96662,34.574,12.054,48.1,200.761,0.25172,SAFE
EVT_86238,42436,80968,8.455,6.033,144.6,58.678,0.08908,SAFE
EVT_86239,39305,86741,29.272,9.072,112.2,138.816,0.13092,SAFE
EVT_86240,20651,82992,6.373,8.457,29.1,390.88,0.37635,MEDIUM
EVT_86241,44457,95889,12.498,11.143,41.6,271.85,0.14309,SAFE
EVT_86242,40701,85928,20.05,9.607,156.4,33.179,0.02504,SAFE
EVT_86243,31292,82140,0.883,10.494,48.5,499.544,0.8989,HIGH
EVT_86244,21917,89773,15.041,14.929,122.7,426.524,0.02657,SAFE
EVT_86245,20033,89741,5.542,5.197,115.5,117.952,0.32721,MEDIUM
EVT_86246,39682,98054,8.376,11.134,51.3,213.879,0.31025,MEDIUM
EVT_86247,38939,98143,20.7,5.018,9.7,467.593,0.208,SAFE
EVT_86248,39562,96756,11.683,5.947,121.5,384.788,0.09659,SAFE
EVT_86249,20203,93074,6.503,6.95,141.2,48.059,0.15074,SAFE
EVT_86250,27105,81155,2.163,5.592,63.2,303.463,0.78708,MEDIUM
EVT_86251,36236,87684,18.918,12.024,176.9,285.73,0.0659,SAFE
EVT_86252,20570,84989,2.848,13.436,80.1,118.418,0.32085,MEDIUM
EVT_86253,36840,84538,10.003,10.071,0.8,306.204,0.21291,SAFE
EVT_86254,40971,84455,31.85,12.876,157.7,351.758,0.05038,SAFE
EVT_86255,29850,88571,43.981,6.953,154.4,327.99,0.20672,SAFE
EVT_86256,37231,89787,18.68,14.425,88.8,400.329,0.0598,SAFE
EVT_86257,25294,96817,0.973,9.044,108.9,127.02,0.56644,MEDIUM
EVT_86258,39821,93685,3.456,7.715,98.2,60.726,0.15107,SAFE
EVT_86259,41233,97311,3.87,10.505,166.6,144.942,0.68086,MEDIUM
EVT_86260,30833,86307,9.556,5.066,139.8,130.479,0.65596,MEDIUM
EVT_86261,32138,90498,12.018,7.618,71.1,236.456,0.17064,SAFE
EVT_86262,35252,98701,8.355,11.979,74.6,411.757,0.55166,MEDIUM
EVT_86263,40301,99374,0.964,6.36,135.2,496.382,0.81263,HIGH
EVT_86264,40535,94776,8.822,13.614,58.2,434.655,0.37574,MEDIUM
EVT_86265,36422,97954,30.277,10.493,31.1,434.353,0.12987,SAFE
EVT_86266,31305,86130,1.488,13.343,108.4,124.938,0.77227,MEDIUM
EVT_86267,34466,95147,4.984,9.462,17.9,437.897,0.40678,MEDIUM
EVT_86268,23557,82027,8.23,6.85,113.7,371.243,0.67238,MEDIUM
EVT_86269,23921,99523,43.386,12.281,120.5,431.004,0.23309,SAFE
EVT_86270,44024,86583,1.393,9.996,36.4,416.206,0.81556,HIGH
EVT_86271,25824,84834,21.926,13.573,133.6,152.329,0.22008,SAFE
EVT_86272,32349,80316,36.739,11.339,80.3,388.087,0.07047,SAFE
EVT_86273,35885,89575,22.442,13.79,150.9,116.844,0.07244,SAFE
EVT_86274,25624,94208,17.69,7.628,43.4,446.481,0.02792,SAFE
EVT_86275,49099,80215,3.166,13.314,6.9,432.103,0.34948,MEDIUM
EVT_86276,47108,91695,16.926,12.319,81.8,81.859,0.13562,SAFE
EVT_86277,40207,90109,6.547,10.602,49.4,490.212,0.52756,MEDIUM
EVT_86278,36998,85044,3.102,5.713,129.6,475.96,0.70351,MEDIUM
EVT_86279,22859,86375,0.129,6.75,48.8,85.446,0.23448,SAFE
EVT_86280,34148,96267,6.119,13.415,98.5,377.04,0.49472,MEDIUM
EVT_86281,37518,86091,19.797,9.84,63.3,298.442,0.1035,SAFE
EVT_86282,42514,81371,22.147,10.556,131.3,145.378,0.17542,SAFE
EVT_86283,33136,81225,2.421,13.597,143.4,137.699,0.33776,MEDIUM
EVT_86284,25314,89996,8.567,12.08,63.1,371.319,0.41637,MEDIUM
EVT_86285,29986,84472,7.589,5.971,72.8,94.811,0.00334,SAFE
EVT_86286,25247,90787,38.116,10.163,80.0,235.968,0.21265,SAFE
EVT_86287,26702,91499,3.782,9.09,68.3,102.782,0.55531,MEDIUM
EVT_86288,41609,82257,26.316,12.062,154.8,227.3,0.25258,SAFE
EVT_86289,22312,95588,28.406,8.882,62.4,374.456,0.17541,SAFE
EVT_86290,27500,93971,3.244,10.683,129.7,369.798,0.56843,MEDIUM
EVT_86291,30011,90738,11.122,14.139,43.0,356.404,0.06754,SAFE
EVT_86292,43942,93627,27.564,8.466,37.4,395.333,0.02708,SAFE
EVT_86293,26172,93476,10.458,12.632,138.1,395.996,0.21848,SAFE
EVT_86294,22295,90799,3.566,14.183,80.7,60.797,0.00628,SAFE
EVT_86295,34756,94595,16.995,6.83,108.3,314.865,0.02586,SAFE
EVT_86296,42031,97742,10.643,6.578,142.5,333.195,0.08177,SAFE
EVT_86297,40149,99560,0.767,5.525,167.7,63.646,0.24295,SAFE
EVT_86298,42808,97627,17.996,14.165,11.2,207.283,0.16123,SAFE
EVT_86299,33258,83466,16.902,6.831,76.4,323.416,0.20299,SAFE
EVT_86300,27611,90589,7.547,11.128,4.9,160.473,0.43751,MEDIUM
EVT_86301,42396,85222,0.553,9.986,54.4,81.478,0.17518,SAFE
EVT_86302,27672,81755,2.016,11.277,87.0,182.106,0.47836,MEDIUM
EVT_86303,25889,94931,10.553,12.898,113.2,316.89,0.01165,SAFE
EVT_86304,40949,96791,14.53,14.117,64.5,405.362,0.2195,SAFE
EVT_86305,46460,81385,2.547,11.658,125.0,421.399,0.71988,MEDIUM
EVT_86306,35668,93125,4.061,12.912,151.7,218.941,0.41669,MEDIUM
EVT_86307,48011,85397,8.456,6.937,33.2,220.17,0.34654,MEDIUM
EVT_86308,40631,94016,2.715,7.597,50.4,342.981,0.39225,MEDIUM
EVT_86309,26535,86479,4.251,6.021,82.1,359.819,0.36041,MEDIUM
EVT_86310,46093,81421,6.499,10.87,153.8,349.147,0.77976,MEDIUM
EVT_86311,23735,94997,4.548,10.872,87.2,75.715,0.04498,SAFE
EVT_86312,47674,94734,29.944,6.624,119.3,238.321,0.28299,SAFE
EVT_86313,44791,89366,3.146,10.647,30.2,467.163,0.44603,MEDIUM
EVT_86314,48970,97812,35.023,6.017,147.2,361.513,0.11199,SAFE
EVT_86315,29081,97375,12.528,10.93,86.9,298.276,0.17197,SAFE
EVT_86316,43131,89591,19.382,10.479,82.4,319.427,0.08298,SAFE
EVT_86317,43466,91280,20.947,10.868,168.0,296.771,0.09618,SAFE
EVT_86318,44421,99070,27.052,12.378,43.9,265.424,0.00838,SAFE
EVT_86319,24864,91439,26.422,6.484,147.4,319.295,0.22547,SAFE
EVT_86320,40307,81438,15.775,9.828,32.7,11.127,0.23047,SAFE
EVT_86321,32639,82779,0.07,9.396,144.0,31.936,0.09155,SAFE
EVT_86322,49744,84263,14.698,13.722,120.1,354.483,0.07741,SAFE
EVT_86323,34500,91281,15.838,7.565,108.5,79.457,0.2849,SAFE
EVT_86324,24740,87183,11.271,11.809,20.1,488.27,0.00454,SAFE
EVT_86325,40791,92718,7.295,5.734,72.4,308.676,0.71918,MEDIUM
EVT_86326,38731,84138,26.987,13.928,118.9,368.309,0.2552,SAFE
EVT_86327,44259,85627,16.465,10.893,54.8,320.828,0.01713,SAFE
EVT_86328,20695,93231,4.819,9.746,173.2,274.469,0.61642,MEDIUM
EVT_86329,25359,82626,5.485,9.478,58.6,190.126,0.34761,MEDIUM
EVT_86330,48202,86410,17.576,6.033,167.3,484.142,0.05354,SAFE
EVT_86331,37482,94443,39.282,6.55,120.1,357.361,0.24672,SAFE
EVT_86332,47343,83878,12.206,12.034,84.0,168.568,0.08542,SAFE
EVT_86333,47076,83399,13.818,12.165,106.5,227.471,0.02542,SAFE
EVT_86334,23619,91831,11.469,11.527,48.2,429.075,0.05387,SAFE
EVT_86335,49000,88821,3.409,5.081,0.9,414.061,0.60569,MEDIUM
EVT_86336,24658,91614,6.376,11.695,87.2,396.445,0.73758,MEDIUM
EVT_86337,34111,85476,21.238,13.742,27.8,291.774,0.12896,SAFE
EVT_86338,22464,93296,5.659,13.676,2.1,473.319,0.49288,MEDIUM
EVT_86339,31566,92265,0.958,8.166,52.8,270.762,0.35046,MEDIUM
EVT_86340,42647,90871,26.984,11.26,82.5,206.876,0.24587,SAFE
EVT_86341,35698,89105,34.543,10.795,155.0,135.717,0.22559,SAFE
EVT_86342,28546,87517,16.774,7.245,150.0,423.741,0.1094,SAFE
EVT_86343,27618,85533,10.076,10.763,82.5,66.603,0.05615,SAFE
EVT_86344,41999,80020,4.508,7.019,138.0,324.537,0.6162,MEDIUM
EVT_86345,48040,88346,5.919,8.221,171.4,402.836,0.42902,MEDIUM
EVT_86346,45128,85793,18.948,6.332,153.6,229.791,0.05595,SAFE
EVT_86347,27343,85400,5.119,13.657,26.6,263.956,0.55649,MEDIUM
EVT_86348,48535,90744,43.754,11.108,67.4,331.256,0.07473,SAFE
EVT_86349,33080,82778,32.347,5.806,86.0,225.59,0.21958,SAFE
EVT_86350,39459,81615,31.786,12.286,112.7,419.253,0.17858,SAFE
EVT_86351,34580,97927,5.285,12.143,141.2,67.134,0.11848,SAFE
EVT_86352,27396,81235,14.095,14.894,119.2,85.335,0.2515,SAFE
EVT_86353,22286,81241,11.425,9.207,90.3,207.34,0.21437,SAFE
EVT_86354,34555,80922,10.257,10.109,93.1,96.88,0.21155,SAFE
EVT_86355,24340,81583,10.833,9.956,141.2,204.189,0.26286,SAFE
EVT_86356,35358,80456,1.692,6.249,3.4,369.716,0.89354,HIGH
EVT_86357,32634,97940,0.457,5.418,153.3,140.548,0.74609,MEDIUM
EVT_86358,25147,86934,25.572,11.385,172.2,213.029,0.16311,SAFE
EVT_86359,41310,80801,47.677,10.638,158.7,286.405,0.16011,SAFE
EVT_86360,36837,94207,5.283,7.016,4.7,260.44,0.77629,MEDIUM
EVT_86361,49371,90091,8.88,14.246,56.2,282.567,0.30291,MEDIUM
EVT_86362,31724,85582,57.085,9.209,151.1,287.265,0.01847,SAFE
EVT_86363,22803,90924,21.458,13.619,11.1,24.084,0.17884,SAFE
EVT_86364,23363,85282,9.552,9.032,44.1,231.646,0.73103,MEDIUM
EVT_86365,20735,86563,44.043,13.941,69.4,246.526,0.05738,SAFE
EVT_86366,46200,92005,6.95,11.456,2.0,268.048,0.59639,MEDIUM
EVT_86367,30968,85864,32.798,14.83,32.9,318.213,0.07066,SAFE
EVT_86368,47551,81981,7.156,12.651,68.7,81.665,0.23763,SAFE
EVT_86369,25240,99682,19.16,12.349,131.6,21.569,0.00368,SAFE
EVT_86370,25227,85283,24.351,12.435,54.6,260.972,0.06572,SAFE
EVT_86371,46381,91075,49.392,8.575,53.5,185.704,0.22724,SAFE
EVT_86372,44384,89663,1.314,7.104,18.2,369.643,0.93148,HIGH
EVT_86373,37605,94610,5.958,8.793,116.3,115.348,0.45345,MEDIUM
EVT_86374,24356,83424,7.575,14.201,125.5,384.285,0.39364,MEDIUM
EVT_86375,24108,95941,2.685,6.399,123.7,74.163,0.24671,SAFE
EVT_86376,48962,98433,0.127,8.533,35.4,371.873,0.83193,HIGH
EVT_86377,32605,98517,4.046,10.852,30.5,259.745,0.7626,MEDIUM
EVT_86378,24135,86852,6.052,10.551,115.4,50.164,0.25326,SAFE
EVT_86379,48015,97782,33.737,9.013,167.4,197.066,0.2442,SAFE
EVT_86380,39958,98678,7.305,6.137,89.1,61.278,0.19705,SAFE
EVT_86381,27613,81366,12.487,14.694,46.4,419.929,0.15903,SAFE
EVT_86382,27575,86957,8.178,6.339,10.9,399.967,0.48523,MEDIUM
EVT_86383,47869,91730,0.017,14.864,140.7,182.854,0.667,MEDIUM
EVT_86384,44568,84774,2.392,14.887,103.2,232.564,0.40648,MEDIUM
EVT_86385,28624,93660,0.002,7.588,147.5,331.353,0.82787,HIGH
EVT_86386,46795,95432,41.092,7.669,123.7,396.062,0.22605,SAFE
EVT_86387,25167,91602,23.919,10.432,160.6,388.065,0.04614,SAFE
EVT_86388,45902,89554,41.612,10.447,118.7,410.125,0.16866,SAFE
EVT_86389,38211,93689,10.013,12.535,112.1,195.365,0.04592,SAFE
EVT_86390,42495,96751,19.119,11.384,107.0,40.77,0.21343,SAFE
EVT_86391,48048,90589,30.923,9.077,58.6,311.198,0.01445,SAFE
EVT_86392,26773,84222,20.813,12.08,154.3,495.955,0.27937,SAFE
EVT_86393,20989,87622,7.677,5.525,78.5,175.732,0.71025,MEDIUM
EVT_86394,20985,80633,5.687,5.861,76.3,216.133,0.57098,MEDIUM
EVT_86395,40521,90545,12.882,11.743,26.8,120.55,0.20025,SAFE
EVT_86396,22328,82358,8.995,5.385,29.4,454.045,0.53803,MEDIUM
EVT_86397,21385,91370,9.266,9.353,109.4,124.452,0.70195,MEDIUM
EVT_86398,42854,82496,44.69,5.712,89.8,452.892,0.19242,SAFE
EVT_86399,35246,91742,11.631,7.117,45.5,283.334,0.17383,SAFE
EVT_86400,36606,81881,19.07,5.632,9.0,313.775,0.04254,SAFE
EVT_86401,49839,89807,6.735,7.612,41.7,166.615,0.72893,MEDIUM
EVT_86402,29820,87337,23.88,14.787,138.6,125.542,0.1744,SAFE
EVT_86403,44516,99671,35.175,6.235,126.7,355.651,0.19794,SAFE
EVT_86404,26418,86460,26.566,10.714,115.1,26.404,0.1211,SAFE
EVT_86405,22474,95453,0.782,13.341,47.8,213.256,0.63896,MEDIUM
EVT_86406,29401,89030,0.315,13.636,112.9,411.864,0.87955,HIGH
EVT_86407,21270,81811,23.113,13.581,74.3,302.177,0.14648,SAFE
EVT_86408,25046,98024,16.952,9.992,25.3,345.282,0.27805,SAFE
EVT_86409,21690,90400,24.803,11.088,116.8,162.559,0.25584,SAFE
EVT_86410,25153,82845,19.1,12.907,143.4,80.364,0.14914,SAFE
EVT_86411,27700,98521,15.811,6.438,90.2,34.827,0.17082,SAFE
EVT_86412,46509,95473,11.111,13.684,79.5,95.969,0.26465,SAFE
EVT_86413,21038,96509,22.2,5.268,116.5,145.578,0.03863,SAFE
EVT_86414,44871,90704,15.631,14.101,82.1,374.096,0.24429,SAFE
EVT_86415,46621,81065,17.352,10.384,93.6,298.811,0.0075,SAFE
EVT_86416,44867,97627,7.005,11.045,28.1,58.119,0.26326,SAFE
EVT_86417,24007,82564,1.634,12.611,166.0,173.356,0.73388,MEDIUM
EVT_86418,39957,98266,33.345,11.098,88.5,58.194,0.15423,SAFE
EVT_86419,33605,89895,20.771,10.516,117.9,177.313,0.14498,SAFE
EVT_86420,26339,88670,9.853,8.364,26.4,205.372,0.46008,MEDIUM
EVT_86421,26995,91816,10.088,6.713,167.1,264.526,0.19023,SAFE
EVT_86422,42156,86129,5.475,8.043,99.2,200.794,0.50054,MEDIUM
EVT_86423,35819,82898,39.838,11.055,172.1,496.291,0.18979,SAFE
EVT_86424,43898,92691,2.37,11.016,15.0,215.084,0.46383,MEDIUM
EVT_86425,44341,82667,10.131,12.219,162.0,106.854,0.1162,SAFE
EVT_86426,36720,90068,9.517,9.53,136.3,117.077,0.61854,MEDIUM
EVT_86427,39488,98687,1.213,13.879,41.2,129.051,0.72817,MEDIUM
EVT_86428,28178,96260,19.357,10.017,64.3,399.905,0.22237,SAFE
EVT_86429,48548,84165,1.751,9.005,167.7,142.598,0.68411,MEDIUM
EVT_86430,47143,89419,29.234,7.743,116.1,215.578,0.27737,SAFE
EVT_86431,30906,96555,2.539,6.276,54.8,321.919,0.68201,MEDIUM
EVT_86432,25254,84583,22.073,10.904,27.5,297.619,0.15705,SAFE
EVT_86433,32827,87775,1.948,14.427,155.0,127.737,0.72896,MEDIUM
EVT_86434,29666,89922,8.09,7.132,50.2,173.508,0.37765,MEDIUM
EVT_86435,31090,84268,28.104,14.755,27.1,435.109,0.14072,SAFE
EVT_86436,42363,90666,3.787,8.923,155.1,459.487,0.62129,MEDIUM
EVT_86437,29815,82077,12.551,7.899,22.3,147.661,0.21036,SAFE
EVT_86438,45979,99547,13.994,8.345,153.2,327.539,0.12754,SAFE
EVT_86439,46893,93031,16.395,9.63,66.6,57.808,0.15001,SAFE
EVT_86440,20169,81930,13.187,10.753,78.0,361.036,0.16325,SAFE
EVT_86441,29128,99902,12.652,12.549,92.0,286.266,0.10262,SAFE
EVT_86442,32834,85912,16.784,7.702,69.1,332.51,0.04824,SAFE
EVT_86443,31094,92046,0.309,7.159,176.6,75.77,0.17777,SAFE
EVT_86444,22698,92849,6.937,8.588,123.4,179.894,0.7212,MEDIUM
EVT_86445,37662,88495,23.739,12.403,70.6,56.94,0.14204,SAFE
EVT_86446,21667,89838,36.745,13.789,177.5,422.635,0.22202,SAFE
EVT_86447,20848,91636,20.065,5.524,118.4,204.053,0.14667,SAFE
EVT_86448,49110,96437,6.824,11.9,144.2,180.644,0.52168,MEDIUM
EVT_86449,21116,93755,35.06,7.467,42.2,375.043,0.21109,SAFE
EVT_86450,30004,89504,6.424,11.279,164.6,248.289,0.37357,MEDIUM
EVT_86451,47022,81332,3.559,11.561,3.0,164.952,0.33263,MEDIUM
EVT_86452,46044,85662,4.415,7.481,126.5,457.773,0.45791,MEDIUM
EVT_86453,42357,86641,26.768,13.615,153.4,41.46,0.01633,SAFE
EVT_86454,28317,86547,8.33,7.57,83.6,463.389,0.65244,MEDIUM
EVT_86455,41887,98670,16.688,13.573,129.5,200.928,0.27126,SAFE
EVT_86456,34762,91673,18.457,7.668,2.3,302.501,0.18315,SAFE
EVT_86457,38538,95380,0.782,7.762,109.7,195.749,0.50125,MEDIUM
EVT_86458,47449,84233,3.496,5.405,125.1,496.49,0.31671,MEDIUM
EVT_86459,38666,95144,27.497,13.772,126.3,269.16,0.11834,SAFE
EVT_86460,29124,87255,5.331,11.987,121.3,446.705,0.53898,MEDIUM
EVT_86461,36951,82442,27.024,6.631,54.6,303.026,0.02813,SAFE
EVT_86462,45346,83329,18.763,6.452,174.3,380.549,0.28447,SAFE
EVT_86463,42442,87535,3.677,13.168,52.3,80.645,0.0103,SAFE
EVT_86464,28596,96510,12.209,14.722,7.5,162.255,0.0417,SAFE
EVT_86465,40554,83399,42.461,7.621,169.0,146.197,0.09131,SAFE
EVT_86466,36597,84142,7.017,7.339,114.7,207.173,0.47526,MEDIUM
EVT_86467,40538,82237,14.053,9.77,101.0,271.565,0.10439,SAFE
EVT_86468,45647,91528,7.414,10.968,118.7,37.281,0.11865,SAFE
EVT_86469,35159,81275,25.189,8.862,9.1,123.098,0.02434,SAFE
EVT_86470,34570,85415,22.541,6.405,32.2,181.673,0.23203,SAFE
EVT_86471,35887,93432,23.937,8.293,59.4,183.018,0.07026,SAFE
EVT_86472,27269,81166,9.937,14.574,118.3,303.518,0.63674,MEDIUM
EVT_86473,20085,98050,5.322,5.209,147.3,429.748,0.31112,MEDIUM
EVT_86474,26679,88340,10.145,9.251,25.7,467.116,0.14876,SAFE
EVT_86475,23256,93500,23.855,6.412,85.4,101.365,0.07522,SAFE
EVT_86476,35249,95308,8.526,7.551,103.9,438.822,0.41842,MEDIUM
EVT_86477,38266,93644,1.832,10.45,166.9,422.742,0.8537,HIGH
EVT_86478,20517,93763,52.507,5.613,101.7,343.816,0.11678,SAFE
EVT_86479,39284,89811,43.689,5.881,39.8,48.007,0.20768,SAFE
EVT_86480,25491,91979,4.074,10.357,147.6,143.259,0.76379,MEDIUM
EVT_86481,32702,91965,21.673,5.858,32.6,71.038,0.0423,SAFE
EVT_86482,45258,91378,19.214,5.028,98.1,222.612,0.20954,SAFE
EVT_86483,47049,95128,0.093,14.43,22.4,352.424,0.83473,HIGH
EVT_86484,45141,88193,1.29,13.446,154.9,271.794,0.43565,MEDIUM
EVT_86485,45355,81066,13.676,14.298,87.9,230.327,0.06535,SAFE
EVT_86486,30176,94312,0.927,9.059,114.9,209.801,0.43976,MEDIUM
EVT_86487,29299,82706,0.559,11.507,141.6,356.021,0.86499,HIGH
EVT_86488,35003,97518,36.638,11.202,52.4,38.576,0.21674,SAFE
EVT_86489,39572,85871,5.288,10.497,3.4,123.264,0.67917,MEDIUM
EVT_86490,25457,94026,1.998,7.522,43.5,190.105,0.32635,MEDIUM
EVT_86491,38423,86113,13.725,5.95,33.9,225.556,0.19971,SAFE
EVT_86492,22200,81730,3.54,7.928,75.8,228.535,0.30011,MEDIUM
EVT_86493,25849,95713,20.516,6.061,36.0,394.739,0.08833,SAFE
EVT_86494,35025,96289,68.074,6.683,6.7,445.261,0.1206,SAFE
EVT_86495,30032,84270,4.183,11.71,8.4,223.537,0.78372,MEDIUM
EVT_86496,23897,96814,2.482,9.978,148.5,491.289,0.46909,MEDIUM
EVT_86497,44299,89482,5.151,13.158,159.0,322.2,0.64831,MEDIUM
EVT_86498,31638,99840,24.181,8.818,82.5,286.807,0.10788,SAFE
EVT_86499,37989,87483,49.87,14.445,137.9,29.603,0.2361,SAFE
EVT_86500,41273,90116,30.881,7.717,95.5,79.761,0.23562,SAFE
EVT_86501,34957,94863,14.76,6.313,46.3,226.599,0.04502,SAFE
EVT_86502,27960,89929,1.621,8.593,64.6,146.025,0.74126,MEDIUM
EVT_86503,43918,81594,6.371,10.383,169.7,317.699,0.33276,MEDIUM
EVT_86504,25290,83963,88.618,14.984,48.1,68.654,0.13965,SAFE
EVT_86505,36950,91000,8.717,5.855,9.4,196.841,0.32664,MEDIUM
EVT_86506,30950,86948,8.014,10.307,174.8,425.532,0.47782,MEDIUM
EVT_86507,30526,90278,13.301,6.81,162.6,464.527,0.1305,SAFE
EVT_86508,37981,84374,33.769,12.205,94.8,67.639,0.02019,SAFE
EVT_86509,22940,91719,13.595,12.212,18.0,383.759,0.04979,SAFE
EVT_86510,25531,80746,45.34,12.002,63.2,316.953,0.08252,SAFE
EVT_86511,27429,94332,2.061,7.939,97.7,385.301,0.75368,MEDIUM
EVT_86512,47782,81795,30.484,12.539,77.9,112.016,0.02023,SAFE
EVT_86513,29015,93448,10.474,14.632,51.0,135.366,0.04038,SAFE
EVT_86514,27381,93708,4.473,12.036,3.2,451.584,0.41276,MEDIUM
EVT_86515,35614,87746,55.889,14.83,141.6,292.07,0.21182,SAFE
EVT_86516,37599,80748,2.984,9.119,135.8,432.678,0.34281,MEDIUM
EVT_86517,20281,87930,11.01,12.626,1.3,255.416,0.1667,SAFE
EVT_86518,32972,99495,5.899,7.112,28.5,23.062,0.16693,SAFE
EVT_86519,25946,99122,12.524,12.413,21.0,473.608,0.07467,SAFE
EVT_86520,29008,85191,20.556,13.194,41.7,57.439,0.16883,SAFE
EVT_86521,41065,84456,32.412,6.416,15.5,444.643,0.04761,SAFE
EVT_86522,21124,81113,1.327,14.283,142.6,27.289,0.22384,SAFE
EVT_86523,28218,90835,11.034,13.584,134.8,187.049,0.06813,SAFE
EVT_86524,25990,87850,12.268,5.618,39.3,72.777,0.18586,SAFE
EVT_86525,32850,82413,14.203,10.348,93.8,484.557,0.00454,SAFE
EVT_86526,23845,98639,41.843,9.318,73.6,407.989,0.13526,SAFE
EVT_86527,38342,82261,46.553,10.606,38.2,288.584,0.22363,SAFE
EVT_86528,23308,84306,45.824,11.157,38.8,154.899,0.11339,SAFE
EVT_86529,41877,84922,2.195,7.04,59.6,38.47,0.10432,SAFE
EVT_86530,44418,82163,21.515,6.721,116.3,156.889,0.0422,SAFE
EVT_86531,49443,83257,0.776,11.666,68.1,69.119,0.12532,SAFE
EVT_86532,24567,90717,2.858,5.473,0.4,420.548,0.4704,MEDIUM
EVT_86533,29068,88221,9.773,14.053,105.8,85.254,0.27926,SAFE
EVT_86534,33698,97863,17.864,5.108,91.6,206.469,0.1829,SAFE
EVT_86535,48462,85321,28.423,13.648,157.5,303.097,0.04052,SAFE
EVT_86536,49789,95416,1.476,5.111,139.9,102.281,0.44861,MEDIUM
EVT_86537,49484,80424,24.55,10.723,35.9,232.249,0.12301,SAFE
EVT_86538,30849,88324,2.283,7.162,58.9,16.512,0.15543,SAFE
EVT_86539,41186,97849,0.696,7.712,37.9,100.145,0.55136,MEDIUM
EVT_86540,48447,81809,1.546,13.767,23.8,29.708,0.09532,SAFE
EVT_86541,49309,81540,9.255,5.348,108.5,86.592,0.14667,SAFE
EVT_86542,22202,81163,27.667,7.344,175.9,210.775,0.22699,SAFE
EVT_86543,41053,99052,10.596,6.257,124.0,467.343,0.22016,SAFE
EVT_86544,27336,84335,7.966,6.824,19.1,141.079,0.40971,MEDIUM
EVT_86545,22404,94252,17.323,6.271,122.6,410.422,0.02436,SAFE
EVT_86546,34603,92393,1.529,12.229,82.9,472.514,0.92868,HIGH
EVT_86547,42914,93122,2.736,11.516,176.2,148.742,0.54439,MEDIUM
EVT_86548,30915,94629,17.928,14.853,100.5,321.644,0.26647,SAFE
EVT_86549,21828,94329,16.745,14.309,2.3,364.032,0.16495,SAFE
EVT_86550,25819,80797,1.076,5.375,25.0,370.247,0.9747,HIGH
EVT_86551,43921,86589,7.348,7.017,119.5,438.451,0.51099,MEDIUM
EVT_86552,22704,84380,21.678,5.613,1.8,256.324,0.12728,SAFE
EVT_86553,21144,87326,0.37,12.817,74.8,377.146,0.97639,HIGH
EVT_86554,38119,88483,14.636,5.208,58.9,125.035,0.26337,SAFE
EVT_86555,48031,85234,13.995,6.806,44.3,291.156,0.00247,SAFE
EVT_86556,25594,94708,0.988,5.661,129.9,369.257,0.83941,HIGH
EVT_86557,22338,86247,9.867,6.833,130.1,490.78,0.41679,MEDIUM
EVT_86558,34785,97597,27.461,5.163,100.0,266.48,0.2826,SAFE
EVT_86559,34739,95856,0.774,10.45,136.1,24.735,0.1757,SAFE
EVT_86560,24794,99201,3.776,7.12,138.4,184.556,0.55376,MEDIUM
EVT_86561,38953,90579,3.663,7.096,39.4,181.859,0.3796,MEDIUM
EVT_86562,25279,92262,2.496,11.646,171.4,360.354,0.43532,MEDIUM
EVT_86563,48871,91081,3.457,7.388,156.0,344.185,0.52373,MEDIUM
EVT_86564,41820,80199,10.628,7.055,17.3,93.973,0.03327,SAFE
EVT_86565,34211,86069,3.796,7.233,44.9,64.528,0.06385,SAFE
EVT_86566,47048,87522,1.975,9.796,64.4,385.735,0.94234,HIGH
EVT_86567,26885,95658,4.392,13.421,34.0,215.256,0.34399,MEDIUM
EVT_86568,41756,89053,44.137,13.204,51.1,406.016,0.22161,SAFE
EVT_86569,45481,99825,1.244,14.879,106.0,214.189,0.43112,MEDIUM
EVT_86570,48160,90376,0.697,5.494,94.0,287.295,0.7437,MEDIUM
EVT_86571,47578,80264,3.738,9.022,96.7,389.93,0.71477,MEDIUM
EVT_86572,31912,82261,6.643,13.723,95.8,143.862,0.60702,MEDIUM
EVT_86573,24543,99303,26.963,11.431,172.9,475.143,0.11544,SAFE
EVT_86574,22987,94334,22.906,12.814,40.4,336.449,0.21751,SAFE
EVT_86575,22532,81544,4.164,9.636,125.1,144.454,0.32946,MEDIUM
EVT_86576,42401,97360,2.2,5.108,54.2,388.987,0.56299,MEDIUM
EVT_86577,42091,94857,5.423,13.296,10.3,420.462,0.33113,MEDIUM
EVT_86578,46713,98682,8.476,6.398,32.9,255.937,0.56191,MEDIUM
EVT_86579,36266,97557,4.694,11.606,26.1,485.23,0.54038,MEDIUM
EVT_86580,49209,96729,18.686,10.198,66.6,204.232,0.03626,SAFE
EVT_86581,38371,98366,5.195,13.837,121.1,152.084,0.73933,MEDIUM
EVT_86582,45010,80109,4.953,7.873,168.6,198.026,0.33579,MEDIUM
EVT_86583,34668,91235,1.857,6.66,85.5,221.861,0.4057,MEDIUM
EVT_86584,46054,95311,2.424,10.235,165.4,28.95,0.00031,SAFE
EVT_86585,20509,98117,6.061,13.164,151.0,233.805,0.37551,MEDIUM
EVT_86586,41014,90580,5.17,13.746,7.4,229.167,0.42547,MEDIUM
EVT_86587,32887,82243,2.945,8.654,2.8,29.131,0.13006,SAFE
EVT_86588,43587,89655,14.205,13.109,10.7,224.789,0.24781,SAFE
EVT_86589,25463,98317,5.56,9.199,154.8,495.226,0.72786,MEDIUM
EVT_86590,36877,91002,2.196,5.667,72.8,478.529,0.63672,MEDIUM
EVT_86591,27625,85849,7.77,6.545,55.9,119.434,0.61219,MEDIUM
EVT_86592,37026,85282,34.334,11.994,45.1,86.54,0.15352,SAFE
EVT_86593,25211,96243,19.543,7.985,150.8,412.538,0.21581,SAFE
EVT_86594,24856,94852,11.772,9.066,12.2,404.7,0.18413,SAFE
EVT_86595,37783,87265,51.424,10.107,114.3,485.448,0.23278,SAFE
EVT_86596,40769,87427,8.833,12.28,127.3,295.571,0.47821,MEDIUM
EVT_86597,46028,89061,34.253,10.379,65.7,497.123,0.17281,SAFE
EVT_86598,32330,86034,27.71,5.845,12.3,364.741,0.01949,SAFE
EVT_86599,21087,99771,19.746,13.072,137.7,432.567,0.2466,SAFE
EVT_86600,29210,83814,10.656,6.285,137.8,88.955,0.10127,SAFE
EVT_86601,40729,86560,8.924,7.223,7.4,402.55,0.49362,MEDIUM
EVT_86602,41157,83676,110.141,13.843,156.4,11.715,0.10303,SAFE
EVT_86603,30882,85654,0.556,11.368,91.0,333.581,0.8041,HIGH
EVT_86604,31902,82510,15.591,7.04,176.4,15.389,0.0414,SAFE
EVT_86605,47692,81726,6.439,7.808,5.3,13.67,0.0925,SAFE
EVT_86606,27144,96214,2.57,5.115,28.8,439.486,0.37439,MEDIUM
EVT_86607,43292,93623,15.816,7.565,21.4,417.453,0.22495,SAFE
EVT_86608,31552,87591,10.742,5.887,168.5,181.204,0.20648,SAFE
EVT_86609,49217,97984,4.207,9.245,145.7,364.518,0.65987,MEDIUM
EVT_86610,21033,92591,45.042,8.994,51.1,238.763,0.01932,SAFE
EVT_86611,44390,93030,88.56,12.425,1.7,131.67,0.12718,SAFE
EVT_86612,29852,94372,9.949,10.596,140.4,113.779,0.60118,MEDIUM
EVT_86613,27940,88479,32.301,7.326,149.8,468.525,0.11857,SAFE
EVT_86614,44322,81017,12.419,6.604,12.7,138.118,0.25295,SAFE
EVT_86615,28534,85188,35.484,8.739,81.0,186.556,0.01514,SAFE
EVT_86616,42849,92415,6.587,14.031,22.2,365.527,0.32814,MEDIUM
EVT_86617,37161,85476,13.177,12.693,31.3,141.362,0.03357,SAFE
EVT_86618,20283,83315,4.609,14.766,143.8,91.804,0.25104,SAFE
EVT_86619,31867,97145,0.496,9.383,171.6,328.382,0.96891,HIGH
EVT_86620,29263,99318,17.149,9.194,61.2,160.66,0.03806,SAFE
EVT_86621,45765,90534,43.315,6.069,135.9,223.257,0.16014,SAFE
EVT_86622,38767,86202,13.262,6.6,33.3,216.059,0.09842,SAFE
EVT_86623,47277,95307,6.582,9.472,97.1,123.153,0.47192,MEDIUM
EVT_86624,46084,96624,11.112,8.028,63.8,41.37,0.22475,SAFE
EVT_86625,24821,87160,13.554,7.744,18.7,363.921,0.20247,SAFE
EVT_86626,29105,98639,2.424,6.906,94.8,432.41,0.39288,MEDIUM
EVT_86627,41359,99181,8.915,9.488,10.1,20.343,0.01568,SAFE
EVT_86628,44377,99436,18.041,11.98,73.6,360.818,0.25596,SAFE
EVT_86629,20099,81093,5.39,8.284,77.4,497.071,0.59088,MEDIUM
EVT_86630,40428,90971,21.58,8.364,97.3,448.587,0.18326,SAFE
EVT_86631,38114,98440,3.601,12.154,60.2,76.994,0.06093,SAFE
EVT_86632,27532,98808,5.575,5.494,76.1,94.678,0.26655,SAFE
EVT_86633,34252,92271,0.217,7.752,73.1,90.468,0.25708,SAFE
EVT_86634,33477,89817,19.238,8.687,61.4,250.756,0.15298,SAFE
EVT_86635,22039,97938,4.55,11.076,49.9,457.793,0.55699,MEDIUM
EVT_86636,44368,91220,0.803,13.219,137.6,425.861,0.9832,HIGH
EVT_86637,27584,91573,16.897,7.883,71.8,386.244,0.08163,SAFE
EVT_86638,36207,85242,43.48,10.87,81.9,310.241,0.0984,SAFE
EVT_86639,31097,98266,2.943,10.434,90.1,29.296,0.1071,SAFE
EVT_86640,48296,93334,27.439,12.111,95.1,112.424,0.20385,SAFE
EVT_86641,42409,84421,9.508,13.124,62.7,235.995,0.53497,MEDIUM
EVT_86642,42493,96418,12.817,7.753,171.8,225.187,0.14089,SAFE
EVT_86643,39538,94087,7.601,10.874,47.2,119.175,0.55206,MEDIUM
EVT_86644,39467,81403,19.973,11.842,156.5,469.155,0.03492,SAFE
EVT_86645,23598,93474,45.079,13.928,17.1,53.254,0.09906,SAFE
EVT_86646,22366,84709,28.031,9.022,58.0,113.052,0.15195,SAFE
EVT_86647,21226,86638,7.093,10.934,112.0,434.951,0.63009,MEDIUM
EVT_86648,37294,84603,13.756,12.642,65.3,160.732,0.07071,SAFE
EVT_86649,25069,84794,31.637,12.955,171.1,339.193,0.22652,SAFE
EVT_86650,20467,91914,15.472,5.084,115.9,78.522,0.25582,SAFE
EVT_86651,36059,84769,4.878,7.27,96.8,90.407,0.16289,SAFE
EVT_86652,42109,94749,3.88,5.891,79.5,108.912,0.50777,MEDIUM
EVT_86653,29848,98711,23.067,10.727,64.9,483.364,0.05335,SAFE
EVT_86654,27513,83632,7.134,7.738,172.8,372.731,0.34713,MEDIUM
EVT_86655,24347,95821,22.609,13.892,31.7,211.993,0.21836,SAFE
EVT_86656,31313,85429,7.77,14.861,19.6,172.289,0.67295,MEDIUM
EVT_86657,39101,86938,0.895,5.767,49.3,329.34,0.86974,HIGH
EVT_86658,41253,87337,15.713,10.937,175.9,263.18,0.16135,SAFE
EVT_86659,22739,81778,17.182,6.429,178.4,43.112,0.16906,SAFE
EVT_86660,45503,90908,23.748,14.544,137.9,227.294,0.20209,SAFE
EVT_86661,46749,99607,6.292,8.574,68.4,204.36,0.55103,MEDIUM
EVT_86662,49109,93207,17.456,7.448,70.0,368.299,0.27873,SAFE
EVT_86663,29972,95996,38.183,13.506,65.7,76.111,0.03201,SAFE
EVT_86664,28390,80122,15.89,13.112,22.8,241.594,0.00386,SAFE
EVT_86665,40983,90128,0.696,11.552,101.9,137.003,0.66268,MEDIUM
EVT_86666,35371,98806,4.558,8.205,173.0,25.715,0.12045,SAFE
EVT_86667,35604,95195,8.078,6.921,33.9,279.726,0.76768,MEDIUM
EVT_86668,20094,95103,21.071,13.411,94.7,244.396,0.00766,SAFE
EVT_86669,27463,95025,6.679,11.599,164.0,45.62,0.18317,SAFE
EVT_86670,47029,98056,21.895,7.408,155.2,408.26,0.01778,SAFE
EVT_86671,27037,83962,9.611,11.459,137.6,304.676,0.36129,MEDIUM
EVT_86672,20653,88725,9.488,13.455,57.8,123.744,0.31046,MEDIUM
EVT_86673,31884,84635,51.915,7.436,125.5,279.141,0.27702,SAFE
EVT_86674,40012,89976,15.588,7.832,149.2,402.081,0.25545,SAFE
EVT_86675,23971,87960,4.433,10.901,7.0,271.153,0.75968,MEDIUM
EVT_86676,32383,94591,19.291,10.472,15.1,12.259,0.08274,SAFE
EVT_86677,31697,86723,30.534,12.141,27.7,421.456,0.2434,SAFE
EVT_86678,25380,84342,23.285,9.767,30.0,419.718,0.03332,SAFE
EVT_86679,27485,95231,16.69,6.32,159.7,330.85,0.04679,SAFE
EVT_86680,31854,83431,2.996,6.71,39.6,146.055,0.69055,MEDIUM
EVT_86681,43094,86868,1.173,5.078,38.7,434.495,0.82387,HIGH
EVT_86682,42026,89300,38.623,14.435,156.4,291.071,0.13325,SAFE
EVT_86683,39887,98034,17.46,7.761,143.8,351.282,0.04281,SAFE
EVT_86684,37118,98758,26.178,10.667,97.2,299.371,0.27328,SAFE
EVT_86685,28845,80776,3.026,5.669,144.0,404.018,0.7897,MEDIUM
EVT_86686,27569,89880,11.025,5.523,160.6,193.401,0.03509,SAFE
EVT_86687,27639,86233,4.596,13.404,84.1,346.931,0.48716,MEDIUM
EVT_86688,32400,86980,4.282,13.521,119.5,401.249,0.52555,MEDIUM
EVT_86689,31040,81018,30.278,9.04,108.1,408.374,0.03876,SAFE
EVT_86690,40936,94231,19.648,11.983,2.3,48.368,0.28549,SAFE
EVT_86691,46845,81596,3.124,14.514,157.0,206.16,0.68931,MEDIUM
EVT_86692,24125,85410,0.817,7.578,96.3,185.339,0.61066,MEDIUM
EVT_86693,29257,92218,9.909,11.381,147.9,244.692,0.76488,MEDIUM
EVT_86694,40411,97635,30.414,11.222,59.2,193.741,0.24406,SAFE
EVT_86695,43355,97556,39.482,8.035,122.0,364.949,0.23428,SAFE
EVT_86696,36075,92984,32.734,8.251,56.5,403.454,0.19585,SAFE
EVT_86697,40188,97608,36.445,6.479,69.0,284.814,0.09806,SAFE
EVT_86698,35959,96392,12.468,14.715,8.1,191.867,0.26576,SAFE
EVT_86699,22730,87864,1.741,13.419,147.7,161.937,0.59921,MEDIUM
EVT_86700,26038,80809,15.322,14.111,48.0,446.481,0.14364,SAFE
EVT_86701,29718,96092,37.368,14.297,143.1,104.347,0.225,SAFE
EVT_86702,46310,90615,10.095,10.186,24.8,493.283,0.26325,SAFE
EVT_86703,45642,95003,1.76,14.325,117.9,256.112,0.61761,MEDIUM
EVT_86704,28946,99950,5.875,7.425,179.8,259.419,0.59066,MEDIUM
EVT_86705,26292,83442,20.134,9.385,47.3,66.379,0.22115,SAFE
EVT_86706,22080,98164,19.189,10.915,146.3,28.212,0.1798,SAFE
EVT_86707,49034,82125,11.791,12.605,162.8,30.534,0.11503,SAFE
EVT_86708,45238,94671,3.578,8.489,141.7,66.536,0.13634,SAFE
EVT_86709,36472,90765,4.275,14.15,8.6,330.933,0.48321,MEDIUM
EVT_86710,47751,91512,2.345,5.877,171.4,177.048,0.57315,MEDIUM
EVT_86711,43234,95290,4.75,8.937,102.9,49.083,0.16137,SAFE
EVT_86712,40126,94633,37.111,13.622,137.8,317.044,0.0669,SAFE
EVT_86713,22863,88101,13.355,10.039,72.2,485.044,0.22388,SAFE
EVT_86714,26940,93220,7.817,8.648,15.1,294.566,0.7334,MEDIUM
EVT_86715,35319,83271,5.177,8.878,81.4,325.971,0.55089,MEDIUM
EVT_86716,26972,93116,65.919,13.808,47.3,193.253,0.22528,SAFE
EVT_86717,46953,90765,6.649,5.894,89.4,53.429,0.08684,SAFE
EVT_86718,22705,91224,15.067,10.532,95.6,241.672,0.21046,SAFE
EVT_86719,27170,98628,2.887,5.197,135.3,393.091,0.57569,MEDIUM
EVT_86720,49248,88212,24.323,13.164,35.2,379.046,0.01698,SAFE
EVT_86721,32902,84846,18.675,12.912,52.5,253.715,0.07551,SAFE
EVT_86722,49062,87405,26.745,7.887,152.5,214.465,0.0118,SAFE
EVT_86723,39995,98577,17.009,12.585,88.5,174.624,0.21025,SAFE
EVT_86724,20041,97395,29.807,6.084,6.4,200.688,0.05364,SAFE
EVT_86725,31471,82965,18.177,9.858,160.1,277.476,0.07343,SAFE
EVT_86726,46692,96849,14.772,11.074,166.6,126.56,0.17849,SAFE
EVT_86727,22846,87493,0.794,10.01,19.1,93.574,0.25413,SAFE
EVT_86728,43337,86504,21.829,7.103,135.5,166.148,0.03061,SAFE
EVT_86729,43856,93796,5.341,13.655,28.8,333.061,0.63965,MEDIUM
EVT_86730,37442,85064,24.614,6.957,76.2,420.235,0.02667,SAFE
EVT_86731,44927,88181,12.21,6.036,136.5,246.066,0.00806,SAFE
EVT_86732,23489,99183,40.627,12.745,157.9,74.537,0.01822,SAFE
EVT_86733,43466,95711,33.735,11.17,154.5,238.051,0.11688,SAFE
EVT_86734,49286,96736,8.625,8.186,134.3,143.204,0.60629,MEDIUM
EVT_86735,31582,90966,7.475,10.5,91.4,281.687,0.75341,MEDIUM
EVT_86736,29744,99440,0.161,7.104,108.5,416.376,0.93987,HIGH
EVT_86737,46983,94883,13.78,5.188,34.2,314.346,0.09918,SAFE
EVT_86738,34771,96113,23.549,6.07,111.5,247.418,0.17406,SAFE
EVT_86739,36532,86655,6.442,5.338,83.7,84.278,0.15866,SAFE
EVT_86740,26849,90431,15.073,11.358,62.7,320.599,0.09728,SAFE
EVT_86741,34189,94704,8.595,13.168,51.3,283.974,0.55152,MEDIUM
EVT_86742,27099,98226,20.533,9.379,138.2,23.534,0.03635,SAFE
EVT_86743,38495,86403,5.038,8.062,97.6,17.402,0.15211,SAFE
EVT_86744,34009,80836,17.427,12.759,178.9,41.772,0.2754,SAFE
EVT_86745,24304,80408,7.418,14.336,175.0,322.161,0.31233,MEDIUM
EVT_86746,22312,80313,2.203,9.549,86.6,120.084,0.34307,MEDIUM
EVT_86747,30642,85831,3.447,9.93,149.2,103.536,0.49169,MEDIUM
EVT_86748,46425,90254,1.047,12.645,156.5,269.21,0.51763,MEDIUM
EVT_86749,42090,86026,42.131,8.38,80.9,343.512,0.20759,SAFE
EVT_86750,48500,97171,12.557,11.572,85.2,379.693,0.00112,SAFE
EVT_86751,25177,88359,25.947,13.748,44.2,164.161,0.0231,SAFE
EVT_86752,38209,82817,56.018,12.779,80.4,193.374,0.02737,SAFE
EVT_86753,22545,88570,68.732,8.779,74.3,166.473,0.2542,SAFE
EVT_86754,41808,91636,5.721,13.004,114.3,478.003,0.49449,MEDIUM
EVT_86755,47664,80890,16.409,13.355,119.4,70.74,0.18409,SAFE
EVT_86756,34182,82287,6.301,10.359,42.0,412.359,0.3666,MEDIUM
EVT_86757,30611,97983,19.25,10.394,148.2,259.742,0.12164,SAFE
EVT_86758,40236,93769,6.564,6.509,11.1,479.246,0.59137,MEDIUM
EVT_86759,23501,97507,20.377,13.851,142.0,162.638,0.03327,SAFE
EVT_86760,38101,86415,24.951,12.645,72.3,210.769,0.01298,SAFE
EVT_86761,26916,93027,7.132,6.367,64.7,72.825,0.22176,SAFE
EVT_86762,37478,88928,52.973,10.969,53.0,436.034,0.05247,SAFE
EVT_86763,46450,97228,79.939,7.052,38.1,230.806,0.21359,SAFE
EVT_86764,47791,93508,12.164,12.911,105.4,222.683,0.05564,SAFE
EVT_86765,21196,84266,6.445,9.918,112.1,252.313,0.3591,MEDIUM
EVT_86766,43845,88615,5.264,10.238,54.2,98.046,0.14832,SAFE
EVT_86767,42878,84031,9.103,13.498,153.7,213.967,0.42941,MEDIUM
EVT_86768,35865,96224,11.931,8.308,0.5,226.036,0.23948,SAFE
EVT_86769,40331,84576,9.938,8.33,127.7,264.046,0.50398,MEDIUM
EVT_86770,37855,80719,17.892,12.114,143.7,461.081,0.13736,SAFE
EVT_86771,38380,92296,20.02,12.638,33.4,499.726,0.24544,SAFE
EVT_86772,22357,93242,38.768,13.926,9.5,358.144,0.24072,SAFE
EVT_86773,40371,93003,9.82,10.025,177.9,182.586,0.51888,MEDIUM
EVT_86774,29720,99973,29.982,11.919,60.5,68.333,0.05614,SAFE
EVT_86775,30977,93353,2.92,13.514,13.7,264.388,0.37275,MEDIUM
EVT_86776,39975,91731,21.387,6.962,80.2,393.35,0.07394,SAFE
EVT_86777,23431,87668,2.377,9.14,123.8,314.368,0.7361,MEDIUM
EVT_86778,34995,88121,13.83,6.575,59.2,282.185,0.25326,SAFE
EVT_86779,41119,97384,13.929,9.763,136.5,441.451,0.22457,SAFE
EVT_86780,46348,86430,6.974,11.336,89.2,260.883,0.36929,MEDIUM
EVT_86781,25793,87386,0.565,8.948,83.0,375.131,0.97848,HIGH
EVT_86782,22732,85759,10.33,11.398,169.6,106.075,0.13573,SAFE
EVT_86783,30424,89904,4.649,13.547,20.9,117.859,0.65731,MEDIUM
EVT_86784,23673,87748,19.016,9.693,54.1,435.829,0.04578,SAFE
EVT_86785,45791,81671,26.274,13.289,2.6,222.45,0.11901,SAFE
EVT_86786,47906,88580,36.24,13.982,82.7,111.664,0.18946,SAFE
EVT_86787,41567,92862,1.038,8.447,123.9,185.625,0.32787,MEDIUM
EVT_86788,33444,90913,5.594,13.618,174.1,123.062,0.34686,MEDIUM
EVT_86789,26832,98911,2.656,9.453,176.5,74.74,0.00489,SAFE
EVT_86790,44461,88662,7.913,10.04,58.0,245.239,0.30812,MEDIUM
EVT_86791,31495,97498,19.646,7.704,132.7,333.608,0.00475,SAFE
EVT_86792,21907,85895,12.301,6.444,72.4,312.487,0.15645,SAFE
EVT_86793,39903,83530,5.79,13.432,136.2,299.52,0.38893,MEDIUM
EVT_86794,39917,95094,1.376,7.685,172.4,133.675,0.75798,MEDIUM
EVT_86795,44129,93469,25.742,7.679,50.6,447.303,0.02173,SAFE
EVT_86796,44796,98920,9.048,6.413,174.4,247.855,0.34329,MEDIUM
EVT_86797,49881,97434,16.493,5.512,134.3,18.957,0.24297,SAFE
EVT_86798,23235,97862,98.479,8.021,50.4,185.7,0.15743,SAFE
EVT_86799,40321,82197,20.257,14.781,67.1,21.748,0.10558,SAFE
EVT_86800,21247,85349,0.343,8.64,105.2,491.43,0.90358,HIGH
EVT_86801,37486,94445,1.817,13.977,54.7,159.919,0.52506,MEDIUM
EVT_86802,22930,82180,4.033,8.024,38.1,142.155,0.40516,MEDIUM
EVT_86803,33783,96275,8.862,7.91,35.0,80.372,0.04436,SAFE
EVT_86804,22925,81070,44.788,6.897,173.8,15.627,0.0399,SAFE
EVT_86805,45997,92028,3.962,10.2,159.9,392.399,0.4112,MEDIUM
EVT_86806,49474,94077,15.973,6.712,165.2,193.017,0.13325,SAFE
EVT_86807,31783,96355,68.963,14.313,161.2,209.899,0.07941,SAFE
EVT_86808,42869,87360,36.168,14.368,101.5,465.042,0.19677,SAFE
EVT_86809,38115,81533,4.582,13.354,56.8,469.84,0.73877,MEDIUM
EVT_86810,34261,86664,5.273,9.784,104.9,208.004,0.72886,MEDIUM
EVT_86811,33816,85619,67.75,9.752,167.9,210.502,0.20789,SAFE
EVT_86812,39224,82079,1.152,6.585,81.5,31.955,0.25061,SAFE
EVT_86813,34653,95481,11.141,9.609,65.0,297.954,0.18613,SAFE
EVT_86814,25582,85023,32.917,12.207,143.0,309.717,0.07763,SAFE
EVT_86815,34839,92715,5.434,12.286,160.7,211.756,0.45879,MEDIUM
EVT_86816,43349,86295,0.828,14.27,38.6,138.752,0.43483,MEDIUM
EVT_86817,45716,93532,25.49,8.429,19.6,201.603,0.15259,SAFE
EVT_86818,45824,93072,2.581,14.037,160.0,47.281,0.16814,SAFE
EVT_86819,32316,97807,5.411,14.568,5.6,353.767,0.39897,MEDIUM
EVT_86820,36059,96516,6.681,12.264,67.3,242.288,0.71985,MEDIUM
EVT_86821,38006,89144,72.772,9.497,179.1,120.715,0.02428,SAFE
EVT_86822,26169,83210,7.328,12.435,119.7,480.546,0.46781,MEDIUM
EVT_86823,44439,98882,19.425,12.431,52.3,455.192,0.1199,SAFE
EVT_86824,39438,87232,44.993,5.164,155.7,425.26,0.00981,SAFE
EVT_86825,22839,94393,6.133,14.062,32.8,278.24,0.7609,MEDIUM
EVT_86826,33178,87220,2.681,6.572,174.0,391.319,0.43199,MEDIUM
EVT_86827,45872,83484,17.55,13.516,112.2,228.149,0.19736,SAFE
EVT_86828,27550,97495,7.365,12.243,100.0,16.787,0.26924,SAFE
EVT_86829,30695,84945,43.963,6.709,133.9,199.356,0.26053,SAFE
EVT_86830,34354,86193,6.428,5.484,94.7,59.439,0.26225,SAFE
EVT_86831,31998,84564,18.912,10.604,90.0,295.132,0.16435,SAFE
EVT_86832,42621,90081,9.627,10.863,52.1,333.085,0.4499,MEDIUM
EVT_86833,23888,84087,6.196,10.79,179.1,319.66,0.74601,MEDIUM
EVT_86834,24196,95976,2.059,11.715,81.3,175.002,0.67455,MEDIUM
EVT_86835,37853,90544,22.541,14.153,176.1,334.559,0.15704,SAFE
EVT_86836,42069,84034,7.322,12.494,104.7,128.714,0.40556,MEDIUM
EVT_86837,43519,84817,2.428,8.795,11.6,363.182,0.35696,MEDIUM
EVT_86838,35029,96138,5.443,10.248,39.5,226.267,0.3547,MEDIUM
EVT_86839,20526,97558,15.956,13.562,62.8,104.186,0.08123,SAFE
EVT_86840,44293,95717,12.911,5.623,54.7,362.305,0.17314,SAFE
EVT_86841,35960,94138,1.211,6.06,19.4,317.853,0.83643,HIGH
EVT_86842,41317,90447,6.23,13.327,33.3,433.381,0.43858,MEDIUM
EVT_86843,25044,92329,1.764,12.969,25.5,321.177,0.95276,HIGH
EVT_86844,23383,96318,2.358,13.469,162.7,494.596,0.72943,MEDIUM
EVT_86845,43098,82281,22.033,10.677,96.7,453.887,0.14471,SAFE
EVT_86846,45985,82127,3.18,6.458,112.5,480.565,0.30113,MEDIUM
EVT_86847,46166,81701,0.503,14.463,149.4,472.728,0.81965,HIGH
EVT_86848,45349,88818,1.483,5.494,153.8,337.502,0.92047,HIGH
EVT_86849,26813,95835,13.689,10.759,95.8,136.406,0.15545,SAFE
EVT_86850,33446,86411,26.495,10.845,110.4,424.924,0.20648,SAFE
EVT_86851,24359,86416,14.037,7.452,111.7,473.659,0.10461,SAFE
EVT_86852,23895,99197,0.938,6.027,21.0,157.293,0.65994,MEDIUM
EVT_86853,30138,90288,5.086,9.657,61.8,488.555,0.6536,MEDIUM
EVT_86854,34288,85927,12.951,7.232,124.7,180.157,0.24382,SAFE
EVT_86855,27618,93174,8.48,11.72,77.0,254.473,0.63051,MEDIUM
EVT_86856,32197,96435,2.014,10.496,51.0,344.229,0.47516,MEDIUM
EVT_86857,41361,87935,9.805,5.779,20.6,429.278,0.74068,MEDIUM
EVT_86858,44596,90074,6.417,12.28,3.6,166.753,0.53559,MEDIUM
EVT_86859,49648,89953,18.74,5.127,89.7,33.986,0.03417,SAFE
EVT_86860,24968,88525,14.09,9.082,29.9,106.487,0.27659,SAFE
EVT_86861,25282,97478,44.37,10.692,49.2,117.631,0.06933,SAFE
EVT_86862,43937,87473,9.806,13.156,53.1,55.113,0.21175,SAFE
EVT_86863,30724,83637,5.053,5.956,34.0,252.377,0.39832,MEDIUM
EVT_86864,25876,84995,5.379,6.987,44.6,356.626,0.53728,MEDIUM
EVT_86865,32371,87172,8.082,7.352,106.4,469.901,0.30259,MEDIUM
EVT_86866,24850,93396,19.581,5.698,136.1,44.858,0.02777,SAFE
EVT_86867,27574,89972,6.972,5.008,8.9,365.683,0.64397,MEDIUM
EVT_86868,33895,84905,1.083,9.493,63.0,262.791,0.64296,MEDIUM
EVT_86869,43201,83261,1.413,5.336,149.7,78.491,0.28568,SAFE
EVT_86870,44361,99885,58.957,11.913,51.2,246.807,0.19607,SAFE
EVT_86871,45635,80336,10.309,13.386,176.2,16.412,0.27258,SAFE
EVT_86872,21688,97404,43.98,5.816,152.8,310.76,0.09024,SAFE
EVT_86873,44379,98905,11.092,7.583,175.1,398.097,0.08064,SAFE
EVT_86874,21925,94762,6.162,6.833,168.3,455.621,0.68419,MEDIUM
EVT_86875,22121,90752,34.219,11.234,154.5,445.494,0.18272,SAFE
EVT_86876,31028,83099,7.132,11.526,52.1,26.577,0.17029,SAFE
EVT_86877,47032,90219,25.875,11.982,29.2,311.942,0.10706,SAFE
EVT_86878,48985,86933,7.524,6.068,13.6,325.765,0.50689,MEDIUM
EVT_86879,48011,87443,27.466,10.519,58.0,390.165,0.2777,SAFE
EVT_86880,44401,97436,4.199,8.845,99.4,251.663,0.56835,MEDIUM
EVT_86881,38565,97477,10.636,10.864,86.0,177.479,0.15852,SAFE
EVT_86882,30296,80397,1.135,11.131,119.5,12.657,0.13078,SAFE
EVT_86883,34603,89764,13.813,14.006,134.8,386.925,0.14666,SAFE
EVT_86884,38136,92920,10.388,14.96,160.0,314.36,0.13467,SAFE
EVT_86885,40832,90072,12.137,6.334,46.3,454.417,0.15976,SAFE
EVT_86886,27072,90327,0.616,11.851,136.3,187.923,0.63179,MEDIUM
EVT_86887,32203,95304,12.029,7.188,157.8,95.899,0.26267,SAFE
EVT_86888,35032,87111,2.109,11.201,80.9,21.852,0.04547,SAFE
EVT_86889,30167,81435,11.214,10.578,68.6,184.696,0.0319,SAFE
EVT_86890,29363,96232,27.158,14.042,106.7,105.063,0.17948,SAFE
EVT_86891,25117,80551,34.711,9.593,66.2,351.143,0.25486,SAFE
EVT_86892,37168,83797,26.486,10.714,25.7,340.216,0.0564,SAFE
EVT_86893,24309,94802,3.986,9.484,15.3,240.372,0.51948,MEDIUM
EVT_86894,28076,89975,45.683,13.842,35.3,171.93,0.16227,SAFE
EVT_86895,49619,88280,4.756,10.075,72.9,226.194,0.53663,MEDIUM
EVT_86896,40046,98546,3.827,13.411,160.7,211.427,0.70007,MEDIUM
EVT_86897,24160,80874,20.821,6.487,138.8,40.247,0.03518,SAFE
EVT_86898,20916,98261,4.924,7.772,128.5,41.772,0.11033,SAFE
EVT_86899,25914,91989,30.874,11.486,89.3,440.49,0.09397,SAFE
EVT_86900,48332,93036,9.624,9.188,59.1,29.678,0.18406,SAFE
EVT_86901,37331,96130,39.43,11.487,131.4,94.3,0.1669,SAFE
EVT_86902,46025,83863,12.083,13.216,72.5,180.16,0.08691,SAFE
EVT_86903,45573,86787,6.537,5.857,121.2,270.562,0.43649,MEDIUM
EVT_86904,20739,94056,22.992,12.501,155.3,434.429,0.04695,SAFE
EVT_86905,30730,86337,10.824,11.838,79.5,245.525,0.12215,SAFE
EVT_86906,31464,89915,22.813,8.132,55.2,316.846,0.11172,SAFE
EVT_86907,36226,93763,66.427,6.807,163.9,297.346,0.26936,SAFE
EVT_86908,21480,90467,22.402,11.706,12.4,212.098,0.00836,SAFE
EVT_86909,49833,98336,6.94,14.056,52.5,25.03,0.0309,SAFE
EVT_86910,34866,85224,1.425,14.919,149.7,174.799,0.39305,MEDIUM
EVT_86911,26664,83015,10.367,11.502,52.5,386.917,0.17952,SAFE
EVT_86912,25545,87172,4.261,10.262,53.2,165.249,0.74617,MEDIUM
EVT_86913,42563,92337,65.162,7.882,35.2,102.851,0.04278,SAFE
EVT_86914,44761,93815,37.523,8.187,29.3,406.337,0.06927,SAFE
EVT_86915,41823,82046,4.633,14.967,33.7,115.277,0.31441,MEDIUM
EVT_86916,25889,85841,6.651,7.309,158.2,363.881,0.57584,MEDIUM
EVT_86917,35041,88296,1.572,14.643,154.5,303.438,0.86161,HIGH
EVT_86918,22256,86816,18.39,6.441,28.1,310.894,0.08056,SAFE
EVT_86919,44538,83526,0.135,8.326,151.2,375.896,0.87909,HIGH
EVT_86920,24732,91754,12.719,11.061,125.7,121.176,0.09608,SAFE
EVT_86921,37801,98340,71.781,6.357,131.8,462.647,0.19661,SAFE
EVT_86922,28241,85477,11.755,7.963,38.8,272.522,0.27895,SAFE
EVT_86923,22633,82374,10.655,13.999,177.5,320.488,0.01645,SAFE
EVT_86924,49508,91279,6.383,14.29,117.9,123.174,0.40152,MEDIUM
EVT_86925,30814,81010,2.781,13.393,125.0,410.468,0.786,MEDIUM
EVT_86926,22902,81588,0.717,8.4,15.8,177.636,0.66251,MEDIUM
EVT_86927,23257,95028,9.756,11.358,113.5,461.963,0.43529,MEDIUM
EVT_86928,39793,99799,2.966,6.322,62.8,352.895,0.68834,MEDIUM
EVT_86929,28307,80263,34.714,7.374,72.3,133.444,0.06103,SAFE
EVT_86930,29691,81581,27.342,5.769,89.1,479.895,0.06989,SAFE
EVT_86931,46991,81054,15.194,6.329,6.0,147.71,0.22275,SAFE
EVT_86932,49341,96659,4.161,12.168,45.9,303.129,0.49842,MEDIUM
EVT_86933,28811,98833,12.119,11.231,8.7,319.873,0.24314,SAFE
EVT_86934,34308,98202,17.026,7.354,18.8,442.037,0.10142,SAFE
EVT_86935,31965,89739,9.468,8.305,172.4,414.525,0.62108,MEDIUM
EVT_86936,35940,82361,39.862,7.119,112.6,445.923,0.04219,SAFE
EVT_86937,37730,89833,5.81,11.342,85.9,68.646,0.24649,SAFE
EVT_86938,32959,81366,15.599,6.579,106.4,35.31,0.25117,SAFE
EVT_86939,36178,89496,8.413,13.345,3.3,91.501,0.17199,SAFE
EVT_86940,47700,99641,20.832,12.133,32.3,261.875,0.18128,SAFE
EVT_86941,27076,81973,5.06,10.605,117.6,422.79,0.31467,MEDIUM
EVT_86942,47165,99881,2.333,7.617,116.8,372.365,0.57238,MEDIUM
EVT_86943,43140,80335,2.385,14.264,134.1,255.324,0.6375,MEDIUM
EVT_86944,40964,87097,16.275,8.172,106.5,171.177,0.0944,SAFE
EVT_86945,30712,85212,18.016,11.685,16.4,401.236,0.1216,SAFE
EVT_86946,36602,93838,0.181,14.759,132.7,499.903,0.90602,HIGH
EVT_86947,35209,91559,7.297,7.527,122.6,415.979,0.36643,MEDIUM
EVT_86948,48202,97943,13.383,8.34,16.2,144.406,0.0905,SAFE
EVT_86949,24521,90544,8.655,11.238,45.3,316.257,0.69143,MEDIUM
EVT_86950,46636,89215,31.534,10.214,19.0,387.811,0.24173,SAFE
EVT_86951,38217,83807,5.218,11.503,49.6,69.444,0.25224,SAFE
EVT_86952,35353,90595,16.052,13.775,90.2,177.565,0.10954,SAFE
EVT_86953,36188,95202,19.134,8.661,157.3,402.998,0.19323,SAFE
EVT_86954,28355,98112,1.873,9.776,76.2,83.741,0.28894,SAFE
EVT_86955,29256,83615,15.091,5.864,95.7,345.119,0.19516,SAFE
EVT_86956,21268,97947,19.984,10.483,172.7,276.92,0.16673,SAFE
EVT_86957,21350,99568,15.385,12.733,175.6,454.779,0.14512,SAFE
EVT_86958,37732,85738,1.181,13.788,86.3,305.275,0.83043,HIGH
EVT_86959,49420,86104,34.494,7.332,18.2,67.874,0.26573,SAFE
EVT_86960,28634,80815,14.403,5.112,12.8,483.84,0.1386,SAFE
EVT_86961,38566,85557,18.494,14.676,94.5,300.667,0.08506,SAFE
EVT_86962,41815,95797,85.83,11.191,132.5,403.318,0.26093,SAFE
EVT_86963,30565,94102,34.162,5.71,64.4,184.087,0.10516,SAFE
EVT_86964,41287,85664,25.294,5.405,177.9,181.434,0.04646,SAFE
EVT_86965,25732,96054,11.269,12.404,130.9,295.546,0.10882,SAFE
EVT_86966,22011,95599,30.25,13.447,95.3,150.006,0.19954,SAFE
EVT_86967,46262,85089,37.125,6.611,152.7,465.375,0.26866,SAFE
EVT_86968,25139,84078,1.674,14.051,61.0,43.953,0.25653,SAFE
EVT_86969,48866,91447,34.617,10.33,14.1,349.011,0.2238,SAFE
EVT_86970,24792,88764,14.903,9.167,36.0,431.146,0.22396,SAFE
EVT_86971,49950,94935,1.143,5.642,61.5,18.512,0.21887,SAFE
EVT_86972,48802,80116,23.352,11.986,134.5,146.442,0.22235,SAFE
EVT_86973,30893,97829,26.647,11.323,119.5,86.181,0.06648,SAFE
EVT_86974,40510,91047,8.286,10.577,115.3,296.005,0.65041,MEDIUM
EVT_86975,26644,80168,9.606,11.948,8.0,381.472,0.65669,MEDIUM
EVT_86976,28816,83171,69.437,6.765,40.1,400.346,0.28227,SAFE
EVT_86977,33467,97083,24.63,10.791,145.8,31.356,0.11576,SAFE
EVT_86978,38892,93998,17.43,10.491,163.4,416.551,0.18473,SAFE
EVT_86979,37968,87454,15.835,5.165,120.9,477.697,0.26729,SAFE
EVT_86980,26081,81470,0.094,12.159,166.6,39.17,0.17303,SAFE
EVT_86981,35158,98795,4.564,12.301,170.0,350.761,0.45479,MEDIUM
EVT_86982,21198,87681,10.898,5.166,43.1,197.799,0.12612,SAFE
EVT_86983,35262,85182,3.86,13.678,62.3,194.769,0.67093,MEDIUM
EVT_86984,23265,96046,71.225,8.889,104.0,466.397,0.14992,SAFE
EVT_86985,37147,95267,10.633,7.165,157.4,386.537,0.23968,SAFE
EVT_86986,43549,81207,64.136,9.78,162.2,338.231,0.03966,SAFE
EVT_86987,48370,82944,3.58,14.735,142.2,67.982,0.26173,SAFE
EVT_86988,45845,81041,3.769,7.241,89.1,141.325,0.7857,MEDIUM
EVT_86989,31181,83147,55.788,7.611,4.5,401.245,0.16367,SAFE
EVT_86990,32243,87724,0.678,6.674,54.6,62.86,0.0197,SAFE
EVT_86991,27548,98718,12.222,10.447,124.9,159.901,0.13265,SAFE
EVT_86992,21733,99490,10.107,5.097,130.5,43.612,0.14832,SAFE
EVT_86993,27180,84756,14.569,12.32,107.4,459.369,0.23547,SAFE
EVT_86994,49135,85432,67.252,13.585,129.7,36.679,0.19859,SAFE
EVT_86995,25266,86375,12.015,13.34,175.3,451.99,0.02273,SAFE
EVT_86996,34693,82062,8.677,9.769,64.8,329.587,0.55484,MEDIUM
EVT_86997,25686,98749,7.105,14.585,121.1,440.779,0.38841,MEDIUM
EVT_86998,29835,83672,25.982,7.432,91.0,228.244,0.10759,SAFE
EVT_86999,36395,90710,71.75,10.374,158.4,70.234,0.26847,SAFE
EVT_87000,36918,89202,8.343,6.908,48.1,58.548,0.08476,SAFE
EVT_87001,29363,86613,54.438,12.117,11.4,213.096,0.08175,SAFE
EVT_87002,40317,91873,23.494,6.389,117.2,380.358,0.27211,SAFE
EVT_87003,26337,86006,11.066,9.877,12.6,360.179,0.01988,SAFE
EVT_87004,45191,90190,23.349,10.84,174.2,85.874,0.03237,SAFE
EVT_87005,49624,82672,16.578,6.409,179.2,217.585,0.25467,SAFE
EVT_87006,22548,80689,51.422,8.516,48.0,102.998,0.13064,SAFE
EVT_87007,20222,89670,2.611,7.867,32.7,336.94,0.7065,MEDIUM
EVT_87008,35219,96575,19.942,12.732,162.0,105.07,0.01502,SAFE
EVT_87009,28298,93575,13.617,10.708,60.5,426.543,0.27515,SAFE
EVT_87010,37445,98792,6.435,11.705,97.1,34.249,0.16144,SAFE
EVT_87011,40974,91213,30.444,6.207,91.8,223.988,0.23258,SAFE
EVT_87012,20479,82768,11.528,8.983,158.0,293.621,0.16465,SAFE
EVT_87013,24917,82613,9.59,13.398,79.5,278.757,0.74322,MEDIUM
EVT_87014,41838,94790,23.412,5.51,17.7,16.563,0.02779,SAFE
EVT_87015,38217,95481,20.317,9.088,104.3,70.59,0.21594,SAFE
EVT_87016,25570,92153,12.414,5.93,111.1,64.995,0.03641,SAFE
EVT_87017,23912,98896,26.151,5.161,165.7,287.32,0.17059,SAFE
EVT_87018,43869,86494,19.564,12.085,68.8,275.74,0.19165,SAFE
EVT_87019,28269,90489,18.87,5.319,173.4,139.172,0.07802,SAFE
EVT_87020,25411,97528,16.299,10.05,161.4,49.196,0.28124,SAFE
EVT_87021,33602,96203,11.393,13.548,173.6,392.307,0.03658,SAFE
EVT_87022,43653,99268,27.38,11.015,1.0,16.063,0.08359,SAFE
EVT_87023,35888,80893,1.503,5.78,119.4,114.101,0.39726,MEDIUM
EVT_87024,39529,98008,20.768,7.371,72.0,61.49,0.27921,SAFE
EVT_87025,42363,89443,9.505,11.322,28.8,144.178,0.40971,MEDIUM
EVT_87026,47010,90033,21.849,6.319,176.2,399.847,0.23323,SAFE
EVT_87027,20594,93505,1.412,14.714,142.0,472.977,0.9455,HIGH
EVT_87028,20765,83529,25.434,8.31,8.8,498.042,0.05885,SAFE
EVT_87029,41441,86552,0.869,7.329,141.8,448.174,0.98253,HIGH
EVT_87030,24650,95495,18.096,13.941,178.4,273.052,0.04597,SAFE
EVT_87031,34265,94263,40.235,10.343,124.1,22.811,0.26202,SAFE
EVT_87032,21891,88388,14.419,7.203,131.9,75.74,0.14888,SAFE
EVT_87033,36363,96547,6.69,14.276,80.3,74.52,0.16899,SAFE
EVT_87034,27054,96617,1.86,13.858,49.5,332.867,0.81476,HIGH
EVT_87035,31604,81213,16.676,10.052,159.2,135.733,0.05936,SAFE
EVT_87036,26733,89612,0.058,13.3,158.2,94.652,0.23941,SAFE
EVT_87037,43211,81922,12.393,7.367,144.4,101.689,0.04468,SAFE
EVT_87038,27259,92591,5.925,10.262,89.4,256.166,0.4756,MEDIUM
EVT_87039,46469,86998,26.395,11.654,74.9,16.747,0.0686,SAFE
EVT_87040,39608,99534,22.155,12.903,87.5,330.048,0.19872,SAFE
EVT_87041,40676,88327,10.608,12.478,172.7,285.214,0.22439,SAFE
EVT_87042,40833,84544,4.309,12.655,100.9,467.365,0.78247,MEDIUM
EVT_87043,35133,91332,5.097,9.872,163.2,170.963,0.55704,MEDIUM
EVT_87044,26295,93017,6.28,7.262,160.6,471.685,0.36294,MEDIUM
EVT_87045,39543,94240,14.792,5.317,37.8,283.767,0.20091,SAFE
EVT_87046,43569,91463,12.806,10.578,141.2,92.647,0.13786,SAFE
EVT_87047,20155,86314,26.533,14.92,21.5,239.119,0.22302,SAFE
EVT_87048,21416,93257,1.829,8.835,98.3,51.605,0.28381,SAFE
EVT_87049,43578,80721,14.484,8.518,127.7,50.048,0.22022,SAFE
EVT_87050,49413,91610,82.298,11.085,147.9,472.733,0.28219,SAFE
EVT_87051,48448,83330,3.318,9.17,131.4,156.66,0.78828,MEDIUM
EVT_87052,24229,81364,1.379,8.048,25.4,355.553,0.82602,HIGH
EVT_87053,21218,94060,21.65,10.305,110.6,423.007,0.13445,SAFE
EVT_87054,44664,88423,18.093,9.09,147.4,146.74,0.10655,SAFE
EVT_87055,41921,80076,5.37,8.921,114.3,307.345,0.37773,MEDIUM
EVT_87056,43908,93531,1.421,10.72,51.9,457.164,0.86862,HIGH
EVT_87057,21059,86304,34.069,9.195,163.6,465.729,0.26913,SAFE
EVT_87058,26350,94185,17.539,8.622,54.1,115.227,0.13792,SAFE
EVT_87059,40730,95513,10.056,11.5,95.2,127.819,0.07108,SAFE
EVT_87060,46110,91444,8.906,13.387,83.6,182.932,0.67461,MEDIUM
EVT_87061,43125,86197,23.346,5.446,173.3,73.487,0.07757,SAFE
EVT_87062,24253,86588,30.79,13.925,103.4,190.376,0.24057,SAFE
EVT_87063,35035,94757,15.703,12.516,93.1,482.201,0.2594,SAFE
EVT_87064,42542,90457,21.81,5.558,12.4,452.118,0.27387,SAFE
EVT_87065,31119,86716,4.513,7.7,168.5,462.105,0.7765,MEDIUM
EVT_87066,39995,83987,4.977,5.388,79.5,223.133,0.62926,MEDIUM
EVT_87067,23752,85417,26.309,8.199,161.7,168.74,0.27159,SAFE
EVT_87068,35926,80917,12.629,14.675,148.1,250.802,0.10594,SAFE
EVT_87069,41953,93854,10.239,7.872,154.4,417.665,0.00562,SAFE
EVT_87070,31565,82382,9.865,14.878,17.9,273.063,0.4431,MEDIUM
EVT_87071,29226,91520,5.056,7.538,131.5,350.708,0.35249,MEDIUM
EVT_87072,37929,89976,6.756,7.53,46.5,381.872,0.49845,MEDIUM
EVT_87073,28463,96805,9.288,11.031,63.9,270.906,0.63811,MEDIUM
EVT_87074,43721,89217,0.081,14.444,105.1,315.325,0.977,HIGH
EVT_87075,23949,83150,0.646,11.297,84.8,284.27,0.40871,MEDIUM
EVT_87076,46154,83617,21.187,6.854,80.3,327.593,0.08296,SAFE
EVT_87077,37831,97104,17.522,14.427,45.1,375.287,0.11613,SAFE
EVT_87078,24263,94994,31.388,6.085,104.8,494.81,0.20074,SAFE
EVT_87079,29887,93556,37.4,9.813,125.6,236.984,0.28578,SAFE
EVT_87080,25697,88293,13.579,8.081,99.7,75.107,0.10639,SAFE
EVT_87081,35706,88237,24.838,13.422,148.4,20.477,0.23023,SAFE
EVT_87082,48303,91053,12.51,12.044,169.5,92.654,0.25556,SAFE
EVT_87083,32012,85646,12.263,7.893,95.6,450.284,0.09132,SAFE
EVT_87084,35182,81333,0.415,11.864,35.6,335.742,0.91716,HIGH
EVT_87085,32599,93400,5.843,7.917,124.1,276.833,0.52878,MEDIUM
EVT_87086,24143,98529,9.181,14.017,153.3,319.194,0.33125,MEDIUM
EVT_87087,23240,84373,36.346,14.557,29.0,118.573,0.04212,SAFE
EVT_87088,43595,92565,6.841,6.38,177.1,264.851,0.43066,MEDIUM
EVT_87089,25660,97930,9.152,7.75,151.7,155.678,0.7899,MEDIUM
EVT_87090,34987,95757,38.329,13.986,165.3,42.617,0.02879,SAFE
EVT_87091,23948,86777,5.355,8.039,101.0,451.929,0.57432,MEDIUM
EVT_87092,38174,87244,2.422,9.654,71.5,171.317,0.63757,MEDIUM
EVT_87093,32779,88354,10.52,6.625,70.7,372.228,0.11732,SAFE
EVT_87094,34220,88163,5.957,5.414,129.5,269.014,0.69623,MEDIUM
EVT_87095,27659,94673,9.731,5.896,22.0,445.467,0.56063,MEDIUM
EVT_87096,21764,86197,33.089,13.522,61.0,147.202,0.18834,SAFE
EVT_87097,48297,95080,11.987,8.916,92.5,239.034,0.25966,SAFE
EVT_87098,31517,82841,28.179,6.913,35.8,72.405,0.19335,SAFE
EVT_87099,38863,87393,1.763,9.041,72.9,253.872,0.38669,MEDIUM
EVT_87100,31037,84050,26.14,6.643,87.8,454.126,0.00915,SAFE
EVT_87101,31469,87512,8.959,7.838,44.0,312.282,0.50646,MEDIUM
EVT_87102,20103,85492,2.339,9.208,38.0,482.44,0.5645,MEDIUM
EVT_87103,28379,81336,23.323,5.145,180.0,475.082,0.21427,SAFE
EVT_87104,27949,87306,38.866,8.364,134.7,393.928,0.22982,SAFE
EVT_87105,29271,90736,1.31,12.068,58.0,424.874,0.91356,HIGH
EVT_87106,40807,89246,2.993,11.615,30.4,336.606,0.34161,MEDIUM
EVT_87107,30116,85508,72.981,5.371,172.6,284.19,0.16288,SAFE
EVT_87108,36934,94631,21.268,7.952,160.7,36.33,0.043,SAFE
EVT_87109,27901,96836,8.416,5.233,177.4,120.504,0.48963,MEDIUM
EVT_87110,33328,95656,28.018,12.851,173.2,357.576,0.20101,SAFE
EVT_87111,49530,93151,4.675,10.55,53.4,350.658,0.66907,MEDIUM
EVT_87112,20943,97118,2.908,9.056,25.6,98.117,0.09538,SAFE
EVT_87113,23362,94883,4.038,6.487,35.1,357.771,0.56258,MEDIUM
EVT_87114,25594,91250,19.851,13.057,149.2,169.679,0.10203,SAFE
EVT_87115,40103,89188,1.725,8.838,25.9,458.88,0.89892,HIGH
EVT_87116,32787,86433,19.719,13.761,124.6,31.61,0.27295,SAFE
EVT_87117,29040,99029,22.478,7.13,124.7,46.572,0.18116,SAFE
EVT_87118,35438,86685,7.112,7.731,88.5,169.075,0.36603,MEDIUM
EVT_87119,26429,84251,16.108,14.748,148.6,266.159,0.12707,SAFE
EVT_87120,41683,92706,11.94,10.522,71.9,141.412,0.19632,SAFE
EVT_87121,33763,94636,8.267,13.513,23.6,291.187,0.3347,MEDIUM
EVT_87122,45991,96298,3.181,9.457,126.9,307.038,0.36973,MEDIUM
EVT_87123,41820,96984,8.208,13.62,1.2,179.558,0.52665,MEDIUM
EVT_87124,44059,81318,0.951,9.599,134.8,425.073,0.94882,HIGH
EVT_87125,34952,85711,5.916,12.098,104.1,194.956,0.48311,MEDIUM
EVT_87126,48622,94652,3.034,5.368,50.9,425.086,0.67303,MEDIUM
EVT_87127,22577,93094,91.701,8.495,106.1,202.711,0.09581,SAFE
EVT_87128,49556,90350,27.833,10.65,68.1,138.302,0.07628,SAFE
EVT_87129,44248,80969,31.475,14.543,55.9,92.504,0.04148,SAFE
EVT_87130,26198,87407,8.686,11.701,113.9,14.41,0.07675,SAFE
EVT_87131,48705,86857,11.568,12.188,128.5,394.773,0.26431,SAFE
EVT_87132,49009,80142,1.75,8.954,86.4,99.376,0.12368,SAFE
EVT_87133,37102,85933,15.243,12.83,29.8,25.67,0.26469,SAFE
EVT_87134,20812,94384,3.374,7.355,159.8,230.15,0.42424,MEDIUM
EVT_87135,34692,98388,14.805,10.389,86.3,12.903,0.27329,SAFE
EVT_87136,24594,81462,23.619,7.71,151.2,497.997,0.05204,SAFE
EVT_87137,45964,97122,2.752,9.728,170.1,336.994,0.6956,MEDIUM
EVT_87138,27186,87667,3.043,13.53,17.6,128.886,0.50987,MEDIUM
EVT_87139,39617,97365,18.483,9.555,130.6,106.406,0.1699,SAFE
EVT_87140,25038,81477,7.576,11.858,60.6,419.716,0.6612,MEDIUM
EVT_87141,37657,96057,7.839,9.23,137.9,375.485,0.47622,MEDIUM
EVT_87142,30508,95295,17.981,13.342,121.0,245.463,0.25979,SAFE
EVT_87143,21546,81099,7.527,9.362,41.0,443.852,0.65497,MEDIUM
EVT_87144,43822,99861,13.528,7.659,120.1,186.41,0.08187,SAFE
EVT_87145,31862,85011,6.372,6.0,146.9,263.61,0.50009,MEDIUM
EVT_87146,39221,84752,3.624,12.86,117.5,21.872,0.26679,SAFE
EVT_87147,27796,89732,8.211,5.95,44.4,67.428,0.03623,SAFE
EVT_87148,20495,82906,2.067,8.876,160.4,287.711,0.45484,MEDIUM
EVT_87149,34019,88988,8.108,8.701,178.0,421.411,0.58711,MEDIUM
EVT_87150,29100,89206,21.939,7.968,26.1,455.518,0.15284,SAFE
EVT_87151,43037,87611,12.968,12.947,51.7,394.649,0.00604,SAFE
EVT_87152,25387,81740,38.314,11.347,104.3,459.428,0.03029,SAFE
EVT_87153,41643,81429,61.484,13.84,81.9,451.144,0.23432,SAFE
EVT_87154,43812,93647,25.445,8.776,158.0,358.262,0.03447,SAFE
EVT_87155,45742,96810,12.053,12.744,129.7,491.18,0.23069,SAFE
EVT_87156,46180,85071,16.123,6.063,116.1,339.188,0.17297,SAFE
EVT_87157,44469,88083,38.51,8.245,58.7,182.129,0.22521,SAFE
EVT_87158,26728,88356,9.475,7.516,175.6,78.302,0.08457,SAFE
EVT_87159,31377,84056,8.376,11.963,65.1,362.938,0.40274,MEDIUM
EVT_87160,47906,95359,24.108,5.551,112.2,250.825,0.08846,SAFE
EVT_87161,32355,91310,4.943,10.261,72.3,45.188,0.20158,SAFE
EVT_87162,25805,82458,9.474,9.772,150.5,451.148,0.72087,MEDIUM
EVT_87163,37139,95049,0.224,7.889,166.7,226.541,0.43581,MEDIUM
EVT_87164,33755,93101,8.049,14.865,112.4,172.789,0.5969,MEDIUM
EVT_87165,49614,84415,8.375,9.777,38.1,486.174,0.39511,MEDIUM
EVT_87166,35488,97945,1.501,10.586,52.6,114.28,0.49303,MEDIUM
EVT_87167,22980,89965,3.66,11.004,156.1,446.481,0.362,MEDIUM
EVT_87168,35337,96346,1.351,5.75,43.7,403.85,0.80867,HIGH
EVT_87169,35957,85978,5.371,10.987,159.9,60.331,0.18405,SAFE
EVT_87170,30280,96288,3.39,8.918,108.7,167.596,0.33905,MEDIUM
EVT_87171,38253,91852,8.499,11.532,18.2,471.423,0.72475,MEDIUM
EVT_87172,22237,83976,20.798,5.454,43.6,126.886,0.24674,SAFE
EVT_87173,44826,94146,1.32,10.496,104.7,355.774,0.96992,HIGH
EVT_87174,32345,84189,3.964,9.917,167.0,306.651,0.5165,MEDIUM
EVT_87175,27991,93451,6.045,7.719,78.3,126.891,0.71227,MEDIUM
EVT_87176,38013,81237,8.611,11.627,153.4,262.942,0.68564,MEDIUM
EVT_87177,26974,81567,6.982,5.363,47.7,294.685,0.47997,MEDIUM
EVT_87178,25376,93018,3.171,10.914,120.7,264.598,0.53931,MEDIUM
EVT_87179,24442,86890,44.815,13.55,93.9,123.207,0.17992,SAFE
EVT_87180,20093,85570,2.463,13.302,90.2,267.546,0.36673,MEDIUM
EVT_87181,29308,96275,8.284,8.28,51.7,162.819,0.74705,MEDIUM
EVT_87182,42721,99679,0.672,7.777,112.3,280.034,0.67051,MEDIUM
EVT_87183,43913,80947,2.535,14.633,53.9,345.648,0.32486,MEDIUM
EVT_87184,42252,98504,4.426,12.91,113.6,175.846,0.49054,MEDIUM
EVT_87185,39116,82082,15.68,12.847,2.0,391.527,0.10229,SAFE
EVT_87186,28529,94391,8.945,10.669,153.5,129.504,0.72109,MEDIUM
EVT_87187,30900,86352,2.437,7.989,97.3,205.553,0.36965,MEDIUM
EVT_87188,43263,89612,12.75,8.987,64.3,99.588,0.18997,SAFE
EVT_87189,37974,95067,4.593,5.087,21.9,282.872,0.52648,MEDIUM
EVT_87190,46178,97883,7.36,8.5,42.1,180.868,0.61138,MEDIUM
EVT_87191,23867,80024,7.877,8.589,10.6,107.843,0.5642,MEDIUM
EVT_87192,35580,97110,8.04,12.448,3.3,373.312,0.35332,MEDIUM
EVT_87193,26093,90329,3.208,14.391,89.9,168.729,0.34693,MEDIUM
EVT_87194,36903,88959,3.849,10.012,22.2,361.843,0.70881,MEDIUM
EVT_87195,23551,95020,6.666,9.757,68.9,499.31,0.63789,MEDIUM
EVT_87196,37989,99945,0.006,11.588,130.0,20.331,0.07936,SAFE
EVT_87197,21238,92058,22.664,13.779,169.6,85.461,0.01289,SAFE
EVT_87198,23508,89597,1.687,9.233,153.1,31.976,0.15402,SAFE
EVT_87199,33920,97475,17.344,8.592,23.9,479.49,0.01014,SAFE
EVT_87200,24572,83799,0.209,5.877,51.8,384.406,0.91821,HIGH
EVT_87201,28960,99287,3.251,5.47,5.0,124.747,0.39297,MEDIUM
EVT_87202,34563,80800,26.811,7.524,119.7,252.723,0.00926,SAFE
EVT_87203,44738,94810,2.726,9.55,138.2,181.135,0.44141,MEDIUM
EVT_87204,39904,85466,19.064,7.088,101.3,52.311,0.15465,SAFE
EVT_87205,38958,95380,7.395,12.663,93.9,146.316,0.42868,MEDIUM
EVT_87206,35618,81929,24.778,8.447,40.6,275.903,0.04718,SAFE
EVT_87207,31435,82883,7.408,13.218,5.8,81.106,0.26222,SAFE
EVT_87208,37320,88841,4.725,11.154,73.2,362.68,0.66328,MEDIUM
EVT_87209,24600,88761,4.865,14.598,153.3,239.306,0.70235,MEDIUM
EVT_87210,49913,99975,1.19,7.589,41.9,338.727,0.88751,HIGH
EVT_87211,22560,81008,25.166,14.939,3.4,322.752,0.02981,SAFE
EVT_87212,44521,91678,12.726,11.448,27.9,295.99,0.02922,SAFE
EVT_87213,28294,82752,10.297,10.612,41.3,393.883,0.03544,SAFE
EVT_87214,29329,84215,6.454,9.458,128.2,471.492,0.50777,MEDIUM
EVT_87215,29006,92359,15.249,10.437,148.0,226.727,0.26558,SAFE
EVT_87216,23868,87231,39.921,13.157,9.8,482.558,0.27295,SAFE
EVT_87217,39439,85696,21.905,11.049,112.0,33.821,0.02246,SAFE
EVT_87218,27218,85255,25.965,11.408,75.2,233.903,0.21798,SAFE
EVT_87219,49738,98879,24.268,7.477,118.1,81.93,0.18596,SAFE
EVT_87220,23035,84711,4.141,5.307,26.6,85.373,0.11887,SAFE
EVT_87221,49105,93313,12.674,9.663,40.2,78.608,0.20356,SAFE
EVT_87222,42567,99598,4.19,12.959,86.1,178.541,0.30058,MEDIUM
EVT_87223,27362,87596,6.795,9.546,77.6,329.78,0.57724,MEDIUM
EVT_87224,29339,94017,24.196,13.547,14.1,443.288,0.22131,SAFE
EVT_87225,43598,90246,0.742,13.183,68.8,309.799,0.95451,HIGH
EVT_87226,49367,90791,9.582,13.485,175.8,423.389,0.41906,MEDIUM
EVT_87227,46939,82784,3.162,12.898,162.1,375.692,0.60266,MEDIUM
EVT_87228,42309,95822,11.682,8.885,157.9,395.434,0.25334,SAFE
EVT_87229,32342,96284,3.301,8.159,62.6,255.329,0.55001,MEDIUM
EVT_87230,29925,80845,0.921,8.78,84.2,411.52,0.83889,HIGH
EVT_87231,45033,88526,6.901,9.033,86.9,240.174,0.37877,MEDIUM
EVT_87232,31328,91934,22.884,6.636,52.2,184.833,0.03848,SAFE
EVT_87233,43048,83033,20.096,11.183,66.1,490.942,0.08588,SAFE
EVT_87234,44330,92933,62.188,14.675,130.6,117.068,0.12298,SAFE
EVT_87235,20433,83528,10.631,8.611,123.1,483.986,0.11349,SAFE
EVT_87236,44238,96335,7.512,13.163,75.0,314.321,0.31971,MEDIUM
EVT_87237,38726,96640,13.107,5.756,25.0,239.788,0.00028,SAFE
EVT_87238,22534,84593,22.592,11.082,113.5,82.335,0.00094,SAFE
EVT_87239,38386,93172,10.783,7.381,109.8,472.134,0.21621,SAFE
EVT_87240,44669,97486,41.57,8.662,124.3,292.081,0.20194,SAFE
EVT_87241,48703,80626,8.484,9.263,127.4,194.762,0.35609,MEDIUM
EVT_87242,47325,97364,0.307,9.15,25.7,425.262,0.845,HIGH
EVT_87243,39400,88294,6.674,14.322,135.0,282.084,0.42297,MEDIUM
EVT_87244,28297,83167,22.196,5.019,11.0,354.959,0.05863,SAFE
EVT_87245,49063,83925,2.645,5.867,120.3,208.241,0.56374,MEDIUM
EVT_87246,38718,88807,2.355,7.78,49.4,185.898,0.54226,MEDIUM
EVT_87247,21850,92467,36.38,12.646,32.1,235.917,0.00148,SAFE
EVT_87248,46186,84223,10.201,6.884,143.8,421.457,0.19028,SAFE
EVT_87249,30176,85202,6.503,11.905,175.7,405.78,0.55898,MEDIUM
EVT_87250,42720,97596,17.87,6.878,169.5,150.945,0.04187,SAFE
EVT_87251,40228,93784,13.998,9.538,80.0,295.189,0.2628,SAFE
EVT_87252,32835,82406,13.472,13.059,175.9,367.837,0.20009,SAFE
EVT_87253,22010,85756,15.386,8.248,77.0,83.388,0.26712,SAFE
EVT_87254,33936,90347,0.186,11.46,33.9,77.49,0.10468,SAFE
EVT_87255,46586,98090,28.562,7.416,136.4,141.626,0.05206,SAFE
EVT_87256,39875,89426,11.573,8.498,86.2,390.568,0.14708,SAFE
EVT_87257,29277,86211,48.381,9.166,82.8,142.744,0.05705,SAFE
EVT_87258,36258,98810,0.401,13.468,93.2,165.759,0.52569,MEDIUM
EVT_87259,35523,88753,3.968,11.689,132.6,441.35,0.70559,MEDIUM
EVT_87260,46917,89245,14.726,8.739,164.3,62.141,0.16815,SAFE
EVT_87261,40324,99507,70.88,12.426,174.4,365.127,0.2559,SAFE
EVT_87262,31864,81645,15.086,13.923,116.1,18.382,0.2593,SAFE
EVT_87263,49762,82117,21.879,11.723,28.8,304.642,0.16988,SAFE
EVT_87264,31190,86815,36.517,11.664,64.0,428.702,0.27471,SAFE
EVT_87265,22047,85241,34.592,9.951,42.4,428.981,0.10443,SAFE
EVT_87266,33085,88841,15.131,13.661,71.2,404.948,0.19995,SAFE
EVT_87267,22159,98495,6.728,10.118,109.3,396.843,0.65575,MEDIUM
EVT_87268,20192,99096,67.873,12.768,86.0,93.13,0.01924,SAFE
EVT_87269,23539,83395,4.801,8.748,17.0,268.043,0.33371,MEDIUM
EVT_87270,43897,89170,1.913,14.812,96.0,24.915,0.15158,SAFE
EVT_87271,38705,92863,60.223,11.974,154.7,104.868,0.08842,SAFE
EVT_87272,40876,88183,2.541,8.67,135.2,175.935,0.43807,MEDIUM
EVT_87273,33779,97628,16.729,11.411,167.1,48.83,0.1505,SAFE
EVT_87274,35128,94101,24.98,11.614,29.5,318.68,0.10698,SAFE
EVT_87275,43334,80215,25.671,5.014,16.4,19.548,0.25752,SAFE
EVT_87276,46232,94568,59.463,12.427,112.8,58.331,0.13965,SAFE
EVT_87277,32052,85766,20.845,12.007,145.8,47.428,0.28625,SAFE
EVT_87278,34240,95689,10.66,12.285,149.3,379.248,0.21631,SAFE
EVT_87279,37725,90190,4.528,7.161,22.1,362.593,0.35235,MEDIUM
EVT_87280,27505,81041,40.282,5.624,21.4,272.25,0.12098,SAFE
EVT_87281,29821,90861,14.687,14.986,28.7,233.348,0.1916,SAFE
EVT_87282,47181,93282,21.305,13.351,158.1,162.05,0.19361,SAFE
EVT_87283,32782,95289,4.832,8.073,129.4,409.257,0.57006,MEDIUM
EVT_87284,40467,85539,50.004,8.225,10.2,270.44,0.15198,SAFE
EVT_87285,23186,98337,3.615,12.588,155.8,427.574,0.32197,MEDIUM
EVT_87286,32027,99934,13.042,11.33,78.9,391.245,0.23169,SAFE
EVT_87287,23651,90130,9.524,14.963,137.0,406.163,0.33529,MEDIUM
EVT_87288,41613,89356,8.14,13.574,105.9,452.012,0.72774,MEDIUM
EVT_87289,37346,97852,47.019,9.085,88.1,427.471,0.00749,SAFE
EVT_87290,33476,94430,34.864,7.603,147.8,175.005,0.24003,SAFE
EVT_87291,49576,82351,13.145,10.31,105.4,217.811,0.26649,SAFE
EVT_87292,31071,94279,4.377,12.5,150.4,214.556,0.58085,MEDIUM
EVT_87293,35902,96968,8.761,11.843,142.5,248.682,0.44409,MEDIUM
EVT_87294,43918,85184,3.379,7.868,31.5,113.046,0.59307,MEDIUM
EVT_87295,37594,88998,6.49,7.596,63.9,436.823,0.63977,MEDIUM
EVT_87296,41081,83386,1.933,5.25,147.1,468.364,0.9479,HIGH
EVT_87297,35151,92114,0.241,8.986,160.5,151.466,0.56872,MEDIUM
EVT_87298,22455,88355,5.105,11.555,153.1,210.115,0.54468,MEDIUM
EVT_87299,37200,99138,27.94,14.505,76.1,51.3,0.01695,SAFE
EVT_87300,27990,99376,12.303,5.274,171.7,352.075,0.10982,SAFE
EVT_87301,42057,98681,0.668,14.215,107.1,114.173,0.548,MEDIUM
EVT_87302,35143,98960,1.532,11.594,122.2,408.895,0.80968,HIGH
EVT_87303,22488,82812,16.71,14.159,30.1,392.069,0.16954,SAFE
EVT_87304,30829,81621,48.781,8.33,137.0,416.078,0.26102,SAFE
EVT_87305,49007,91026,23.98,9.509,111.6,117.114,0.07693,SAFE
EVT_87306,22059,80321,14.268,13.14,3.0,321.986,0.2251,SAFE
EVT_87307,45451,81003,2.582,10.762,171.6,22.747,0.18803,SAFE
EVT_87308,29840,90060,19.946,9.234,6.4,363.985,0.24103,SAFE
EVT_87309,38755,91134,13.678,12.74,173.6,61.142,0.15545,SAFE
EVT_87310,43345,91825,14.23,14.277,11.9,50.896,0.08765,SAFE
EVT_87311,23788,82222,8.212,7.359,60.4,170.927,0.55198,MEDIUM
EVT_87312,45016,88223,0.219,5.594,117.8,492.207,0.80406,HIGH
EVT_87313,34260,82279,16.099,14.901,65.1,129.082,0.2496,SAFE
EVT_87314,25271,95874,12.897,6.613,48.1,215.253,0.11013,SAFE
EVT_87315,28350,89235,3.648,13.582,180.0,67.205,0.15981,SAFE
EVT_87316,27681,99430,2.779,6.236,68.2,385.436,0.46652,MEDIUM
EVT_87317,46940,84828,53.631,7.866,81.0,99.182,0.08246,SAFE
EVT_87318,20661,96673,38.369,8.189,91.6,303.993,0.13945,SAFE
EVT_87319,28059,96874,26.786,8.095,54.4,110.029,0.07543,SAFE
EVT_87320,43090,80922,6.482,6.738,110.9,135.18,0.68472,MEDIUM
EVT_87321,21459,99983,0.696,6.795,13.8,499.809,0.90428,HIGH
EVT_87322,22100,97413,45.896,11.213,61.1,352.92,0.21748,SAFE
EVT_87323,46988,91315,7.602,5.121,151.9,105.595,0.72255,MEDIUM
EVT_87324,29150,83592,5.974,12.314,79.6,465.288,0.31732,MEDIUM
EVT_87325,28911,88643,23.977,13.69,32.9,33.032,0.00724,SAFE
EVT_87326,45802,87219,28.826,6.715,8.8,262.754,0.2284,SAFE
EVT_87327,41117,87042,64.342,6.068,17.6,21.123,0.00507,SAFE
EVT_87328,26829,82876,6.844,13.902,88.9,334.17,0.71328,MEDIUM
EVT_87329,21611,84564,5.75,14.626,141.8,30.804,0.23147,SAFE
EVT_87330,45958,93632,3.312,8.704,39.6,322.879,0.35006,MEDIUM
EVT_87331,24929,96008,6.005,11.685,168.0,465.182,0.37725,MEDIUM
EVT_87332,29860,87108,1.737,5.268,13.1,366.459,0.93976,HIGH
EVT_87333,27570,94440,6.805,6.984,103.5,267.235,0.34338,MEDIUM
EVT_87334,48544,83525,22.797,11.485,20.5,153.386,0.07683,SAFE
EVT_87335,42720,82799,12.21,10.325,94.4,237.962,0.05386,SAFE
EVT_87336,28325,92332,19.989,12.292,74.7,390.308,0.24217,SAFE
EVT_87337,46453,82069,4.182,9.933,17.0,187.931,0.55576,MEDIUM
EVT_87338,20028,90121,1.83,14.133,59.5,202.317,0.32734,MEDIUM
EVT_87339,33646,87047,13.468,11.005,114.4,34.091,0.24735,SAFE
EVT_87340,47999,87179,16.915,5.174,78.8,40.478,0.0378,SAFE
EVT_87341,30080,87789,17.034,7.598,69.9,144.277,0.06035,SAFE
EVT_87342,48807,99717,4.154,13.754,12.7,208.319,0.76373,MEDIUM
EVT_87343,21777,87525,29.88,12.234,169.7,449.709,0.2742,SAFE
EVT_87344,44674,97202,1.756,14.483,58.3,62.214,0.09566,SAFE
EVT_87345,25734,91553,16.94,9.929,87.2,184.811,0.20657,SAFE
EVT_87346,49627,84600,4.305,14.121,23.6,104.255,0.34769,MEDIUM
EVT_87347,38089,88775,1.38,7.004,19.9,20.046,0.26358,SAFE
EVT_87348,37482,84815,3.488,10.572,57.4,299.661,0.51295,MEDIUM
EVT_87349,43346,85497,12.537,6.423,143.8,370.738,0.25694,SAFE
EVT_87350,24941,97863,0.211,6.696,133.9,427.529,0.91651,HIGH
EVT_87351,38417,99622,23.34,9.711,27.0,191.874,0.04207,SAFE
EVT_87352,38163,96456,18.864,7.099,133.2,190.118,0.09732,SAFE
EVT_87353,32611,88883,8.459,12.426,127.0,468.789,0.41054,MEDIUM
EVT_87354,36975,95531,16.813,8.715,72.9,297.903,0.04203,SAFE
EVT_87355,45929,96938,4.318,11.645,42.7,360.382,0.33071,MEDIUM
EVT_87356,36178,93252,1.389,10.198,91.6,53.66,0.22157,SAFE
EVT_87357,39210,85197,3.469,11.699,45.7,273.587,0.67481,MEDIUM
EVT_87358,47364,81040,1.006,13.282,0.2,453.453,0.95559,HIGH
EVT_87359,37198,87189,19.909,11.858,70.9,293.827,0.08721,SAFE
EVT_87360,39250,93413,1.344,12.162,56.0,190.773,0.43821,MEDIUM
EVT_87361,35575,87891,13.638,9.528,91.5,360.923,0.22635,SAFE
EVT_87362,42325,80131,17.357,14.556,15.2,418.181,0.06141,SAFE
EVT_87363,28268,88201,0.761,9.975,178.4,291.428,0.61285,MEDIUM
EVT_87364,35475,80897,11.033,6.088,30.4,210.436,0.21242,SAFE
EVT_87365,39148,92779,38.115,6.401,88.9,425.355,0.08773,SAFE
EVT_87366,34237,87826,0.456,10.161,90.5,421.722,0.96049,HIGH
EVT_87367,44160,89653,18.646,11.777,176.2,54.946,0.04845,SAFE
EVT_87368,24601,84616,21.511,7.171,119.1,298.039,0.25773,SAFE
EVT_87369,32756,95366,11.37,7.948,128.9,284.554,0.06403,SAFE
EVT_87370,39015,83085,48.641,14.276,164.5,68.276,0.02957,SAFE
EVT_87371,39205,92877,0.367,7.087,34.6,467.954,0.91473,HIGH
EVT_87372,32527,86208,6.483,9.546,4.1,428.393,0.6586,MEDIUM
EVT_87373,28226,86962,7.316,14.803,87.4,163.606,0.46945,MEDIUM
EVT_87374,42326,99994,15.271,6.722,176.5,465.354,0.24374,SAFE
EVT_87375,25645,86158,0.49,6.235,118.8,346.406,0.97305,HIGH
EVT_87376,32922,81079,11.182,9.473,78.9,44.531,0.24275,SAFE
EVT_87377,28703,91530,15.648,14.747,108.4,343.32,0.20507,SAFE
EVT_87378,24688,80786,57.851,9.457,11.1,31.287,0.16708,SAFE
EVT_87379,42824,84452,2.325,9.734,155.0,401.433,0.61898,MEDIUM
EVT_87380,40491,93218,9.463,12.952,123.6,472.373,0.51072,MEDIUM
EVT_87381,24895,94841,2.17,8.693,8.0,29.164,0.01479,SAFE
EVT_87382,48723,83260,1.047,6.554,40.6,313.906,0.94602,HIGH
EVT_87383,44498,99525,16.409,10.567,9.2,491.453,0.23192,SAFE
EVT_87384,35288,96048,54.626,12.891,108.8,116.921,0.11547,SAFE
EVT_87385,41550,92272,2.688,8.064,114.0,124.78,0.33131,MEDIUM
EVT_87386,43366,85969,32.761,14.638,63.3,66.394,0.13965,SAFE
EVT_87387,29764,80684,10.095,8.708,144.4,253.691,0.27955,SAFE
EVT_87388,44526,99161,30.554,12.529,131.6,148.574,0.23296,SAFE
EVT_87389,42001,92190,6.029,9.525,159.5,137.607,0.59885,MEDIUM
EVT_87390,44739,91930,9.838,12.218,5.3,199.105,0.63272,MEDIUM
EVT_87391,30285,83681,26.671,11.398,12.5,40.815,0.21397,SAFE
EVT_87392,23452,84797,40.558,8.598,143.2,315.246,0.11899,SAFE
EVT_87393,33418,89008,18.018,8.819,15.9,372.767,0.13031,SAFE
EVT_87394,26903,87078,5.106,6.026,64.5,207.47,0.47201,MEDIUM
EVT_87395,37531,83435,18.463,6.955,170.6,128.995,0.244,SAFE
EVT_87396,49827,98928,5.606,14.705,174.6,93.774,0.12378,SAFE
EVT_87397,22635,96705,5.262,8.994,15.3,485.995,0.64273,MEDIUM
EVT_87398,40321,97005,28.121,13.825,62.0,145.504,0.10676,SAFE
EVT_87399,41515,91325,9.228,14.905,36.4,123.832,0.66868,MEDIUM
EVT_87400,32158,81814,12.368,11.629,28.8,161.826,0.0479,SAFE
EVT_87401,32016,94811,8.87,8.584,121.7,99.305,0.00654,SAFE
EVT_87402,27547,92778,15.05,7.136,101.0,111.333,0.07848,SAFE
EVT_87403,47505,87639,9.562,13.134,70.9,117.373,0.59319,MEDIUM
EVT_87404,29390,87575,10.589,9.616,55.4,185.253,0.15782,SAFE
EVT_87405,40755,85831,17.139,10.616,139.1,281.473,0.0292,SAFE
EVT_87406,45182,94951,8.128,14.931,89.4,463.254,0.70681,MEDIUM
EVT_87407,29693,84257,4.3,13.342,23.0,372.62,0.50434,MEDIUM
EVT_87408,21303,96025,18.802,13.156,58.1,413.932,0.14858,SAFE
EVT_87409,25720,88877,24.297,9.825,4.4,115.998,0.01999,SAFE
EVT_87410,34498,95075,0.18,7.105,147.3,268.793,0.38305,MEDIUM
EVT_87411,29744,91076,1.402,14.536,63.6,182.18,0.48568,MEDIUM
EVT_87412,26532,91451,4.616,6.764,103.7,29.046,0.12918,SAFE
EVT_87413,47581,89678,10.949,14.275,156.1,138.754,0.14309,SAFE
EVT_87414,34291,98159,24.901,10.024,141.9,478.18,0.2048,SAFE
EVT_87415,48725,92807,4.923,6.626,24.8,378.508,0.55205,MEDIUM
EVT_87416,24539,81290,4.858,8.332,158.7,481.349,0.64054,MEDIUM
EVT_87417,27741,90191,21.124,11.117,128.3,22.094,0.03242,SAFE
EVT_87418,38913,84094,11.371,9.996,50.8,76.702,0.08313,SAFE
EVT_87419,32825,91347,7.747,10.594,34.1,418.226,0.46778,MEDIUM
EVT_87420,40566,84449,8.593,14.786,20.2,182.663,0.64135,MEDIUM
EVT_87421,39548,90596,4.834,11.945,132.3,304.974,0.51811,MEDIUM
EVT_87422,22751,94268,63.841,6.5,66.0,49.111,0.0796,SAFE
EVT_87423,44284,84013,49.682,14.903,46.9,288.742,0.00418,SAFE
EVT_87424,34554,89148,18.076,10.283,5.5,140.078,0.16631,SAFE
EVT_87425,44020,98097,3.095,12.609,125.4,111.733,0.45319,MEDIUM
EVT_87426,27036,96839,30.232,12.522,169.1,234.104,0.01678,SAFE
EVT_87427,41462,87777,1.471,7.506,126.1,466.808,0.83784,HIGH
EVT_87428,32089,82810,2.711,8.635,107.8,432.953,0.32487,MEDIUM
EVT_87429,26790,92871,20.876,14.164,73.9,297.209,0.14336,SAFE
EVT_87430,23160,80335,17.426,9.189,76.3,180.781,0.19181,SAFE
EVT_87431,29276,94337,9.714,9.111,19.4,211.012,0.59521,MEDIUM
EVT_87432,32938,94222,7.081,11.026,49.1,67.926,0.1175,SAFE
EVT_87433,43342,89133,30.345,6.682,101.9,192.099,0.08729,SAFE
EVT_87434,41506,92512,1.234,10.554,152.4,405.025,0.81656,HIGH
EVT_87435,31640,86774,2.31,5.542,74.8,246.304,0.38238,MEDIUM
EVT_87436,24672,81707,7.426,10.964,152.3,333.075,0.67858,MEDIUM
EVT_87437,45714,82860,5.475,9.509,57.1,363.57,0.31963,MEDIUM
EVT_87438,23228,81222,9.384,13.648,178.5,379.089,0.31497,MEDIUM
EVT_87439,32790,90855,14.366,9.765,150.6,140.378,0.20366,SAFE
EVT_87440,30725,91139,7.6,6.347,101.4,53.594,0.06912,SAFE
EVT_87441,29068,97369,16.026,11.746,90.7,181.9,0.1935,SAFE
EVT_87442,49363,94143,28.528,7.022,74.3,319.591,0.01767,SAFE
EVT_87443,39406,95618,14.334,10.552,117.6,486.257,0.24896,SAFE
EVT_87444,30650,85906,1.316,9.218,74.0,182.763,0.4814,MEDIUM
EVT_87445,46201,86733,25.334,14.153,47.1,132.616,0.12413,SAFE
EVT_87446,25106,86337,0.367,11.578,54.0,55.734,0.16337,SAFE
EVT_87447,42964,97131,18.184,11.139,150.0,93.789,0.20701,SAFE
EVT_87448,28881,94410,11.605,7.28,3.3,125.512,0.1721,SAFE
EVT_87449,26301,90818,2.139,13.448,12.7,189.564,0.70424,MEDIUM
EVT_87450,33736,98429,13.226,5.996,147.1,284.254,0.02672,SAFE
EVT_87451,40779,80768,4.535,14.386,89.3,401.726,0.55161,MEDIUM
EVT_87452,24563,95502,18.955,13.037,175.8,24.341,0.1164,SAFE
EVT_87453,32135,88121,7.175,12.693,109.2,100.72,0.64551,MEDIUM
EVT_87454,37433,93218,7.579,8.22,113.1,212.338,0.76933,MEDIUM
EVT_87455,31613,85266,13.851,12.079,136.6,292.912,0.02105,SAFE
EVT_87456,25021,84747,7.899,10.556,43.5,240.007,0.41748,MEDIUM
EVT_87457,24366,87091,30.072,12.71,14.9,96.473,0.02524,SAFE
EVT_87458,32532,97650,50.732,11.647,151.3,37.987,0.20122,SAFE
EVT_87459,31095,98489,11.585,12.798,91.4,218.957,0.18253,SAFE
EVT_87460,25926,95362,1.014,14.689,85.4,178.908,0.33626,MEDIUM
EVT_87461,43738,93735,31.377,9.817,52.9,493.902,0.23398,SAFE
EVT_87462,22901,84639,2.335,10.026,118.0,319.3,0.76339,MEDIUM
EVT_87463,47373,92115,2.153,11.677,124.2,73.306,0.05401,SAFE
EVT_87464,46382,97597,0.716,14.048,108.4,252.369,0.50644,MEDIUM
EVT_87465,31307,81645,4.755,8.684,155.4,53.665,0.0827,SAFE
EVT_87466,38936,92931,11.014,7.94,16.3,499.551,0.13187,SAFE
EVT_87467,25167,95166,6.765,10.094,7.0,199.513,0.41244,MEDIUM
EVT_87468,46037,95074,5.654,9.214,135.4,155.031,0.4083,MEDIUM
EVT_87469,37054,85590,3.535,6.419,96.1,470.955,0.40269,MEDIUM
EVT_87470,38648,97112,20.335,12.446,41.3,158.265,0.16923,SAFE
EVT_87471,34789,82047,6.443,14.247,127.3,162.016,0.4678,MEDIUM
EVT_87472,32805,99659,10.039,6.884,93.8,155.881,0.23725,SAFE
EVT_87473,36134,81490,7.875,12.939,146.7,199.878,0.64655,MEDIUM
EVT_87474,35023,91749,8.512,11.647,68.6,178.912,0.75804,MEDIUM
EVT_87475,31794,80830,30.214,9.285,174.5,156.537,0.20818,SAFE
EVT_87476,30385,90366,1.165,14.872,160.2,299.274,0.61218,MEDIUM
EVT_87477,23843,97527,29.111,7.534,172.7,160.765,0.27768,SAFE
EVT_87478,44167,90953,4.761,12.86,88.2,173.421,0.78029,MEDIUM
EVT_87479,21098,89720,4.465,5.728,62.4,495.391,0.54412,MEDIUM
EVT_87480,44074,92086,13.849,9.267,93.6,276.91,0.15919,SAFE
EVT_87481,41798,82666,4.29,13.768,13.5,106.713,0.52936,MEDIUM
EVT_87482,46724,98999,0.881,6.106,75.1,126.808,0.66749,MEDIUM
EVT_87483,26945,85510,2.08,10.308,26.7,23.929,0.1202,SAFE
EVT_87484,29477,85816,20.765,13.661,82.0,466.08,0.24916,SAFE
EVT_87485,49467,82640,14.582,9.416,144.7,16.677,0.16531,SAFE
EVT_87486,30795,83871,3.043,7.317,129.2,476.875,0.73598,MEDIUM
EVT_87487,26011,86961,0.731,11.646,54.9,274.829,0.51445,MEDIUM
EVT_87488,30084,91710,9.397,14.832,74.0,53.695,0.15381,SAFE
EVT_87489,42137,91698,8.275,6.521,14.7,346.467,0.33427,MEDIUM
EVT_87490,22505,88200,21.088,8.687,145.4,85.993,0.20653,SAFE
EVT_87491,45520,87349,0.178,11.364,163.2,104.332,0.62091,MEDIUM
EVT_87492,41648,98547,22.2,7.567,55.2,118.186,0.05901,SAFE
EVT_87493,44125,95058,2.155,12.737,50.0,54.146,0.08549,SAFE
EVT_87494,39868,98362,6.698,5.55,144.0,27.537,0.01045,SAFE
EVT_87495,46641,94973,23.543,10.25,8.2,141.696,0.12265,SAFE
EVT_87496,27831,83397,7.266,6.693,72.4,103.495,0.34512,MEDIUM
EVT_87497,26903,99624,14.522,9.609,177.7,353.74,0.15467,SAFE
EVT_87498,27370,88042,10.327,9.997,20.9,488.675,0.14839,SAFE
EVT_87499,49437,87182,16.64,7.007,170.6,158.556,0.22536,SAFE
EVT_87500,35313,84366,0.116,10.158,33.2,201.817,0.5305,MEDIUM
EVT_87501,37183,85709,1.738,6.885,139.0,107.804,0.51145,MEDIUM
EVT_87502,31920,84797,23.034,6.59,125.9,307.024,0.23503,SAFE
EVT_87503,29994,80458,9.451,5.844,171.3,19.092,0.22944,SAFE
EVT_87504,46947,83986,0.558,5.863,134.8,330.33,0.98923,HIGH
EVT_87505,31854,92088,5.73,13.314,179.6,231.775,0.73355,MEDIUM
EVT_87506,38846,83409,20.821,10.528,62.4,98.579,0.23044,SAFE
EVT_87507,20380,92239,18.831,11.398,1.1,441.729,0.13347,SAFE
EVT_87508,27924,85158,8.059,8.365,118.5,134.59,0.40129,MEDIUM
EVT_87509,20977,87677,25.9,12.691,149.1,452.115,0.10532,SAFE
EVT_87510,24185,97161,6.626,7.224,157.8,174.815,0.65942,MEDIUM
EVT_87511,27735,95428,27.349,14.881,151.8,460.36,0.16233,SAFE
EVT_87512,21796,87270,6.417,9.529,4.3,355.142,0.45164,MEDIUM
EVT_87513,37363,97212,1.776,9.784,97.9,344.022,0.87283,HIGH
EVT_87514,33888,91178,12.602,7.724,37.1,133.544,0.03677,SAFE
EVT_87515,29262,90245,2.308,7.852,8.0,499.383,0.56809,MEDIUM
EVT_87516,49889,84565,8.499,14.172,131.5,230.597,0.48041,MEDIUM
EVT_87517,45064,98911,3.053,5.626,118.5,333.978,0.51397,MEDIUM
EVT_87518,35976,90863,22.602,5.408,67.8,94.763,0.06453,SAFE
EVT_87519,42358,90267,5.958,12.595,59.8,79.777,0.19185,SAFE
EVT_87520,29635,95010,42.587,12.598,126.0,377.07,0.20341,SAFE
EVT_87521,47329,83592,23.088,5.362,100.8,120.168,0.06349,SAFE
EVT_87522,32634,97736,30.334,9.419,148.2,215.089,0.19033,SAFE
EVT_87523,42590,85496,1.477,13.23,129.3,24.888,0.1721,SAFE
EVT_87524,31916,97188,29.24,10.97,89.7,28.51,0.19011,SAFE
EVT_87525,37291,83203,17.162,6.669,174.6,435.866,0.109,SAFE
EVT_87526,23275,90413,33.269,10.905,88.9,270.166,0.02197,SAFE
EVT_87527,43111,81489,26.325,11.601,7.5,301.177,0.20787,SAFE
EVT_87528,48270,95466,9.159,12.13,4.2,325.503,0.73643,MEDIUM
EVT_87529,44782,93760,76.417,13.86,8.3,251.771,0.16138,SAFE
EVT_87530,38697,98115,3.552,10.714,23.6,44.095,0.22862,SAFE
EVT_87531,26218,95041,3.873,12.347,161.8,375.531,0.63648,MEDIUM
EVT_87532,32968,86863,1.16,13.695,87.3,39.735,0.00896,SAFE
EVT_87533,46614,96574,13.468,5.426,45.9,359.128,0.11161,SAFE
EVT_87534,34032,81738,3.397,6.481,52.0,413.707,0.62224,MEDIUM
EVT_87535,47572,96557,21.352,11.066,52.7,308.569,0.15959,SAFE
EVT_87536,39891,85761,2.318,5.468,4.2,429.697,0.72245,MEDIUM
EVT_87537,28942,93710,1.272,13.135,3.0,245.635,0.74848,MEDIUM
EVT_87538,36131,82262,3.8,7.952,172.8,470.571,0.44817,MEDIUM
EVT_87539,37764,92715,0.424,12.565,116.6,175.946,0.64796,MEDIUM
EVT_87540,32441,84669,8.859,8.787,103.5,260.105,0.72424,MEDIUM
EVT_87541,45582,93556,1.163,8.83,164.3,480.187,0.82215,HIGH
EVT_87542,32349,94200,5.355,8.052,102.8,303.728,0.38594,MEDIUM
EVT_87543,32129,81228,3.346,6.531,69.7,297.246,0.65151,MEDIUM
EVT_87544,38112,82991,2.489,10.133,61.5,328.9,0.30179,MEDIUM
EVT_87545,38229,82861,8.998,10.411,108.3,29.723,0.21307,SAFE
EVT_87546,30977,89943,2.166,14.85,146.8,369.09,0.43671,MEDIUM
EVT_87547,33284,87606,20.958,12.921,54.2,430.559,0.03774,SAFE
EVT_87548,25141,99012,19.35,8.374,146.4,394.38,0.13619,SAFE
EVT_87549,45682,94512,0.729,13.19,107.1,498.269,0.80547,HIGH
EVT_87550,32314,94116,24.661,9.27,37.4,187.171,0.1061,SAFE
EVT_87551,29094,99637,6.292,8.87,95.4,141.304,0.65579,MEDIUM
EVT_87552,22184,97361,5.445,14.175,116.4,12.68,0.12052,SAFE
EVT_87553,31900,82951,6.631,6.049,102.5,258.731,0.7332,MEDIUM
EVT_87554,26225,89348,20.618,7.377,150.9,398.605,0.05181,SAFE
EVT_87555,45125,86714,1.295,7.576,84.4,216.284,0.37385,MEDIUM
EVT_87556,27683,85832,1.81,10.439,144.6,249.209,0.47066,MEDIUM
EVT_87557,22611,98283,12.28,14.147,1.4,271.892,0.1546,SAFE
EVT_87558,41351,97556,13.415,11.109,160.7,54.146,0.10962,SAFE
EVT_87559,20153,99024,15.053,11.508,67.6,144.177,0.1744,SAFE
EVT_87560,35970,80510,10.045,11.506,30.3,387.64,0.0259,SAFE
EVT_87561,29570,97231,10.025,10.166,21.8,367.319,0.04635,SAFE
EVT_87562,38850,97634,0.317,13.069,175.2,413.739,0.91711,HIGH
EVT_87563,22272,90145,25.32,10.287,169.2,430.648,0.28549,SAFE
EVT_87564,44260,92744,23.579,9.953,87.1,325.107,0.13698,SAFE
EVT_87565,27373,84984,30.417,5.385,80.0,486.582,0.14434,SAFE
EVT_87566,22869,97368,7.904,7.512,125.7,403.684,0.66178,MEDIUM
EVT_87567,22238,86912,2.921,9.541,121.5,434.79,0.30396,MEDIUM
EVT_87568,49451,89942,51.034,9.572,128.0,184.229,0.28524,SAFE
EVT_87569,28979,91985,15.671,9.38,57.2,94.566,0.14209,SAFE
EVT_87570,37342,89314,6.521,8.256,8.0,273.11,0.76264,MEDIUM
EVT_87571,20156,80076,21.863,8.892,43.3,439.155,0.24912,SAFE
EVT_87572,38044,92102,9.84,14.719,13.0,459.629,0.47649,MEDIUM
EVT_87573,40429,94992,56.755,5.675,59.0,161.278,0.06641,SAFE
EVT_87574,37365,93993,3.306,6.926,24.0,97.452,0.20537,SAFE
EVT_87575,20048,88760,22.638,11.801,159.5,244.712,0.08851,SAFE
EVT_87576,39777,86385,67.547,9.515,10.9,436.515,0.09628,SAFE
EVT_87577,25450,89356,61.971,10.907,155.0,398.184,0.0838,SAFE
EVT_87578,43217,83950,39.842,10.061,16.9,489.368,0.1334,SAFE
EVT_87579,49623,84555,11.387,12.032,175.5,54.836,0.09905,SAFE
EVT_87580,26717,93238,3.543,8.648,0.1,90.164,0.03814,SAFE
EVT_87581,42812,82190,8.982,8.541,14.1,328.298,0.7016,MEDIUM
EVT_87582,22900,98671,2.054,6.979,36.7,114.396,0.56247,MEDIUM
EVT_87583,39529,87822,13.039,6.396,60.7,50.567,0.00159,SAFE
EVT_87584,36709,97074,4.902,7.467,40.9,100.284,0.68105,MEDIUM
EVT_87585,21997,91055,13.016,14.393,46.4,422.151,0.14395,SAFE
EVT_87586,34713,84131,1.861,10.401,3.5,156.886,0.42663,MEDIUM
EVT_87587,37146,81767,20.849,6.142,153.8,498.287,0.24118,SAFE
EVT_87588,28084,90700,25.529,12.388,147.4,67.341,0.07065,SAFE
EVT_87589,33429,93403,28.146,12.723,132.8,147.804,0.10323,SAFE
EVT_87590,36905,94574,13.478,5.044,60.2,68.725,0.11142,SAFE
EVT_87591,36237,94190,0.706,11.86,136.2,311.529,0.93887,HIGH
EVT_87592,34072,94995,11.464,10.07,57.2,208.427,0.00372,SAFE
EVT_87593,42530,97662,9.427,7.684,127.4,105.291,0.43359,MEDIUM
EVT_87594,29594,90617,60.277,13.753,26.3,202.425,0.2486,SAFE
EVT_87595,20852,90392,0.373,10.875,85.6,256.216,0.32857,MEDIUM
EVT_87596,37577,81398,2.708,13.561,155.9,268.497,0.68877,MEDIUM
EVT_87597,42411,81811,63.353,13.111,104.3,269.213,0.28556,SAFE
EVT_87598,25362,90026,13.408,5.944,20.7,498.608,0.22415,SAFE
EVT_87599,20943,85399,48.769,6.794,41.2,333.889,0.05992,SAFE
EVT_87600,43573,98553,8.167,14.059,67.3,377.709,0.78922,MEDIUM
EVT_87601,20672,97042,4.811,11.504,9.9,496.624,0.45002,MEDIUM
EVT_87602,21313,93657,0.574,9.377,113.4,487.489,0.81255,HIGH
EVT_87603,21634,98348,5.857,8.437,37.6,44.723,0.07388,SAFE
EVT_87604,33259,83237,0.236,10.555,179.7,397.126,0.92263,HIGH
EVT_87605,47140,81133,32.311,7.218,61.1,276.152,0.2133,SAFE
EVT_87606,47114,89264,15.043,10.629,72.6,196.854,0.00782,SAFE
EVT_87607,30932,80042,4.737,9.358,103.2,240.564,0.43592,MEDIUM
EVT_87608,37288,80110,2.514,6.211,11.9,174.77,0.59692,MEDIUM
EVT_87609,40997,83711,19.135,12.231,5.0,16.47,0.09464,SAFE
EVT_87610,38574,96011,12.586,14.748,155.8,92.205,0.25911,SAFE
EVT_87611,30796,95823,2.658,8.187,50.0,385.577,0.4393,MEDIUM
EVT_87612,45957,93660,0.006,7.26,109.2,348.505,0.85371,HIGH
EVT_87613,27639,96327,20.87,10.303,80.7,243.776,0.10537,SAFE
EVT_87614,28718,81733,46.591,10.075,31.1,81.918,0.18466,SAFE
EVT_87615,22800,94776,30.82,6.82,26.9,191.716,0.07666,SAFE
EVT_87616,43874,81442,27.535,13.602,11.0,499.35,0.15102,SAFE
EVT_87617,21654,84049,14.296,5.235,102.8,160.289,0.17567,SAFE
EVT_87618,24285,90825,21.238,14.478,149.7,381.237,0.213,SAFE
EVT_87619,36621,99963,8.531,8.944,26.7,16.656,0.11579,SAFE
EVT_87620,38289,82831,8.445,13.994,145.1,390.741,0.77031,MEDIUM
EVT_87621,37111,92108,21.753,11.329,52.7,139.802,0.17439,SAFE
EVT_87622,45116,87709,6.037,6.503,110.4,191.459,0.73367,MEDIUM
EVT_87623,43187,86524,4.487,6.369,5.9,305.651,0.32679,MEDIUM
EVT_87624,34676,98731,0.516,9.607,98.4,34.91,0.09263,SAFE
EVT_87625,35133,91809,5.798,7.211,18.8,310.414,0.5238,MEDIUM
EVT_87626,35516,87334,19.689,9.458,173.6,255.518,0.10702,SAFE
EVT_87627,24448,91504,23.523,14.617,158.0,143.017,0.07922,SAFE
EVT_87628,24504,93831,2.626,7.821,44.6,62.512,0.02745,SAFE
EVT_87629,23139,87640,7.714,6.849,143.9,98.34,0.09992,SAFE
EVT_87630,32170,80081,0.548,8.82,6.2,410.416,0.86269,HIGH
EVT_87631,47501,86179,11.747,12.137,0.3,292.556,0.15367,SAFE
EVT_87632,36623,94055,8.322,5.344,117.9,348.115,0.59946,MEDIUM
EVT_87633,28422,95502,16.207,14.291,46.8,305.068,0.12793,SAFE
EVT_87634,40129,91112,3.021,14.047,175.4,86.173,0.1927,SAFE
EVT_87635,33744,85338,4.313,11.526,96.9,155.638,0.49163,MEDIUM
EVT_87636,39343,95730,19.935,9.164,104.4,240.262,0.15292,SAFE
EVT_87637,33717,88261,12.317,13.794,123.6,96.06,0.28446,SAFE
EVT_87638,46926,86668,20.506,10.014,28.5,493.558,0.15416,SAFE
EVT_87639,23680,81710,37.794,14.339,4.6,88.73,0.25655,SAFE
EVT_87640,21724,91778,20.426,13.308,70.2,326.145,0.0079,SAFE
EVT_87641,27860,91990,0.279,8.862,21.1,268.329,0.43091,MEDIUM
EVT_87642,46760,91452,9.273,12.854,75.8,116.283,0.69738,MEDIUM
EVT_87643,28503,90950,16.559,9.377,148.6,380.303,0.24082,SAFE
EVT_87644,43189,82998,27.799,10.823,29.7,186.196,0.17957,SAFE
EVT_87645,28529,90938,18.664,8.209,107.2,300.808,0.06489,SAFE
EVT_87646,46904,96042,8.25,5.832,44.9,328.812,0.59403,MEDIUM
EVT_87647,43538,91843,1.179,8.043,131.5,281.113,0.40646,MEDIUM
EVT_87648,39265,83887,7.688,14.097,23.9,260.601,0.31238,MEDIUM
EVT_87649,23306,88441,3.563,6.758,110.0,20.619,0.28233,SAFE
EVT_87650,48366,90117,15.54,10.142,57.8,181.692,0.09662,SAFE
EVT_87651,41024,95151,5.323,13.523,166.3,313.885,0.37971,MEDIUM
EVT_87652,47387,81083,1.996,11.882,15.3,469.4,0.87438,HIGH
EVT_87653,28274,94300,0.602,12.736,82.7,176.766,0.73436,MEDIUM
EVT_87654,47399,80237,13.319,14.521,152.9,59.106,0.17844,SAFE
EVT_87655,24439,88169,8.353,5.382,58.7,220.724,0.39329,MEDIUM
EVT_87656,35790,94263,1.807,8.005,65.6,262.104,0.70167,MEDIUM
EVT_87657,34027,91287,11.919,14.451,52.0,427.048,0.17586,SAFE
EVT_87658,31091,89260,11.196,11.906,49.3,410.239,0.20975,SAFE
EVT_87659,29727,94827,3.647,11.194,83.2,265.41,0.52348,MEDIUM
EVT_87660,47401,85517,5.268,8.733,127.6,86.785,0.08567,SAFE
EVT_87661,40287,81902,0.471,8.61,88.7,443.215,0.80956,HIGH
EVT_87662,29196,96040,24.089,13.409,130.2,401.361,0.16784,SAFE
EVT_87663,47209,98421,44.914,7.017,126.2,179.646,0.05667,SAFE
EVT_87664,32222,96739,8.511,6.232,165.9,445.989,0.5314,MEDIUM
EVT_87665,36790,85620,7.243,7.032,102.3,449.364,0.65003,MEDIUM
EVT_87666,27755,89957,9.282,11.984,139.5,106.909,0.78482,MEDIUM
EVT_87667,38946,81137,6.491,6.563,41.8,95.799,0.05448,SAFE
EVT_87668,31332,89111,14.082,6.471,122.2,449.401,0.22739,SAFE
EVT_87669,42597,94509,19.208,7.668,117.5,494.964,0.0846,SAFE
EVT_87670,42160,80120,18.97,6.114,167.8,274.664,0.18115,SAFE
EVT_87671,25422,85083,22.09,14.791,73.8,442.493,0.16283,SAFE
EVT_87672,20321,97324,4.484,14.86,74.5,433.851,0.73091,MEDIUM
EVT_87673,27722,92463,18.249,5.837,47.6,38.392,0.20465,SAFE
EVT_87674,38941,97332,2.827,12.181,108.9,329.368,0.49088,MEDIUM
EVT_87675,35587,97489,7.02,10.073,173.3,76.467,0.16563,SAFE
EVT_87676,27596,83327,3.645,8.655,143.6,273.241,0.40903,MEDIUM
EVT_87677,21205,91331,3.053,9.425,100.8,448.198,0.5527,MEDIUM
EVT_87678,49872,84537,11.048,13.167,67.2,378.817,0.11313,SAFE
EVT_87679,48691,89323,13.552,10.557,131.2,153.932,0.17887,SAFE
EVT_87680,25987,83879,51.947,14.894,145.8,48.182,0.14302,SAFE
EVT_87681,24673,91917,3.847,5.486,141.8,380.842,0.44441,MEDIUM
EVT_87682,38843,99382,0.367,7.903,30.0,167.94,0.76651,MEDIUM
EVT_87683,39137,96367,0.519,13.753,78.4,310.116,0.9166,HIGH
EVT_87684,27634,96244,26.464,7.5,164.0,93.308,0.09265,SAFE
EVT_87685,30371,89720,4.437,7.068,5.0,148.187,0.73053,MEDIUM
EVT_87686,43720,95393,8.824,6.593,71.6,461.31,0.53576,MEDIUM
EVT_87687,25072,91425,46.175,7.095,14.7,382.743,0.19534,SAFE
EVT_87688,38746,93783,24.172,13.062,30.0,367.049,0.19233,SAFE
EVT_87689,20753,93314,4.641,11.878,124.8,415.819,0.30743,MEDIUM
EVT_87690,45031,89465,15.447,11.652,92.5,22.164,0.22558,SAFE
EVT_87691,41565,85283,13.08,9.191,86.0,354.588,0.19368,SAFE
EVT_87692,30968,80139,29.623,12.558,170.1,435.886,0.28676,SAFE
EVT_87693,39129,89922,5.176,8.392,19.8,430.651,0.32161,MEDIUM
EVT_87694,30179,80954,0.401,9.084,115.8,105.247,0.3124,MEDIUM
EVT_87695,32221,82694,14.58,5.988,110.9,417.939,0.20247,SAFE
EVT_87696,29413,93791,9.474,9.108,176.6,249.072,0.54828,MEDIUM
EVT_87697,48916,82693,6.276,11.741,80.9,217.402,0.32515,MEDIUM
EVT_87698,25403,83749,26.29,11.722,130.2,49.647,0.08407,SAFE
EVT_87699,32223,99513,8.193,12.174,116.4,18.968,0.14889,SAFE
EVT_87700,23315,97965,10.696,10.486,96.6,417.532,0.22057,SAFE
EVT_87701,41030,95584,5.901,6.325,51.6,381.951,0.3359,MEDIUM
EVT_87702,42377,83757,27.77,5.469,7.0,392.559,0.20561,SAFE
EVT_87703,32184,81024,34.489,14.143,63.4,167.395,0.27552,SAFE
EVT_87704,32331,89391,29.998,11.588,44.2,119.966,0.15621,SAFE
EVT_87705,44845,96082,5.139,8.287,61.8,351.626,0.63127,MEDIUM
EVT_87706,29948,85825,0.327,8.732,30.1,50.434,0.28198,SAFE
EVT_87707,49416,99375,41.133,12.218,160.4,246.524,0.19649,SAFE
EVT_87708,47782,83536,1.43,11.798,146.2,16.887,0.14407,SAFE
EVT_87709,20359,86050,6.218,5.431,92.3,499.333,0.68238,MEDIUM
EVT_87710,48597,98981,9.96,5.537,110.4,64.679,0.1889,SAFE
EVT_87711,42043,92771,0.464,6.476,80.1,14.857,0.02151,SAFE
EVT_87712,26278,91928,10.1,9.862,156.3,412.391,0.098,SAFE
EVT_87713,39805,81532,16.043,13.073,152.7,408.76,0.13705,SAFE
EVT_87714,46434,80280,10.36,12.307,132.7,197.574,0.07897,SAFE
EVT_87715,39018,80843,4.901,11.963,151.0,195.151,0.38355,MEDIUM
EVT_87716,27628,82758,25.949,9.291,17.6,168.726,0.00629,SAFE
EVT_87717,38643,88815,11.964,5.648,56.7,433.464,0.11733,SAFE
EVT_87718,44310,99643,15.602,7.424,77.2,178.615,0.13958,SAFE
EVT_87719,41152,84424,4.008,6.733,112.4,37.84,0.0054,SAFE
EVT_87720,26560,83214,0.915,9.967,132.4,125.799,0.33153,MEDIUM
EVT_87721,32306,82199,1.794,12.173,158.6,302.275,0.85651,HIGH
EVT_87722,38956,81453,118.119,14.667,53.7,484.392,0.1543,SAFE
EVT_87723,49148,83100,40.724,7.197,86.2,99.686,0.23001,SAFE
EVT_87724,38088,87584,26.337,6.291,47.3,186.989,0.27407,SAFE
EVT_87725,25946,96432,23.705,8.912,126.5,411.872,0.24006,SAFE
EVT_87726,41276,85088,27.359,13.173,40.9,261.219,0.17382,SAFE
EVT_87727,34098,93655,11.424,8.793,27.9,124.3,0.14328,SAFE
EVT_87728,41129,91441,9.29,14.643,142.5,98.65,0.2276,SAFE
EVT_87729,27460,84958,19.129,11.709,73.8,462.588,0.23524,SAFE
EVT_87730,44590,91964,21.471,7.576,98.3,37.72,0.11949,SAFE
EVT_87731,28813,84726,11.676,6.642,65.2,414.581,0.03005,SAFE
EVT_87732,30087,96717,15.426,5.743,177.6,327.928,0.02237,SAFE
EVT_87733,38380,94348,18.603,9.193,31.9,422.913,0.02305,SAFE
EVT_87734,22808,84612,5.238,12.383,69.4,490.13,0.5123,MEDIUM
EVT_87735,37799,86117,3.965,13.367,128.5,422.233,0.50005,MEDIUM
EVT_87736,40224,87574,8.589,6.011,86.9,41.77,0.17838,SAFE
EVT_87737,22017,83376,0.536,9.11,130.9,60.19,0.15503,SAFE
EVT_87738,21245,89078,9.647,5.11,22.1,358.763,0.61494,MEDIUM
EVT_87739,32225,86683,21.176,6.576,82.5,52.941,0.03671,SAFE
EVT_87740,36053,83627,10.607,8.838,133.0,337.223,0.27772,SAFE
EVT_87741,37738,89740,2.155,9.489,175.6,242.599,0.54271,MEDIUM
EVT_87742,21424,86804,11.265,10.164,162.4,488.818,0.11529,SAFE
EVT_87743,45959,90610,21.256,11.224,127.4,371.15,0.13226,SAFE
EVT_87744,49131,89737,18.316,7.202,130.2,311.946,0.19069,SAFE
EVT_87745,25745,82393,5.482,9.014,157.1,369.585,0.49716,MEDIUM
EVT_87746,34374,98920,20.252,7.977,130.3,454.787,0.22941,SAFE
EVT_87747,47952,85806,11.356,13.225,36.9,270.409,0.2,SAFE
EVT_87748,37251,81921,0.998,12.131,150.6,170.795,0.56392,MEDIUM
EVT_87749,46026,83738,33.959,11.162,0.7,352.131,0.06635,SAFE
EVT_87750,44380,83326,26.22,13.717,146.1,379.011,0.28818,SAFE
EVT_87751,49143,99870,3.074,9.684,43.4,102.763,0.66584,MEDIUM
EVT_87752,49945,89811,2.932,12.119,106.3,22.713,0.23117,SAFE
EVT_87753,43078,88007,9.133,5.221,109.8,158.934,0.58366,MEDIUM
EVT_87754,22273,96255,28.163,9.015,109.6,458.855,0.04334,SAFE
EVT_87755,34258,83893,10.481,11.422,25.9,61.938,0.05874,SAFE
EVT_87756,38998,93202,13.958,8.85,113.6,43.538,0.16878,SAFE
EVT_87757,34531,85713,20.17,14.594,85.9,147.53,0.13375,SAFE
EVT_87758,38230,82886,10.082,11.181,82.7,220.938,0.05973,SAFE
EVT_87759,48116,93672,4.907,7.675,79.6,243.156,0.7492,MEDIUM
EVT_87760,23038,80104,15.586,13.312,70.5,51.0,0.27782,SAFE
EVT_87761,40092,94434,57.237,14.949,62.0,153.451,0.03386,SAFE
EVT_87762,24650,83374,3.152,13.862,111.6,56.315,0.15406,SAFE
EVT_87763,38538,88517,41.841,5.564,119.7,139.09,0.06329,SAFE
EVT_87764,42584,82510,3.641,7.777,141.4,292.921,0.32326,MEDIUM
EVT_87765,48172,80950,14.411,12.327,120.9,123.915,0.02294,SAFE
EVT_87766,36123,85480,7.823,14.144,120.2,454.054,0.71006,MEDIUM
EVT_87767,35202,87178,36.053,9.277,121.6,252.69,0.0949,SAFE
EVT_87768,42790,96089,23.169,6.068,158.3,330.166,0.10734,SAFE
EVT_87769,39102,98013,16.934,7.141,111.3,47.887,0.23173,SAFE
EVT_87770,35915,86202,0.624,10.604,28.2,336.724,0.93066,HIGH
EVT_87771,28307,85696,15.383,11.633,26.8,378.416,0.16708,SAFE
EVT_87772,35543,95949,12.586,8.012,167.6,60.853,0.25352,SAFE
EVT_87773,43117,89045,11.907,11.548,42.4,374.754,0.14714,SAFE
EVT_87774,26939,87951,31.378,8.975,26.3,367.745,0.09204,SAFE
EVT_87775,38710,80127,7.804,12.79,105.1,232.002,0.51213,MEDIUM
EVT_87776,25777,80043,34.625,6.926,175.3,32.04,0.00485,SAFE
EVT_87777,20015,91815,2.841,13.935,132.3,425.771,0.69353,MEDIUM
EVT_87778,37437,80910,18.076,14.584,14.6,108.973,0.08478,SAFE
EVT_87779,28629,90156,9.187,9.89,67.6,447.115,0.66484,MEDIUM
EVT_87780,22587,95167,36.188,11.499,173.5,446.872,0.19628,SAFE
EVT_87781,35657,93571,18.481,8.973,54.4,109.815,0.01674,SAFE
EVT_87782,44829,94061,1.06,11.187,93.5,252.636,0.78077,MEDIUM
EVT_87783,35803,99742,19.975,7.402,84.8,142.609,0.08505,SAFE
EVT_87784,33124,84507,7.187,7.772,32.5,411.966,0.38618,MEDIUM
EVT_87785,40526,81566,5.224,12.525,71.6,464.278,0.62115,MEDIUM
EVT_87786,33302,84397,5.642,12.529,174.1,248.942,0.54405,MEDIUM
EVT_87787,28741,96197,3.116,5.989,82.7,445.558,0.59559,MEDIUM
EVT_87788,27719,95339,52.956,7.079,154.9,367.856,0.28106,SAFE
EVT_87789,35840,95363,2.414,6.343,50.8,128.033,0.37663,MEDIUM
EVT_87790,21745,94648,20.679,11.442,108.7,210.118,0.18974,SAFE
EVT_87791,24546,96348,12.427,6.194,85.4,421.386,0.02209,SAFE
EVT_87792,23784,86572,8.781,9.933,100.6,157.099,0.72687,MEDIUM
EVT_87793,24760,91326,0.317,7.209,65.5,74.375,0.04506,SAFE
EVT_87794,25922,84465,3.391,10.917,65.4,332.829,0.44772,MEDIUM
EVT_87795,24574,91012,10.192,13.908,101.9,496.715,0.14907,SAFE
EVT_87796,35520,80739,10.036,11.069,21.7,361.51,0.05617,SAFE
EVT_87797,24705,99445,28.326,6.627,177.2,318.734,0.21644,SAFE
EVT_87798,33389,86235,2.213,12.929,61.4,443.9,0.55929,MEDIUM
EVT_87799,41914,93565,54.806,7.062,3.2,45.653,0.21601,SAFE
EVT_87800,49485,83787,6.736,14.935,23.7,344.254,0.43007,MEDIUM
EVT_87801,31402,86669,46.79,9.552,78.7,369.953,0.10061,SAFE
EVT_87802,20874,92681,1.319,8.086,135.3,384.567,0.92869,HIGH
EVT_87803,46015,95862,9.606,6.03,51.4,484.991,0.34966,MEDIUM
EVT_87804,47939,99243,14.143,14.894,20.3,144.664,0.18642,SAFE
EVT_87805,31100,92639,6.683,12.838,129.5,353.231,0.44828,MEDIUM
EVT_87806,40520,82418,3.918,8.385,6.7,456.522,0.64306,MEDIUM
EVT_87807,25555,80036,2.973,8.381,115.5,98.906,0.09301,SAFE
EVT_87808,26869,92951,0.494,5.546,79.3,216.415,0.36871,MEDIUM
EVT_87809,33698,80262,0.089,6.74,127.9,273.196,0.62774,MEDIUM
EVT_87810,49610,90096,51.974,9.573,35.0,221.811,0.27743,SAFE
EVT_87811,22640,99628,33.233,14.702,26.3,43.097,0.16808,SAFE
EVT_87812,27110,96231,3.495,9.599,5.0,404.389,0.31396,MEDIUM
EVT_87813,41964,89655,9.577,6.077,87.2,16.776,0.27942,SAFE
EVT_87814,20158,80788,3.99,6.732,140.8,273.451,0.41502,MEDIUM
EVT_87815,22139,93687,39.814,14.161,15.6,383.767,0.12285,SAFE
EVT_87816,32569,94771,29.079,9.759,104.1,213.322,0.06286,SAFE
EVT_87817,26699,96141,23.459,6.137,151.5,461.756,0.00627,SAFE
EVT_87818,26749,99863,7.393,11.281,155.4,469.821,0.77051,MEDIUM
EVT_87819,24471,85733,15.407,7.558,11.5,200.43,0.22696,SAFE
EVT_87820,27068,99031,13.081,11.979,5.4,305.675,0.09421,SAFE
EVT_87821,25828,86959,3.288,14.648,152.9,433.956,0.56522,MEDIUM
EVT_87822,34468,97313,17.369,13.718,68.9,187.515,0.27025,SAFE
EVT_87823,28424,92994,11.107,13.055,67.2,97.468,0.15547,SAFE
EVT_87824,32170,94837,1.985,10.293,139.4,163.192,0.54209,MEDIUM
EVT_87825,36019,92813,10.882,7.285,83.4,329.017,0.00031,SAFE
EVT_87826,28299,81979,42.118,11.007,111.1,248.529,0.04042,SAFE
EVT_87827,49815,86303,19.499,10.732,142.3,344.136,0.16538,SAFE
EVT_87828,44828,82591,35.15,6.128,74.7,257.487,0.03574,SAFE
EVT_87829,22103,99499,1.385,7.401,135.0,411.872,0.97569,HIGH
EVT_87830,40128,94134,1.821,8.667,114.1,320.574,0.89947,HIGH
EVT_87831,43769,87741,45.69,8.944,51.2,107.453,0.12036,SAFE
EVT_87832,27295,95218,0.893,12.947,83.2,303.361,0.81027,HIGH
EVT_87833,48367,96972,17.572,11.717,125.5,219.686,0.16033,SAFE
EVT_87834,30504,82064,26.267,14.49,161.0,315.547,0.21131,SAFE
EVT_87835,34442,93691,0.128,13.075,161.6,18.729,0.00146,SAFE
EVT_87836,36470,80471,6.161,14.598,122.1,492.525,0.6217,MEDIUM
EVT_87837,47332,97920,25.587,13.858,165.5,278.657,0.16587,SAFE
EVT_87838,33887,99045,13.69,11.388,10.9,178.385,0.1798,SAFE
EVT_87839,49151,96762,5.763,5.825,164.2,233.239,0.64492,MEDIUM
EVT_87840,34437,84910,2.389,10.961,18.8,296.241,0.69283,MEDIUM
EVT_87841,40198,93225,5.094,13.19,170.8,208.106,0.38685,MEDIUM
EVT_87842,42042,93802,6.496,7.442,74.5,289.102,0.69557,MEDIUM
EVT_87843,46652,97799,22.901,9.177,171.6,307.319,0.25185,SAFE
EVT_87844,21138,97527,26.17,12.425,38.5,189.963,0.00044,SAFE
EVT_87845,30399,85988,17.167,5.289,109.3,193.081,0.16766,SAFE
EVT_87846,24291,88607,4.849,5.645,174.3,162.206,0.5228,MEDIUM
EVT_87847,33013,82764,15.954,5.164,61.6,265.97,0.24285,SAFE
EVT_87848,29317,95801,21.959,10.435,96.6,250.553,0.17136,SAFE
EVT_87849,36643,90232,17.694,14.504,126.8,465.172,0.02697,SAFE
EVT_87850,32347,90528,28.731,14.28,176.1,125.504,0.08397,SAFE
EVT_87851,31221,97794,10.017,13.676,178.2,231.278,0.21818,SAFE
EVT_87852,38104,91337,3.004,12.892,179.9,178.977,0.48665,MEDIUM
EVT_87853,25325,81393,1.463,7.941,169.7,264.921,0.56778,MEDIUM
EVT_87854,36709,83714,4.824,8.093,146.7,90.739,0.11869,SAFE
EVT_87855,40552,83486,1.997,5.008,39.1,349.083,0.92766,HIGH
EVT_87856,27448,94480,7.299,7.781,119.2,188.323,0.52606,MEDIUM
EVT_87857,27975,89519,34.842,7.75,93.2,328.835,0.14095,SAFE
EVT_87858,28785,88625,2.312,9.945,177.1,219.55,0.64134,MEDIUM
EVT_87859,22406,85375,41.476,5.705,19.0,168.979,0.20982,SAFE
EVT_87860,27720,93640,25.081,8.147,82.6,499.386,0.0612,SAFE
EVT_87861,46840,86284,11.677,6.699,24.5,292.689,0.18646,SAFE
EVT_87862,28227,81780,0.107,9.06,48.8,26.96,0.165,SAFE
EVT_87863,25876,87604,12.08,14.982,126.0,418.319,0.11847,SAFE
EVT_87864,30714,92114,5.586,9.598,128.5,82.487,0.22893,SAFE
EVT_87865,43241,91498,9.656,7.676,131.1,97.363,0.22877,SAFE
EVT_87866,20669,81239,18.976,7.124,3.8,268.829,0.1541,SAFE
EVT_87867,32189,97327,10.005,11.459,49.4,197.778,0.04167,SAFE
EVT_87868,28565,90228,16.256,5.44,86.8,354.606,0.18744,SAFE
EVT_87869,48777,90173,2.606,5.734,8.2,449.78,0.60921,MEDIUM
EVT_87870,24235,90989,23.589,5.157,178.1,271.306,0.22626,SAFE
EVT_87871,35042,89354,49.959,10.513,19.5,451.304,0.04762,SAFE
EVT_87872,37517,99876,16.352,6.138,117.0,291.854,0.26945,SAFE
EVT_87873,48429,84671,6.564,9.444,109.0,301.085,0.32839,MEDIUM
EVT_87874,30048,80558,9.147,9.983,129.5,333.033,0.36096,MEDIUM
EVT_87875,47113,85841,18.037,6.24,147.1,72.971,0.04852,SAFE
EVT_87876,26006,98385,15.519,8.108,104.5,478.182,0.01208,SAFE
EVT_87877,27501,90766,10.56,12.977,8.4,358.975,0.19888,SAFE
EVT_87878,41622,86977,16.062,14.004,171.7,67.517,0.24631,SAFE
EVT_87879,36461,99544,0.468,11.076,10.0,324.25,0.88149,HIGH
EVT_87880,46998,82059,6.341,9.628,34.9,173.081,0.74682,MEDIUM
EVT_87881,22678,89089,6.57,14.464,175.8,68.629,0.18236,SAFE
EVT_87882,21807,85497,4.327,8.51,104.5,111.166,0.61561,MEDIUM
EVT_87883,27279,85464,34.62,10.297,119.3,225.906,0.13616,SAFE
EVT_87884,26702,86851,8.078,11.006,157.4,174.863,0.37041,MEDIUM
EVT_87885,47248,84342,5.2,10.592,178.8,29.106,0.06934,SAFE
EVT_87886,26680,83874,7.178,11.909,130.9,133.112,0.49985,MEDIUM
EVT_87887,34749,94578,7.122,12.951,70.6,46.517,0.27319,SAFE
EVT_87888,25888,85365,13.527,14.789,14.9,421.99,0.06378,SAFE
EVT_87889,39465,87945,19.516,9.207,172.5,24.065,0.09153,SAFE
EVT_87890,49724,87862,6.015,10.761,140.8,139.827,0.71812,MEDIUM
EVT_87891,41489,84069,4.866,14.685,87.1,59.158,0.1825,SAFE
EVT_87892,44066,88475,9.573,11.886,34.3,157.879,0.65911,MEDIUM
EVT_87893,39548,99010,20.457,11.646,123.7,358.174,0.25958,SAFE
EVT_87894,34571,93764,17.45,5.297,163.4,165.251,0.07153,SAFE
EVT_87895,43374,88309,34.486,7.15,93.6,450.711,0.08657,SAFE
EVT_87896,41656,98194,1.744,8.187,88.7,289.429,0.43107,MEDIUM
EVT_87897,29013,99183,0.364,5.315,179.7,298.691,0.60027,MEDIUM
EVT_87898,40178,86749,4.638,13.313,174.4,187.723,0.52236,MEDIUM
EVT_87899,32701,88101,93.061,10.898,154.7,200.573,0.18415,SAFE
EVT_87900,26712,82789,8.334,13.424,168.3,140.447,0.57288,MEDIUM
EVT_87901,45940,80408,10.604,12.481,28.0,205.541,0.0315,SAFE
EVT_87902,27840,94195,17.701,12.122,133.5,308.582,0.27555,SAFE
EVT_87903,34417,89872,31.846,13.095,1.9,26.296,0.26146,SAFE
EVT_87904,39105,84344,2.073,14.372,8.5,266.058,0.64771,MEDIUM
EVT_87905,45248,93470,4.699,6.606,33.6,44.887,0.22211,SAFE
EVT_87906,35406,84259,29.466,6.716,50.0,32.247,0.17654,SAFE
EVT_87907,22544,80838,16.988,13.113,138.3,176.975,0.0795,SAFE
EVT_87908,38660,89189,68.323,7.788,114.9,404.658,0.24293,SAFE
EVT_87909,49986,98271,2.959,13.989,41.8,354.007,0.6708,MEDIUM
EVT_87910,30128,87218,42.617,14.936,24.6,459.29,0.08136,SAFE
EVT_87911,42441,99961,18.273,10.588,69.7,216.763,0.145,SAFE
EVT_87912,37198,84659,13.675,12.589,49.6,231.137,0.17689,SAFE
EVT_87913,40810,83657,62.13,9.344,110.3,128.852,0.18076,SAFE
EVT_87914,37918,85917,2.174,11.066,0.3,238.747,0.44857,MEDIUM
EVT_87915,34855,95935,0.212,9.385,99.9,400.587,0.90069,HIGH
EVT_87916,31102,98757,64.369,8.595,131.0,37.975,0.26556,SAFE
EVT_87917,42582,81752,28.718,7.478,154.4,357.167,0.0125,SAFE
EVT_87918,30417,87279,46.903,7.456,177.4,19.105,0.04019,SAFE
EVT_87919,39922,88303,28.257,10.212,95.9,82.664,0.07751,SAFE
EVT_87920,41581,88202,0.864,8.619,132.5,439.062,0.80146,HIGH
EVT_87921,21104,91846,2.386,6.489,27.3,260.216,0.70282,MEDIUM
EVT_87922,23476,84648,42.359,8.154,124.6,22.419,0.17962,SAFE
EVT_87923,32052,97733,19.076,6.914,34.9,490.86,0.19364,SAFE
EVT_87924,37681,90265,1.144,9.181,33.9,182.756,0.39998,MEDIUM
EVT_87925,21904,80518,1.421,8.417,131.9,175.87,0.48731,MEDIUM
EVT_87926,30530,91214,8.584,9.335,99.8,438.523,0.51556,MEDIUM
EVT_87927,36590,89347,11.505,8.126,65.4,114.195,0.22692,SAFE
EVT_87928,48323,96507,14.886,12.646,110.5,226.81,0.12822,SAFE
EVT_87929,45048,83570,28.178,14.175,103.4,283.938,0.2628,SAFE
EVT_87930,21581,95006,0.25,8.717,157.8,23.078,0.13665,SAFE
EVT_87931,35570,85364,10.75,6.205,140.4,228.967,0.23394,SAFE
EVT_87932,26886,91914,19.451,12.366,124.0,465.55,0.00273,SAFE
EVT_87933,23123,95479,38.33,7.623,1.7,234.506,0.18572,SAFE
EVT_87934,27134,82013,10.784,5.788,176.7,429.559,0.26729,SAFE
EVT_87935,37790,85425,1.051,10.021,139.3,31.663,0.01777,SAFE
EVT_87936,48078,82387,18.84,5.836,62.8,324.012,0.25067,SAFE
EVT_87937,28464,90423,3.511,14.603,47.7,412.185,0.59887,MEDIUM
EVT_87938,35262,83027,5.983,14.156,16.0,206.107,0.63082,MEDIUM
EVT_87939,40261,92462,13.593,9.079,103.6,19.439,0.17393,SAFE
EVT_87940,45475,92661,25.811,13.405,35.0,287.574,0.17801,SAFE
EVT_87941,43626,93608,13.889,12.45,143.4,217.05,0.06387,SAFE
EVT_87942,25769,90751,5.202,11.929,132.5,133.191,0.46996,MEDIUM
EVT_87943,44874,86993,0.12,7.356,50.2,333.417,0.92538,HIGH
EVT_87944,23603,85946,7.531,9.421,144.2,122.605,0.40887,MEDIUM
EVT_87945,20310,92308,43.723,13.87,52.7,217.227,0.15209,SAFE
EVT_87946,47364,84249,23.361,13.846,114.9,100.284,0.07817,SAFE
EVT_87947,40945,98745,76.411,8.343,136.2,321.795,0.00789,SAFE
EVT_87948,36833,87461,27.177,14.975,148.1,236.221,0.09998,SAFE
EVT_87949,27855,88944,3.778,11.025,150.0,380.445,0.5867,MEDIUM
EVT_87950,28095,91320,4.511,8.662,29.5,71.677,0.03495,SAFE
EVT_87951,36244,99404,8.159,8.915,159.1,150.184,0.60514,MEDIUM
EVT_87952,41548,82595,4.416,6.489,142.3,270.474,0.60085,MEDIUM
EVT_87953,47334,90068,2.612,6.586,10.6,309.502,0.57807,MEDIUM
EVT_87954,30993,85355,24.341,10.423,174.9,46.32,0.28997,SAFE
EVT_87955,48408,97326,12.799,6.475,176.9,314.743,0.09412,SAFE
EVT_87956,34076,96063,11.55,8.635,131.1,370.364,0.1929,SAFE
EVT_87957,29949,91884,20.919,11.947,4.3,232.488,0.24925,SAFE
EVT_87958,29719,82377,7.819,11.445,71.5,223.359,0.61301,MEDIUM
EVT_87959,31771,85564,11.442,7.061,179.5,256.245,0.16369,SAFE
EVT_87960,34492,97754,0.876,10.365,11.4,344.84,0.87473,HIGH
EVT_87961,21390,81180,5.344,7.782,24.5,429.28,0.40158,MEDIUM
EVT_87962,40820,95297,7.22,9.619,86.7,128.451,0.49673,MEDIUM
EVT_87963,38245,84248,27.016,7.722,9.4,295.159,0.23565,SAFE
EVT_87964,28458,80806,35.104,10.329,68.6,449.924,0.09736,SAFE
EVT_87965,33597,81482,6.931,13.651,12.7,54.194,0.02591,SAFE
EVT_87966,46236,81409,41.413,14.446,34.2,457.332,0.20952,SAFE
EVT_87967,32560,92084,18.868,5.536,175.6,402.386,0.02909,SAFE
EVT_87968,42583,81188,0.475,13.234,6.4,176.075,0.5661,MEDIUM
EVT_87969,46191,90617,18.884,14.752,42.4,230.434,0.19874,SAFE
EVT_87970,27469,89485,10.503,10.792,102.8,60.467,0.22557,SAFE
EVT_87971,35778,87810,35.492,13.68,101.7,344.384,0.27227,SAFE
EVT_87972,30456,85565,0.112,6.935,168.8,137.8,0.67013,MEDIUM
EVT_87973,34065,94683,7.242,8.366,96.9,138.364,0.72325,MEDIUM
EVT_87974,32651,89111,17.067,13.143,3.3,222.216,0.02077,SAFE
EVT_87975,46673,83981,13.611,6.292,154.9,282.041,0.02912,SAFE
EVT_87976,38741,80537,6.526,8.733,84.1,331.446,0.51238,MEDIUM
EVT_87977,26991,88883,10.74,11.668,132.3,424.572,0.1785,SAFE
EVT_87978,46542,87006,15.781,9.019,39.8,221.074,0.12568,SAFE
EVT_87979,41902,88707,1.488,12.419,179.4,37.349,0.28815,SAFE
EVT_87980,33700,96851,4.824,8.438,110.3,24.723,0.05127,SAFE
EVT_87981,46459,97482,16.166,6.157,150.2,57.488,0.17585,SAFE
EVT_87982,24775,87886,60.299,8.737,142.1,133.47,0.02468,SAFE
EVT_87983,37780,82769,10.31,12.242,47.4,220.994,0.1386,SAFE
EVT_87984,44666,96356,13.96,8.774,118.2,333.314,0.17305,SAFE
EVT_87985,42876,96718,0.6,13.81,140.2,162.973,0.75459,MEDIUM
EVT_87986,49186,84333,38.499,11.789,99.1,126.335,0.24462,SAFE
EVT_87987,29445,88918,48.5,5.296,25.6,91.656,0.12516,SAFE
EVT_87988,48256,82403,6.452,8.857,175.6,466.738,0.46311,MEDIUM
EVT_87989,38292,85065,8.717,5.313,101.4,219.544,0.44463,MEDIUM
EVT_87990,31228,87431,58.587,8.492,139.0,202.144,0.23448,SAFE
EVT_87991,45114,81874,6.397,11.489,67.3,289.335,0.52038,MEDIUM
EVT_87992,24349,95641,10.038,5.812,35.6,479.945,0.16804,SAFE
EVT_87993,39312,84268,0.396,11.427,161.3,215.748,0.55636,MEDIUM
EVT_87994,42983,91606,6.988,5.909,39.5,251.034,0.74751,MEDIUM
EVT_87995,23305,85866,16.339,11.692,35.7,270.678,0.09006,SAFE
EVT_87996,29794,98097,1.098,8.934,163.6,448.814,0.97458,HIGH
EVT_87997,25114,89003,31.77,7.03,1.7,30.489,0.23418,SAFE
EVT_87998,49209,93813,10.703,9.774,156.2,282.19,0.04957,SAFE
EVT_87999,41336,86073,23.521,5.082,143.0,357.11,0.06358,SAFE
EVT_88000,20927,89006,24.12,14.386,154.9,493.692,0.08508,SAFE
EVT_88001,46565,91355,13.081,10.788,67.9,381.983,0.02019,SAFE
EVT_88002,29410,86006,6.405,8.251,5.8,306.196,0.63509,MEDIUM
EVT_88003,24154,80318,4.793,12.4,74.7,406.13,0.38938,MEDIUM
EVT_88004,38311,85296,3.223,11.9,3.8,231.364,0.39076,MEDIUM
EVT_88005,34723,95726,2.887,9.633,26.0,319.209,0.71349,MEDIUM
EVT_88006,22711,98071,13.057,8.743,56.0,215.422,0.00408,SAFE
EVT_88007,27154,85598,9.823,13.989,166.0,360.267,0.43679,MEDIUM
EVT_88008,30986,96110,2.075,9.649,149.4,475.745,0.7416,MEDIUM
EVT_88009,41969,91857,17.792,9.387,134.0,173.479,0.08577,SAFE
EVT_88010,26275,97032,4.63,13.18,88.5,113.6,0.74629,MEDIUM
EVT_88011,30148,81718,4.494,8.277,38.8,52.88,0.22918,SAFE
EVT_88012,31666,87601,31.482,7.54,55.9,123.76,0.00708,SAFE
EVT_88013,46651,82350,0.967,13.023,157.7,268.376,0.38625,MEDIUM
EVT_88014,36592,98553,6.436,13.487,96.6,40.546,0.15365,SAFE
EVT_88015,42329,83053,30.048,6.477,106.9,468.854,0.23885,SAFE
EVT_88016,38997,88907,3.836,6.867,137.0,93.531,0.16936,SAFE
EVT_88017,33925,97064,1.078,8.59,92.9,260.265,0.69764,MEDIUM
EVT_88018,30858,96642,7.197,14.143,81.1,354.966,0.68634,MEDIUM
EVT_88019,24627,97645,0.299,6.173,162.8,365.192,0.84345,HIGH
EVT_88020,41271,92353,130.739,11.609,173.2,458.089,0.23873,SAFE
EVT_88021,45245,91071,6.248,9.283,65.8,322.048,0.65257,MEDIUM
EVT_88022,47796,98646,35.269,6.83,16.1,383.093,0.15317,SAFE
EVT_88023,33762,96610,0.431,5.956,112.6,94.675,0.08468,SAFE
EVT_88024,46407,93787,6.474,6.077,136.1,309.779,0.7428,MEDIUM
EVT_88025,43279,80928,0.797,12.902,109.9,295.046,0.78418,MEDIUM
EVT_88026,28126,85333,7.837,6.112,161.2,430.31,0.75873,MEDIUM
EVT_88027,42074,98462,33.829,13.202,143.0,467.479,0.15102,SAFE
EVT_88028,47897,94609,27.664,13.853,90.5,451.659,0.01047,SAFE
EVT_88029,40665,82971,6.073,7.268,66.3,476.099,0.44064,MEDIUM
EVT_88030,45994,93916,4.367,10.027,57.5,289.895,0.31958,MEDIUM
EVT_88031,42493,90138,2.639,10.234,76.0,406.267,0.39819,MEDIUM
EVT_88032,30891,81424,3.143,8.674,62.1,234.073,0.7874,MEDIUM
EVT_88033,33527,83500,3.409,10.927,50.5,406.717,0.62032,MEDIUM
EVT_88034,29906,88287,11.321,9.739,22.2,133.581,0.12107,SAFE
EVT_88035,43715,90503,48.225,10.557,161.4,41.679,0.22256,SAFE
EVT_88036,28780,88408,7.972,12.57,37.4,237.47,0.64334,MEDIUM
EVT_88037,41894,99737,144.55,5.422,69.4,432.168,0.18026,SAFE
EVT_88038,40789,82530,8.471,7.636,156.2,338.751,0.30017,MEDIUM
EVT_88039,29317,99512,19.904,11.932,169.8,31.427,0.01186,SAFE
EVT_88040,39353,81499,1.385,9.468,177.5,100.981,0.31894,MEDIUM
EVT_88041,23060,89544,11.629,7.118,48.0,473.191,0.12581,SAFE
EVT_88042,35191,86332,31.055,9.048,168.0,281.556,0.0404,SAFE
EVT_88043,37856,87448,5.975,9.603,172.0,337.802,0.41046,MEDIUM
EVT_88044,47685,85896,27.152,11.842,168.1,472.635,0.1781,SAFE
EVT_88045,26247,98654,9.803,10.166,172.7,457.747,0.73899,MEDIUM
EVT_88046,38594,90543,3.006,5.694,160.5,323.073,0.33551,MEDIUM
EVT_88047,27287,95635,19.964,5.674,119.1,451.729,0.04427,SAFE
EVT_88048,25337,97442,11.723,14.038,39.3,67.578,0.14701,SAFE
EVT_88049,49550,90055,8.576,10.516,1.5,250.221,0.74673,MEDIUM
EVT_88050,33249,81066,10.472,10.686,171.7,114.574,0.20154,SAFE
EVT_88051,24980,99697,13.372,5.687,64.8,448.544,0.26339,SAFE
EVT_88052,35649,94672,16.294,9.995,21.1,32.115,0.19187,SAFE
EVT_88053,29419,94694,54.621,6.496,122.6,496.301,0.03448,SAFE
EVT_88054,21503,84405,15.248,11.268,128.1,456.773,0.21179,SAFE
EVT_88055,26407,99905,22.968,5.524,106.3,60.887,0.03646,SAFE
EVT_88056,42364,81051,17.569,11.889,69.6,113.463,0.1767,SAFE
EVT_88057,21943,84141,10.943,9.472,100.7,80.99,0.16156,SAFE
EVT_88058,36865,85232,6.359,13.896,47.8,423.565,0.39388,MEDIUM
EVT_88059,38080,89646,0.19,13.162,81.7,385.989,0.88506,HIGH
EVT_88060,23747,90983,23.725,8.149,136.6,392.749,0.22095,SAFE
EVT_88061,24946,87554,8.881,11.239,23.0,178.128,0.67182,MEDIUM
EVT_88062,47701,94608,4.73,13.072,180.0,148.018,0.59899,MEDIUM
EVT_88063,40872,90174,7.66,10.477,31.7,35.991,0.09102,SAFE
EVT_88064,48266,98219,58.96,12.223,96.3,454.808,0.23358,SAFE
EVT_88065,43080,89364,7.514,13.38,11.6,268.874,0.65564,MEDIUM
EVT_88066,33853,80602,10.939,7.523,37.4,360.459,0.05008,SAFE
EVT_88067,47770,99734,6.7,12.631,161.0,226.135,0.46913,MEDIUM
EVT_88068,30793,95054,11.518,10.644,71.6,199.925,0.21386,SAFE
EVT_88069,40359,96743,0.527,13.636,70.3,428.563,0.95132,HIGH
EVT_88070,29190,85917,38.086,13.882,89.6,454.696,0.20567,SAFE
EVT_88071,27706,82006,9.823,13.004,93.9,344.512,0.34688,MEDIUM
EVT_88072,29648,86212,1.902,12.921,96.5,167.466,0.69103,MEDIUM
EVT_88073,32834,86087,50.076,10.609,94.1,262.548,0.00987,SAFE
EVT_88074,22449,86409,10.435,10.558,15.8,326.58,0.21948,SAFE
EVT_88075,35594,83242,17.756,12.41,132.3,437.409,0.14444,SAFE
EVT_88076,26098,81616,10.54,12.709,5.0,308.942,0.00709,SAFE
EVT_88077,41222,95516,14.715,12.702,9.1,216.117,0.10264,SAFE
EVT_88078,31010,97355,0.591,11.729,9.7,360.922,0.98303,HIGH
EVT_88079,47280,98404,16.867,10.178,102.4,169.323,0.17301,SAFE
EVT_88080,27466,85370,6.929,11.45,88.8,48.197,0.11531,SAFE
EVT_88081,28479,88759,2.62,7.044,161.5,486.415,0.5161,MEDIUM
EVT_88082,22170,94562,3.0,8.007,5.9,229.194,0.35986,MEDIUM
EVT_88083,35113,83690,27.438,6.509,70.3,205.289,0.21832,SAFE
EVT_88084,21907,83970,0.026,11.531,93.7,97.585,0.21608,SAFE
EVT_88085,28898,93172,51.05,12.706,67.6,427.979,0.28341,SAFE
EVT_88086,42620,96055,5.977,7.623,50.2,140.947,0.43114,MEDIUM
EVT_88087,27662,80311,7.137,9.079,174.5,41.572,0.0664,SAFE
EVT_88088,24105,83684,13.823,9.793,139.0,453.74,0.08984,SAFE
EVT_88089,24955,94425,3.144,6.917,49.4,108.444,0.50198,MEDIUM
EVT_88090,22520,85986,8.403,7.125,65.2,472.51,0.73453,MEDIUM
EVT_88091,31782,97823,15.944,8.796,118.8,175.067,0.19206,SAFE
EVT_88092,43131,84518,19.669,8.249,64.1,155.768,0.26896,SAFE
EVT_88093,40044,86359,11.99,9.746,118.7,299.571,0.14337,SAFE
EVT_88094,31826,84895,3.159,9.197,141.8,207.811,0.48991,MEDIUM
EVT_88095,24173,89193,3.271,12.039,36.9,482.416,0.54362,MEDIUM
EVT_88096,41477,87559,4.922,5.985,38.9,336.242,0.7511,MEDIUM
EVT_88097,27088,84749,0.005,10.415,68.9,38.644,0.24278,SAFE
EVT_88098,21653,81628,3.472,11.526,110.0,93.185,0.26683,SAFE
EVT_88099,46318,89766,6.867,14.466,119.5,154.395,0.41248,MEDIUM
EVT_88100,36974,96639,8.429,14.497,51.5,452.287,0.52604,MEDIUM
EVT_88101,34075,98568,40.791,9.668,62.7,64.757,0.00805,SAFE
EVT_88102,44426,95908,10.255,9.84,130.2,171.54,0.20345,SAFE
EVT_88103,49892,95620,6.291,6.605,83.3,103.764,0.75718,MEDIUM
EVT_88104,44575,98771,49.312,9.7,140.2,411.725,0.1835,SAFE
EVT_88105,28489,85624,24.053,13.892,152.1,368.877,0.05586,SAFE
EVT_88106,20565,91774,49.44,12.91,41.3,325.552,0.003,SAFE
EVT_88107,47460,85167,18.011,10.516,37.7,406.576,0.18685,SAFE
EVT_88108,39444,83280,20.294,11.873,57.5,427.108,0.11837,SAFE
EVT_88109,49361,98721,16.137,11.29,24.7,456.354,0.12507,SAFE
EVT_88110,21172,98543,15.907,8.188,109.7,87.731,0.2351,SAFE
EVT_88111,38626,80827,12.865,8.683,135.8,39.358,0.02939,SAFE
EVT_88112,30565,91267,34.6,10.952,37.0,123.578,0.27649,SAFE
EVT_88113,29186,92036,6.021,14.167,105.7,249.754,0.67802,MEDIUM
EVT_88114,49312,81671,16.824,7.562,48.0,103.381,0.03004,SAFE
EVT_88115,49938,82346,7.535,14.075,137.4,92.596,0.02318,SAFE
EVT_88116,22849,86954,10.035,8.602,43.5,359.273,0.2381,SAFE
EVT_88117,30511,94295,18.753,13.22,58.9,159.661,0.10212,SAFE
EVT_88118,42856,82440,11.633,6.095,21.1,147.94,0.26988,SAFE
EVT_88119,37614,93275,16.307,8.511,33.8,289.362,0.19291,SAFE
EVT_88120,24140,96513,45.014,9.628,33.9,196.824,0.21017,SAFE
EVT_88121,34638,87505,45.474,10.72,94.6,194.528,0.04906,SAFE
EVT_88122,37409,90661,21.364,8.847,32.1,422.422,0.16958,SAFE
EVT_88123,32092,98987,7.64,12.36,51.5,318.374,0.47897,MEDIUM
EVT_88124,47138,88732,8.877,11.858,125.1,123.346,0.61122,MEDIUM
EVT_88125,21393,96332,14.986,6.81,122.4,399.922,0.26554,SAFE
EVT_88126,20628,83914,37.639,5.221,43.0,194.197,0.17535,SAFE
EVT_88127,48925,95238,12.149,5.561,60.5,403.342,0.0543,SAFE
EVT_88128,39380,83002,12.447,7.129,137.8,275.951,0.10205,SAFE
EVT_88129,47953,94024,10.756,13.327,63.2,105.26,0.21349,SAFE
EVT_88130,43251,89476,18.859,6.147,16.4,347.326,0.06778,SAFE
EVT_88131,25906,80806,33.635,10.032,135.6,39.954,0.09421,SAFE
EVT_88132,23282,91029,5.136,14.746,133.8,267.466,0.71542,MEDIUM
EVT_88133,43354,82785,18.401,11.164,97.1,344.271,0.16546,SAFE
EVT_88134,21893,92657,6.344,13.079,156.4,442.436,0.42915,MEDIUM
EVT_88135,36624,98160,35.145,7.402,37.9,140.145,0.15258,SAFE
EVT_88136,42684,88328,4.209,10.365,165.5,172.919,0.64213,MEDIUM
EVT_88137,37945,94911,30.211,10.799,128.8,191.213,0.11123,SAFE
EVT_88138,49634,93096,1.62,10.29,83.7,46.802,0.20185,SAFE
EVT_88139,47910,86854,3.855,7.869,79.9,146.949,0.48182,MEDIUM
EVT_88140,49430,99176,10.47,9.198,173.6,22.28,0.16516,SAFE
EVT_88141,40630,95435,47.302,9.158,93.9,215.424,0.2198,SAFE
EVT_88142,34833,95958,2.421,13.586,159.7,212.038,0.57153,MEDIUM
EVT_88143,27073,99115,8.539,5.802,46.1,74.141,0.16249,SAFE
EVT_88144,22668,89970,53.39,5.315,13.7,172.774,0.17529,SAFE
EVT_88145,33697,99484,61.029,7.05,14.5,477.977,0.19117,SAFE
EVT_88146,26190,91662,3.056,9.069,78.6,433.926,0.52506,MEDIUM
EVT_88147,39170,97916,11.405,11.056,143.6,30.304,0.09083,SAFE
EVT_88148,43704,92588,1.674,6.47,174.1,147.071,0.32018,MEDIUM
EVT_88149,34562,91802,14.322,6.05,22.2,236.711,0.1123,SAFE
EVT_88150,28866,88679,5.422,8.581,33.8,209.361,0.68528,MEDIUM
EVT_88151,46594,97212,0.78,14.963,46.3,190.436,0.6771,MEDIUM
EVT_88152,40211,81831,9.859,12.03,45.2,450.874,0.55227,MEDIUM
EVT_88153,23590,82722,2.199,12.258,81.7,149.272,0.69802,MEDIUM
EVT_88154,34019,90819,1.16,6.004,0.8,448.478,0.84872,HIGH
EVT_88155,37313,86292,1.201,10.693,147.7,58.283,0.17572,SAFE
EVT_88156,27791,85875,11.986,7.77,4.0,24.651,0.08952,SAFE
EVT_88157,30870,82885,2.032,7.098,16.4,438.903,0.6715,MEDIUM
EVT_88158,20855,81318,0.791,9.328,154.3,399.854,0.86364,HIGH
EVT_88159,47436,97392,22.998,11.147,95.0,364.692,0.1225,SAFE
EVT_88160,25427,96855,1.828,11.111,162.3,256.562,0.37786,MEDIUM
EVT_88161,25479,98087,17.019,12.944,179.2,270.667,0.24846,SAFE
EVT_88162,48952,81496,37.572,6.551,142.1,443.356,0.06087,SAFE
EVT_88163,33672,96781,42.21,5.144,22.5,278.324,0.23875,SAFE
EVT_88164,42071,97223,2.465,8.679,128.8,370.158,0.7335,MEDIUM
EVT_88165,39370,90181,23.208,14.064,157.7,18.167,0.1459,SAFE
EVT_88166,31204,99833,0.387,5.811,156.8,195.086,0.32989,MEDIUM
EVT_88167,39086,96400,19.951,7.443,151.1,171.599,0.18496,SAFE
EVT_88168,47514,91644,1.838,13.69,160.2,409.386,0.84136,HIGH
EVT_88169,48501,92753,3.238,6.255,88.7,125.637,0.33426,MEDIUM
EVT_88170,29024,85260,8.579,10.924,2.5,439.726,0.38676,MEDIUM
EVT_88171,27676,94663,30.696,11.584,125.0,452.476,0.09901,SAFE
EVT_88172,31847,85107,12.297,7.719,4.3,125.434,0.2708,SAFE
EVT_88173,47523,93140,51.142,10.671,107.8,479.231,0.24362,SAFE
EVT_88174,37123,84216,19.067,10.327,64.1,382.339,0.03131,SAFE
EVT_88175,25945,96611,7.123,10.254,133.1,383.706,0.65922,MEDIUM
EVT_88176,47010,85210,2.87,9.113,152.9,348.29,0.5655,MEDIUM
EVT_88177,20921,91635,2.192,10.64,47.2,394.082,0.73316,MEDIUM
EVT_88178,36972,91449,21.62,14.628,70.9,266.674,0.11582,SAFE
EVT_88179,44842,99307,4.944,10.134,12.0,33.555,0.00994,SAFE
EVT_88180,33072,91736,51.622,5.74,118.4,347.752,0.1961,SAFE
EVT_88181,32201,85337,31.85,8.559,119.1,462.307,0.01567,SAFE
EVT_88182,46178,89078,47.156,5.272,57.9,141.417,0.14007,SAFE
EVT_88183,26264,92352,14.241,10.743,28.1,240.077,0.28876,SAFE
EVT_88184,38683,82840,0.036,10.98,41.6,446.784,0.84143,HIGH
EVT_88185,41279,88913,9.758,14.892,67.8,441.047,0.6947,MEDIUM
EVT_88186,44950,93463,10.593,5.676,176.1,213.644,0.13104,SAFE
EVT_88187,39833,88858,27.863,9.524,169.9,337.251,0.04368,SAFE
EVT_88188,44348,87784,5.552,6.14,86.9,35.758,0.02841,SAFE
EVT_88189,33947,99267,28.278,7.368,135.0,240.975,0.19431,SAFE
EVT_88190,34628,81664,19.827,7.455,128.7,397.735,0.11456,SAFE
EVT_88191,31348,90615,0.131,5.977,26.0,439.576,0.91681,HIGH
EVT_88192,28120,82687,0.621,14.827,30.7,360.508,0.9484,HIGH
EVT_88193,28874,85890,3.169,14.233,151.5,441.475,0.43903,MEDIUM
EVT_88194,20071,86097,7.237,10.763,97.9,121.326,0.34449,MEDIUM
EVT_88195,37660,93772,6.269,7.063,28.1,255.908,0.77126,MEDIUM
EVT_88196,42328,97291,8.105,10.546,17.1,16.016,0.03318,SAFE
EVT_88197,45203,88636,3.175,11.307,39.2,271.215,0.5434,MEDIUM
EVT_88198,42294,81617,3.975,5.846,53.3,192.6,0.74563,MEDIUM
EVT_88199,22347,81956,9.52,14.955,19.1,322.381,0.45269,MEDIUM
EVT_88200,22439,82591,12.785,10.98,111.2,368.158,0.14608,SAFE
EVT_88201,21605,96806,21.867,12.732,67.7,486.346,0.09527,SAFE
EVT_88202,26642,80558,22.712,14.768,3.0,66.717,0.06246,SAFE
EVT_88203,49600,85129,45.111,8.227,151.2,72.94,0.28755,SAFE
EVT_88204,25125,82587,19.429,8.327,176.0,61.656,0.02612,SAFE
EVT_88205,40810,90339,13.786,8.599,63.9,188.602,0.10467,SAFE
EVT_88206,20046,83126,6.937,10.641,85.9,311.297,0.62436,MEDIUM
EVT_88207,41766,83731,4.288,6.184,55.2,369.305,0.63436,MEDIUM
EVT_88208,31977,93066,16.53,7.151,145.4,266.453,0.00954,SAFE
EVT_88209,47047,95029,14.185,10.16,141.8,181.578,0.28362,SAFE
EVT_88210,48850,81548,5.138,11.887,41.6,128.65,0.38637,MEDIUM
EVT_88211,25282,98061,0.249,10.34,139.1,72.047,0.02688,SAFE
EVT_88212,40359,99524,0.872,13.355,172.3,324.65,0.9835,HIGH
EVT_88213,35956,95671,31.802,5.75,127.3,406.873,0.15131,SAFE
EVT_88214,40035,84547,19.781,8.985,29.0,209.032,0.02331,SAFE
EVT_88215,31867,89963,11.99,6.374,93.7,11.259,0.1443,SAFE
EVT_88216,33320,91550,20.377,13.985,56.2,132.04,0.00444,SAFE
EVT_88217,24385,89483,25.465,12.48,138.3,434.837,0.07562,SAFE
EVT_88218,43184,87076,17.02,14.922,87.8,125.586,0.14681,SAFE
EVT_88219,38941,93117,1.825,6.992,61.0,411.672,0.81977,HIGH
EVT_88220,48687,97762,14.096,14.081,102.5,360.55,0.28933,SAFE
EVT_88221,43252,93001,7.391,5.561,80.7,12.518,0.01775,SAFE
EVT_88222,20952,96070,9.368,9.448,33.6,297.912,0.78766,MEDIUM
EVT_88223,24602,94451,16.64,12.117,47.9,428.677,0.23658,SAFE
EVT_88224,30329,83579,16.723,11.931,142.3,421.591,0.10457,SAFE
EVT_88225,49711,91878,8.784,14.956,37.9,281.792,0.4471,MEDIUM
EVT_88226,36094,88064,4.787,11.871,64.2,112.299,0.3251,MEDIUM
EVT_88227,40189,82033,21.229,12.173,11.5,393.869,0.15246,SAFE
EVT_88228,42386,81815,5.095,11.376,84.0,318.865,0.39486,MEDIUM
EVT_88229,25348,84068,2.109,8.654,167.3,161.823,0.4458,MEDIUM
EVT_88230,28678,82881,0.293,14.904,5.1,183.973,0.7086,MEDIUM
EVT_88231,28675,87100,16.223,8.752,136.9,270.857,0.18615,SAFE
EVT_88232,30619,90469,13.209,6.318,40.1,106.946,0.03352,SAFE
EVT_88233,22950,90910,12.022,5.731,12.2,336.335,0.06535,SAFE
EVT_88234,28692,93978,15.644,6.422,179.6,209.462,0.28935,SAFE
EVT_88235,42615,91437,46.953,5.782,175.1,388.396,0.019,SAFE
EVT_88236,30996,96004,5.921,8.562,147.7,401.239,0.7866,MEDIUM
EVT_88237,42321,94176,12.653,7.836,122.3,427.719,0.07323,SAFE
EVT_88238,33751,80454,3.62,5.666,12.0,372.362,0.63315,MEDIUM
EVT_88239,33242,99348,7.0,8.681,70.3,338.861,0.44588,MEDIUM
EVT_88240,32038,94160,3.864,11.566,112.4,437.159,0.71526,MEDIUM
EVT_88241,36134,88415,12.2,6.671,107.1,431.597,0.04003,SAFE
EVT_88242,33348,94724,3.369,5.572,167.6,284.29,0.73491,MEDIUM
EVT_88243,46542,93412,32.808,9.066,4.8,367.526,0.24395,SAFE
EVT_88244,36411,90439,15.679,13.154,60.9,360.866,0.12124,SAFE
EVT_88245,21691,93166,1.596,9.33,63.0,64.805,0.1668,SAFE
EVT_88246,48567,89597,11.424,6.239,3.8,207.683,0.00278,SAFE
EVT_88247,45331,98081,3.266,14.743,50.2,64.983,0.02982,SAFE
EVT_88248,38302,95897,1.499,11.982,151.2,297.204,0.42718,MEDIUM
EVT_88249,38781,86122,5.746,13.827,26.3,315.153,0.37983,MEDIUM
EVT_88250,23977,88603,13.343,9.318,116.0,20.191,0.16771,SAFE
EVT_88251,41741,84195,0.703,11.895,155.4,142.518,0.31737,MEDIUM
EVT_88252,42611,81020,11.116,10.765,124.8,36.189,0.10527,SAFE
EVT_88253,38401,94028,7.083,12.88,49.5,234.065,0.57026,MEDIUM
EVT_88254,43260,96189,12.603,7.22,47.0,25.847,0.21479,SAFE
EVT_88255,34520,83983,85.939,10.875,130.7,167.719,0.07912,SAFE
EVT_88256,45825,99444,0.616,12.553,122.9,201.352,0.33023,MEDIUM
EVT_88257,38804,91382,8.303,11.176,89.2,260.924,0.31121,MEDIUM
EVT_88258,42855,91361,1.507,8.797,136.4,128.803,0.30257,MEDIUM
EVT_88259,33851,95352,11.42,6.271,77.1,492.321,0.15467,SAFE
EVT_88260,20636,90932,4.535,9.556,89.6,169.869,0.41893,MEDIUM
EVT_88261,31224,99458,35.637,11.079,14.8,373.461,0.04869,SAFE
EVT_88262,33360,98851,23.996,9.879,89.5,137.313,0.28998,SAFE
EVT_88263,32187,98238,9.726,6.737,41.7,187.95,0.53751,MEDIUM
EVT_88264,38444,88040,13.381,14.665,138.3,78.16,0.01633,SAFE
EVT_88265,49594,81446,24.063,8.191,140.4,237.045,0.10569,SAFE
EVT_88266,40091,82034,2.165,10.754,115.8,50.634,0.14592,SAFE
EVT_88267,28426,80401,17.421,14.061,106.5,480.797,0.01986,SAFE
EVT_88268,24600,97834,4.032,7.012,66.1,34.673,0.24074,SAFE
EVT_88269,20623,87644,10.129,6.537,129.2,138.164,0.17431,SAFE
EVT_88270,44412,95554,12.259,13.246,113.5,496.337,0.1046,SAFE
EVT_88271,36323,91304,3.316,9.797,91.4,319.889,0.3233,MEDIUM
EVT_88272,39298,97676,6.68,14.648,81.0,148.777,0.53196,MEDIUM
EVT_88273,31613,99422,2.336,12.45,166.4,308.664,0.68923,MEDIUM
EVT_88274,49862,96129,7.45,6.178,11.2,197.335,0.61297,MEDIUM
EVT_88275,46886,80542,18.259,5.816,1.8,245.394,0.24193,SAFE
EVT_88276,25532,91255,32.969,10.996,64.4,20.42,0.0099,SAFE
EVT_88277,41759,91728,15.947,9.455,106.3,424.967,0.06611,SAFE
EVT_88278,38251,96957,12.472,5.088,21.9,374.03,0.04582,SAFE
EVT_88279,40745,80376,7.723,13.834,76.0,303.195,0.30517,MEDIUM
EVT_88280,44743,92401,46.128,14.767,83.5,41.714,0.06992,SAFE
EVT_88281,42578,83862,18.439,14.672,141.3,439.494,0.17465,SAFE
EVT_88282,45686,98996,27.967,10.963,25.9,292.286,0.15951,SAFE
EVT_88283,47338,88238,12.046,7.964,133.7,118.486,0.03577,SAFE
EVT_88284,44736,87298,15.578,8.239,136.3,179.034,0.22039,SAFE
EVT_88285,39292,93110,13.896,14.146,42.3,413.736,0.0927,SAFE
EVT_88286,40856,80847,59.742,11.011,169.5,270.568,0.25124,SAFE
EVT_88287,48202,83252,17.174,11.621,154.2,104.391,0.13386,SAFE
EVT_88288,20834,93432,6.1,8.033,106.1,151.646,0.42618,MEDIUM
EVT_88289,47804,83017,12.082,10.262,53.9,132.729,0.0965,SAFE
EVT_88290,41461,86070,19.306,13.992,19.0,485.8,0.09804,SAFE
EVT_88291,24509,82570,0.431,12.114,147.2,213.582,0.50317,MEDIUM
EVT_88292,23166,80545,8.459,8.359,31.9,88.74,0.05663,SAFE
EVT_88293,42058,84904,4.029,11.578,54.3,55.435,0.074,SAFE
EVT_88294,46251,90839,11.135,9.445,58.1,10.494,0.08708,SAFE
EVT_88295,44485,95100,2.156,12.529,23.0,246.064,0.61977,MEDIUM
EVT_88296,34429,94867,25.449,9.395,55.1,141.273,0.15003,SAFE
EVT_88297,21747,93136,34.598,12.04,154.2,349.5,0.18191,SAFE
EVT_88298,29988,90880,8.567,14.356,41.2,248.184,0.43144,MEDIUM
EVT_88299,24983,86626,14.206,13.6,31.1,20.22,0.17512,SAFE
EVT_88300,37385,90256,16.897,9.672,92.3,132.133,0.01564,SAFE
EVT_88301,39359,85014,8.286,14.754,46.8,224.981,0.73122,MEDIUM
EVT_88302,33089,88345,13.791,5.964,5.4,361.239,0.25651,SAFE
EVT_88303,27120,97251,0.186,8.267,57.6,40.991,0.18559,SAFE
EVT_88304,21219,83838,9.392,12.301,59.0,319.103,0.50768,MEDIUM
EVT_88305,33753,95305,11.868,11.617,73.8,126.845,0.26912,SAFE
EVT_88306,31959,88262,28.207,8.483,112.6,399.054,0.26035,SAFE
EVT_88307,23656,98650,5.457,12.005,102.6,496.116,0.61259,MEDIUM
EVT_88308,24361,94487,20.692,7.567,18.0,386.73,0.0155,SAFE
EVT_88309,41202,83055,5.412,5.898,177.6,155.491,0.63127,MEDIUM
EVT_88310,35711,96225,1.138,8.777,83.3,214.703,0.69543,MEDIUM
EVT_88311,39270,84188,19.646,7.281,23.3,88.276,0.03496,SAFE
EVT_88312,39977,96065,27.171,14.867,115.0,111.295,0.08332,SAFE
EVT_88313,22019,80384,8.736,11.11,35.0,479.509,0.53574,MEDIUM
EVT_88314,37473,90642,5.067,8.174,176.6,120.278,0.46798,MEDIUM
EVT_88315,22694,98184,28.888,7.792,4.6,147.443,0.12504,SAFE
EVT_88316,44068,82209,2.523,13.061,26.4,291.422,0.63554,MEDIUM
EVT_88317,42460,86328,13.79,10.939,153.6,260.199,0.09696,SAFE
EVT_88318,36890,92347,18.075,5.502,42.5,462.734,0.15246,SAFE
EVT_88319,21334,81204,34.17,5.398,67.2,221.075,0.11507,SAFE
EVT_88320,36951,82701,4.203,11.082,41.7,310.791,0.60925,MEDIUM
EVT_88321,21348,87836,13.253,7.58,77.0,401.038,0.17229,SAFE
EVT_88322,40969,86766,32.538,10.418,98.2,426.471,0.05669,SAFE
EVT_88323,37616,82462,6.223,7.936,157.0,72.342,0.1689,SAFE
EVT_88324,34960,90699,13.736,13.75,76.7,236.28,0.2061,SAFE
EVT_88325,36130,86157,0.203,11.173,97.0,331.275,0.96552,HIGH
EVT_88326,25170,80382,10.273,7.395,51.8,24.033,0.23139,SAFE
EVT_88327,46506,93045,10.469,8.923,51.8,171.521,0.10034,SAFE
EVT_88328,40136,85782,52.889,13.463,70.8,176.98,0.27002,SAFE
EVT_88329,35473,84932,1.975,6.875,157.1,397.074,0.95154,HIGH
EVT_88330,39208,82005,5.745,12.892,82.3,77.851,0.25089,SAFE
EVT_88331,29584,81129,13.652,10.233,101.7,119.474,0.1551,SAFE
EVT_88332,29897,97481,7.638,8.834,52.6,259.858,0.63653,MEDIUM
EVT_88333,25715,86064,4.175,7.95,159.4,252.284,0.7857,MEDIUM
EVT_88334,48873,95570,2.853,12.187,16.5,362.961,0.49283,MEDIUM
EVT_88335,32748,81453,11.173,10.28,1.5,172.357,0.27478,SAFE
EVT_88336,24800,81086,16.167,13.123,100.7,419.982,0.2833,SAFE
EVT_88337,43245,91508,16.386,7.496,95.1,166.511,0.01798,SAFE
EVT_88338,29274,92180,11.22,11.809,134.9,241.179,0.21551,SAFE
EVT_88339,41070,92664,36.625,5.514,6.3,348.988,0.08748,SAFE
EVT_88340,22533,86413,4.685,9.995,126.0,59.872,0.24586,SAFE
EVT_88341,41952,91467,3.979,6.707,89.2,219.918,0.30943,MEDIUM
EVT_88342,39900,96548,11.44,11.03,149.0,262.107,0.18746,SAFE
EVT_88343,27650,87057,13.822,7.667,135.3,319.052,0.19817,SAFE
EVT_88344,23662,85528,2.991,14.309,60.6,157.202,0.42432,MEDIUM
EVT_88345,38243,95086,10.292,13.754,111.5,83.796,0.02741,SAFE
EVT_88346,41382,83854,13.499,14.217,64.7,358.089,0.20692,SAFE
EVT_88347,20985,89333,23.932,14.7,52.6,28.503,0.28374,SAFE
EVT_88348,29181,95647,22.694,12.087,158.9,355.973,0.2718,SAFE
EVT_88349,20628,85906,6.602,11.78,36.6,498.733,0.33161,MEDIUM
EVT_88350,26911,92019,18.532,5.402,15.4,303.386,0.26304,SAFE
EVT_88351,33761,95980,16.324,12.21,96.8,468.521,0.00405,SAFE
EVT_88352,44367,82849,8.493,14.549,178.9,463.989,0.36239,MEDIUM
EVT_88353,35343,81984,4.095,6.508,124.6,410.461,0.37411,MEDIUM
EVT_88354,21748,85438,14.083,5.01,162.9,255.58,0.24349,SAFE
EVT_88355,44852,92348,8.253,5.53,23.8,107.662,0.51166,MEDIUM
EVT_88356,25555,81798,41.547,8.895,96.6,230.844,0.11451,SAFE
EVT_88357,29195,83289,16.738,9.536,71.8,238.612,0.25773,SAFE
EVT_88358,30255,83080,13.489,6.104,52.5,337.564,0.03807,SAFE
EVT_88359,37160,80067,2.309,10.237,58.1,194.016,0.73662,MEDIUM
EVT_88360,49058,89560,31.365,12.871,57.2,197.788,0.21815,SAFE
EVT_88361,43305,87030,37.905,5.735,68.5,183.807,0.03277,SAFE
EVT_88362,35125,98281,11.574,11.44,160.8,455.662,0.03191,SAFE
EVT_88363,28625,99886,1.176,9.786,4.7,72.926,0.28734,SAFE
EVT_88364,36354,88463,0.194,11.939,41.8,18.455,0.02898,SAFE
EVT_88365,25877,96276,21.867,13.956,15.8,183.817,0.20392,SAFE
EVT_88366,28948,95628,12.364,9.911,88.0,106.095,0.06318,SAFE
EVT_88367,34755,86816,16.126,10.762,72.8,236.83,0.07407,SAFE
EVT_88368,41741,96373,16.573,10.351,120.0,326.093,0.26134,SAFE
EVT_88369,21436,97321,1.23,12.87,72.6,58.638,0.09544,SAFE
EVT_88370,49893,83217,46.851,10.104,1.5,17.629,0.23486,SAFE
EVT_88371,23196,86823,18.875,11.784,133.9,100.749,0.25537,SAFE
EVT_88372,48211,97284,7.612,8.127,10.3,195.41,0.76967,MEDIUM
EVT_88373,47741,81311,12.073,10.534,62.6,118.819,0.04674,SAFE
EVT_88374,26340,90096,65.743,9.644,176.6,294.082,0.12521,SAFE
EVT_88375,27308,96362,6.435,7.158,169.8,226.752,0.46615,MEDIUM
EVT_88376,26391,89972,16.124,7.718,32.9,141.91,0.11791,SAFE
EVT_88377,33855,96279,22.19,6.593,1.3,419.895,0.24802,SAFE
EVT_88378,30635,97257,58.559,5.063,101.4,244.225,0.14903,SAFE
EVT_88379,41191,85742,8.537,7.774,87.2,221.166,0.39323,MEDIUM
EVT_88380,25058,88713,3.869,10.986,155.4,170.351,0.57617,MEDIUM
EVT_88381,25409,90531,11.094,13.048,164.5,373.558,0.17281,SAFE
EVT_88382,45725,95451,6.466,6.01,23.6,401.902,0.58089,MEDIUM
EVT_88383,23909,94054,2.745,11.38,13.8,439.226,0.68724,MEDIUM
EVT_88384,44356,97440,2.255,14.413,178.7,150.833,0.474,MEDIUM
EVT_88385,39798,97908,9.214,9.731,144.7,302.953,0.37685,MEDIUM
EVT_88386,26911,99856,12.267,14.778,87.0,456.283,0.24668,SAFE
EVT_88387,21439,96378,35.91,6.671,39.8,314.14,0.16102,SAFE
EVT_88388,46863,84095,3.248,7.894,35.2,138.491,0.34909,MEDIUM
EVT_88389,44697,99560,21.317,9.883,75.2,18.063,0.16591,SAFE
EVT_88390,42171,88910,34.427,11.348,116.6,460.557,0.16685,SAFE
EVT_88391,32644,89440,2.181,11.876,165.8,149.046,0.63291,MEDIUM
EVT_88392,33568,90347,0.722,11.202,112.8,336.21,0.87007,HIGH
EVT_88393,35795,89977,19.767,12.846,80.7,28.802,0.11031,SAFE
EVT_88394,34244,94452,1.329,7.403,15.2,61.404,0.12107,SAFE
EVT_88395,24844,81473,0.948,13.126,150.4,475.485,0.93889,HIGH
EVT_88396,44696,95054,21.53,6.444,25.8,392.731,0.26955,SAFE
EVT_88397,31454,95377,52.225,13.446,26.2,318.827,0.20924,SAFE
EVT_88398,38384,83864,1.419,13.96,173.7,361.943,0.89303,HIGH
EVT_88399,43673,95175,1.265,7.81,95.3,283.078,0.52415,MEDIUM
EVT_88400,27428,96077,5.004,14.827,87.0,188.473,0.32978,MEDIUM
EVT_88401,43528,94995,10.369,14.046,51.2,469.124,0.2131,SAFE
EVT_88402,45337,89773,17.609,7.695,152.2,283.896,0.01191,SAFE
EVT_88403,41357,84476,24.113,6.547,4.4,126.605,0.14698,SAFE
EVT_88404,37260,88945,17.151,14.222,170.5,161.277,0.27302,SAFE
EVT_88405,28318,80373,40.74,13.484,176.8,237.052,0.24308,SAFE
EVT_88406,45002,81988,8.676,7.829,72.5,76.405,0.06931,SAFE
EVT_88407,30835,96493,5.599,13.536,68.1,189.841,0.55447,MEDIUM
EVT_88408,26294,97296,4.363,11.413,10.4,385.667,0.5775,MEDIUM
EVT_88409,41223,85447,26.821,5.574,66.2,408.02,0.26693,SAFE
EVT_88410,32749,84833,5.856,12.308,47.8,215.697,0.35728,MEDIUM
EVT_88411,28537,92096,2.773,5.57,81.5,327.796,0.47197,MEDIUM
EVT_88412,33769,87184,5.605,14.551,143.0,184.16,0.49104,MEDIUM
EVT_88413,27917,87867,8.563,12.362,137.7,199.916,0.35876,MEDIUM
EVT_88414,26421,95225,1.8,13.311,103.5,222.6,0.76889,MEDIUM
EVT_88415,33219,91763,13.576,6.864,134.9,286.379,0.22323,SAFE
EVT_88416,24461,80406,10.209,11.017,7.7,197.666,0.05971,SAFE
EVT_88417,49874,88118,0.379,13.322,74.5,393.362,0.97314,HIGH
EVT_88418,40685,91855,27.77,10.089,101.7,319.902,0.15201,SAFE
EVT_88419,47455,83904,23.097,6.934,62.9,112.629,0.02543,SAFE
EVT_88420,29612,90415,7.677,13.363,34.0,372.921,0.51786,MEDIUM
EVT_88421,27802,89627,3.175,9.667,16.5,315.862,0.62632,MEDIUM
EVT_88422,20262,96014,13.926,5.891,171.6,165.034,0.21938,SAFE
EVT_88423,45363,80578,9.514,7.822,40.8,392.447,0.553,MEDIUM
EVT_88424,32873,81502,1.917,8.219,69.4,411.864,0.81706,HIGH
EVT_88425,23941,85787,4.216,5.325,137.5,395.57,0.49813,MEDIUM
EVT_88426,31316,98632,31.155,11.072,8.9,497.997,0.17241,SAFE
EVT_88427,46449,98185,1.039,10.913,65.3,273.584,0.51414,MEDIUM
EVT_88428,22736,89339,46.252,11.308,122.1,317.52,0.14259,SAFE
EVT_88429,20777,95645,4.321,5.694,118.9,180.148,0.70982,MEDIUM
EVT_88430,41120,89774,16.824,6.071,27.6,397.991,0.05461,SAFE
EVT_88431,35201,87288,28.522,12.453,105.6,392.989,0.03693,SAFE
EVT_88432,23504,95547,28.918,7.264,8.4,302.6,0.26736,SAFE
EVT_88433,20546,86553,13.843,13.683,13.8,348.267,0.12688,SAFE
EVT_88434,28287,83000,20.703,10.517,63.7,180.506,0.28635,SAFE
EVT_88435,41400,89506,13.741,8.329,127.6,449.795,0.23752,SAFE
EVT_88436,31634,90866,0.158,6.006,55.9,249.804,0.72645,MEDIUM
EVT_88437,46208,81096,8.763,14.51,31.8,435.803,0.72966,MEDIUM
EVT_88438,20454,91184,8.414,10.72,104.7,464.468,0.32452,MEDIUM
EVT_88439,46786,84558,25.033,7.839,95.8,475.103,0.2542,SAFE
EVT_88440,23092,95947,2.596,11.715,67.9,413.307,0.54138,MEDIUM
EVT_88441,33686,89595,6.353,10.626,30.6,415.859,0.46023,MEDIUM
EVT_88442,30789,87396,3.644,8.357,103.0,172.175,0.58389,MEDIUM
EVT_88443,26388,96690,22.299,14.738,148.9,110.468,0.16778,SAFE
EVT_88444,30322,85877,19.637,13.348,165.9,450.83,0.15958,SAFE
EVT_88445,23781,93851,6.66,7.614,19.3,317.498,0.67498,MEDIUM
EVT_88446,32050,97262,7.258,6.022,170.6,119.249,0.67153,MEDIUM
EVT_88447,46319,90477,5.933,14.149,12.7,314.3,0.74571,MEDIUM
EVT_88448,21651,91718,8.643,9.283,28.0,88.935,0.02724,SAFE
EVT_88449,36812,92394,8.483,10.053,165.1,17.055,0.11562,SAFE
EVT_88450,38341,98161,36.623,9.788,92.7,331.105,0.11545,SAFE
EVT_88451,30177,93864,35.996,14.705,54.5,22.411,0.21821,SAFE
EVT_88452,43967,93782,0.281,11.748,23.7,224.076,0.34381,MEDIUM
EVT_88453,41900,85298,10.666,10.495,168.8,124.857,0.0442,SAFE
EVT_88454,22059,80806,7.579,12.344,31.6,115.506,0.51268,MEDIUM
EVT_88455,39984,92630,7.502,12.027,127.3,493.735,0.66215,MEDIUM
EVT_88456,24307,81894,6.32,7.034,66.0,480.137,0.49313,MEDIUM
EVT_88457,29852,90116,2.168,7.449,100.9,43.597,0.13614,SAFE
EVT_88458,30424,88311,20.269,8.818,47.6,62.488,0.15628,SAFE
EVT_88459,45881,84319,102.628,10.312,37.9,186.722,0.09282,SAFE
EVT_88460,25068,84203,32.283,11.821,1.8,341.202,0.2519,SAFE
EVT_88461,21049,83582,11.617,11.574,170.6,70.71,0.01354,SAFE
EVT_88462,27208,84970,3.735,14.428,61.1,428.51,0.60142,MEDIUM
EVT_88463,24801,93444,6.723,11.461,25.7,297.428,0.66048,MEDIUM
EVT_88464,27631,87426,12.195,6.748,168.4,171.401,0.1364,SAFE
EVT_88465,24650,94866,41.168,11.037,30.8,328.682,0.06564,SAFE
EVT_88466,29597,82151,13.743,10.128,104.5,482.76,0.14401,SAFE
EVT_88467,25174,85218,3.717,12.625,85.3,250.415,0.60172,MEDIUM
EVT_88468,30657,82050,13.245,6.502,74.0,446.242,0.01424,SAFE
EVT_88469,47170,91265,12.623,8.084,43.1,416.601,0.05263,SAFE
EVT_88470,25177,93448,28.944,9.053,10.5,52.104,0.28653,SAFE
EVT_88471,24424,89120,14.969,10.516,108.6,169.355,0.1976,SAFE
EVT_88472,40635,90549,15.645,11.664,168.3,149.7,0.21251,SAFE
EVT_88473,34290,85588,4.078,12.106,14.2,413.312,0.5767,MEDIUM
EVT_88474,21829,82705,13.379,13.674,78.6,240.387,0.00489,SAFE
EVT_88475,38688,80754,19.767,9.972,96.0,147.987,0.03628,SAFE
EVT_88476,45638,96621,6.942,12.722,65.9,92.227,0.14254,SAFE
EVT_88477,38193,89295,10.06,13.854,140.1,69.148,0.27113,SAFE
EVT_88478,34072,84620,5.047,13.589,166.2,276.406,0.71232,MEDIUM
EVT_88479,32088,86561,7.029,12.627,109.1,245.53,0.34661,MEDIUM
EVT_88480,31346,87532,8.237,9.385,152.4,247.939,0.7669,MEDIUM
EVT_88481,20802,82102,33.869,14.742,126.4,208.724,0.17446,SAFE
EVT_88482,31512,80982,9.892,14.068,8.3,94.388,0.12414,SAFE
EVT_88483,22799,97341,17.429,6.479,0.4,149.58,0.22687,SAFE
EVT_88484,45403,89755,9.163,5.329,165.3,216.187,0.63126,MEDIUM
EVT_88485,35397,86942,0.468,8.537,75.3,294.436,0.76647,MEDIUM
EVT_88486,24931,86490,3.138,14.557,91.1,270.768,0.58922,MEDIUM
EVT_88487,39949,90298,6.245,13.051,6.0,296.089,0.70489,MEDIUM
EVT_88488,48362,91861,4.682,11.848,132.4,332.526,0.67145,MEDIUM
EVT_88489,29972,93850,14.547,12.269,51.4,119.274,0.15887,SAFE
EVT_88490,44745,99264,17.904,11.782,139.1,454.083,0.25668,SAFE
EVT_88491,25464,84464,12.421,6.626,87.9,271.892,0.00136,SAFE
EVT_88492,43917,87701,8.178,10.453,81.5,173.989,0.66589,MEDIUM
EVT_88493,46662,98042,2.788,8.795,115.4,227.521,0.62487,MEDIUM
EVT_88494,30279,93581,1.356,14.891,145.4,278.401,0.3217,MEDIUM
EVT_88495,47154,82672,25.568,8.29,18.4,327.745,0.09311,SAFE
EVT_88496,45362,85205,0.777,13.068,128.3,415.695,0.96437,HIGH
EVT_88497,47076,85223,5.396,14.433,66.9,213.837,0.5235,MEDIUM
EVT_88498,29731,93905,9.307,12.873,4.9,72.352,0.27456,SAFE
EVT_88499,38029,83679,1.861,12.199,84.2,62.663,0.07471,SAFE
EVT_88500,27151,88015,27.965,11.826,22.1,45.896,0.24598,SAFE
EVT_88501,42166,83998,12.759,10.598,70.3,428.348,0.21369,SAFE
EVT_88502,32728,91306,12.363,10.948,97.6,453.018,0.12247,SAFE
EVT_88503,48624,97520,13.324,11.406,172.1,15.88,0.17298,SAFE
EVT_88504,44646,88800,10.914,9.906,104.5,352.77,0.20127,SAFE
EVT_88505,39788,87987,26.391,10.62,86.7,10.385,0.03745,SAFE
EVT_88506,38265,95328,51.788,13.154,140.4,315.109,0.05476,SAFE
EVT_88507,40112,90802,10.62,6.966,72.5,231.866,0.1302,SAFE
EVT_88508,23986,93894,27.049,11.427,40.5,447.712,0.27006,SAFE
EVT_88509,29682,80397,35.452,13.344,98.0,262.518,0.08634,SAFE
EVT_88510,38600,95529,1.727,6.746,173.1,333.512,0.91205,HIGH
EVT_88511,46099,94848,0.028,13.493,16.9,305.118,0.80923,HIGH
EVT_88512,28726,92152,11.043,5.679,28.2,367.734,0.15438,SAFE
EVT_88513,39404,92013,1.335,5.689,55.5,221.13,0.36579,MEDIUM
EVT_88514,43304,93259,0.207,7.728,70.2,301.736,0.86693,HIGH
EVT_88515,40215,93695,20.266,6.939,24.9,188.906,0.02095,SAFE
EVT_88516,30988,85527,22.59,8.808,6.6,50.176,0.03246,SAFE
EVT_88517,47799,81447,6.444,6.608,10.3,142.182,0.5269,MEDIUM
EVT_88518,42521,94641,2.102,6.745,16.8,209.638,0.56179,MEDIUM
EVT_88519,46491,81068,9.444,8.073,104.9,395.294,0.70508,MEDIUM
EVT_88520,37535,87923,12.269,6.258,83.6,482.581,0.25643,SAFE
EVT_88521,37466,93513,7.336,6.313,42.2,469.748,0.73939,MEDIUM
EVT_88522,43957,84666,8.716,6.186,49.9,195.002,0.43391,MEDIUM
EVT_88523,32336,90497,28.303,7.88,143.8,417.368,0.07849,SAFE
EVT_88524,20224,80314,0.306,14.6,122.8,324.355,0.93245,HIGH
EVT_88525,26400,86225,62.943,8.336,22.3,416.313,0.00664,SAFE
EVT_88526,42713,89491,45.431,13.213,12.9,28.061,0.08471,SAFE
EVT_88527,47720,92123,5.876,7.982,54.1,31.718,0.06163,SAFE
EVT_88528,40678,81973,8.568,5.485,64.0,290.92,0.48054,MEDIUM
EVT_88529,49088,93307,55.745,14.249,91.8,224.551,0.06052,SAFE
EVT_88530,29156,86652,8.229,12.031,172.1,42.429,0.08417,SAFE
EVT_88531,44803,94776,47.519,6.84,64.7,377.183,0.28703,SAFE
EVT_88532,27468,92615,9.756,6.423,155.5,480.588,0.75923,MEDIUM
EVT_88533,20995,99728,11.345,7.456,127.9,38.003,0.23983,SAFE
EVT_88534,36285,85160,6.992,9.979,42.5,297.673,0.51403,MEDIUM
EVT_88535,40719,88241,45.724,10.91,23.3,71.567,0.27473,SAFE
EVT_88536,25712,94125,13.845,12.209,100.5,344.205,0.09079,SAFE
EVT_88537,22563,87945,30.778,11.853,135.5,214.427,0.2344,SAFE
EVT_88538,24702,88008,8.404,14.9,122.0,481.046,0.49217,MEDIUM
EVT_88539,47158,97879,4.304,5.491,114.7,21.387,0.24089,SAFE
EVT_88540,22518,98399,17.828,9.015,55.9,472.969,0.06822,SAFE
EVT_88541,47825,88161,15.206,13.9,101.9,268.79,0.25443,SAFE
EVT_88542,32490,96721,37.537,11.064,115.5,493.329,0.26444,SAFE
EVT_88543,39764,98396,6.846,9.763,20.7,321.914,0.34709,MEDIUM
EVT_88544,34534,88899,38.353,13.58,89.3,366.206,0.22389,SAFE
EVT_88545,43528,97378,1.008,6.469,153.4,52.003,0.02448,SAFE
EVT_88546,30047,99692,8.607,7.066,15.2,298.544,0.48605,MEDIUM
EVT_88547,24218,93021,4.327,14.938,100.1,475.142,0.69534,MEDIUM
EVT_88548,27479,99688,18.609,7.29,66.4,241.019,0.01991,SAFE
EVT_88549,36706,91861,8.973,13.606,149.0,20.7,0.19477,SAFE
EVT_88550,21187,91941,2.581,5.742,156.2,66.272,0.11513,SAFE
EVT_88551,31349,82265,3.307,6.946,74.5,244.071,0.37825,MEDIUM
EVT_88552,40381,97055,26.431,7.56,177.9,377.853,0.2029,SAFE
EVT_88553,47514,96258,20.545,7.238,38.5,285.189,0.10218,SAFE
EVT_88554,30789,94757,13.647,12.916,93.6,443.909,0.25106,SAFE
EVT_88555,28283,94815,49.116,11.832,49.1,165.155,0.08104,SAFE
EVT_88556,37786,86125,2.059,8.621,95.7,388.94,0.44704,MEDIUM
EVT_88557,24724,93806,8.914,5.798,100.4,122.95,0.75396,MEDIUM
EVT_88558,23014,99871,17.475,12.483,36.2,352.602,0.04526,SAFE
EVT_88559,27661,95969,10.993,9.761,139.5,125.65,0.20859,SAFE
EVT_88560,39131,89088,6.123,14.664,64.7,67.576,0.06576,SAFE
EVT_88561,48534,83548,44.859,8.177,177.2,135.17,0.01268,SAFE
EVT_88562,39402,82346,18.654,9.021,6.5,444.899,0.19242,SAFE
EVT_88563,20842,91881,5.801,7.515,68.7,375.204,0.69279,MEDIUM
EVT_88564,37052,82029,25.036,10.913,16.4,348.3,0.00993,SAFE
EVT_88565,42654,94481,0.943,7.888,115.5,497.896,0.94875,HIGH
EVT_88566,27968,85895,5.747,14.572,95.8,457.227,0.73791,MEDIUM
EVT_88567,44433,80742,37.688,7.37,77.2,386.389,0.02799,SAFE
EVT_88568,42766,90992,3.173,13.41,70.8,262.844,0.44856,MEDIUM
EVT_88569,35677,89143,4.119,6.431,77.2,270.863,0.75926,MEDIUM
EVT_88570,41848,96030,3.881,10.761,3.5,398.758,0.65673,MEDIUM
EVT_88571,31348,87538,23.587,5.788,174.4,452.587,0.22541,SAFE
EVT_88572,34046,80246,5.732,5.27,15.6,362.36,0.74302,MEDIUM
EVT_88573,29453,85748,14.492,13.104,127.0,350.308,0.02116,SAFE
EVT_88574,44886,86006,17.755,9.284,139.0,219.662,0.15883,SAFE
EVT_88575,48491,94351,67.864,14.166,137.3,40.294,0.00508,SAFE
EVT_88576,21787,95757,1.017,11.864,56.8,203.08,0.7195,MEDIUM
EVT_88577,37797,89640,19.548,8.622,101.6,117.329,0.09239,SAFE
EVT_88578,49950,91965,3.972,11.414,19.8,13.51,0.16924,SAFE
EVT_88579,46493,93945,1.577,14.423,110.5,249.824,0.37319,MEDIUM
EVT_88580,45008,81978,4.519,14.512,101.0,223.914,0.64191,MEDIUM
EVT_88581,41939,81179,3.301,13.04,165.6,307.629,0.40149,MEDIUM
EVT_88582,21980,97162,61.255,5.618,81.4,424.906,0.14934,SAFE
EVT_88583,34904,83810,28.756,8.491,25.5,155.652,0.1595,SAFE
EVT_88584,43962,91306,15.702,13.794,52.1,130.491,0.09051,SAFE
EVT_88585,31395,81810,12.375,7.285,70.4,221.553,0.09767,SAFE
EVT_88586,45540,90815,16.484,11.222,81.8,468.157,0.01264,SAFE
EVT_88587,42899,87105,0.81,10.356,159.2,53.321,0.02999,SAFE
EVT_88588,26244,82461,3.411,13.259,116.0,250.139,0.31709,MEDIUM
EVT_88589,25359,83517,38.092,12.68,117.2,324.533,0.26776,SAFE
EVT_88590,43307,95953,0.928,8.079,66.3,265.013,0.70284,MEDIUM
EVT_88591,46710,88495,28.905,10.06,57.1,261.945,0.19843,SAFE
EVT_88592,45589,80890,20.445,14.7,24.5,352.303,0.20368,SAFE
EVT_88593,44551,99509,36.583,9.59,62.0,49.015,0.20117,SAFE
EVT_88594,23915,88035,2.607,6.535,58.0,99.699,0.14118,SAFE
EVT_88595,45329,96303,6.794,12.318,138.3,193.997,0.76804,MEDIUM
EVT_88596,27947,93239,2.76,9.966,163.6,47.643,0.22476,SAFE
EVT_88597,40676,80805,11.319,12.863,143.0,291.997,0.05855,SAFE
EVT_88598,38703,96793,11.897,9.515,160.3,295.891,0.18432,SAFE
EVT_88599,32163,90591,3.656,11.726,31.5,33.267,0.18703,SAFE
EVT_88600,31115,94957,11.298,8.561,116.6,351.067,0.08695,SAFE
EVT_88601,23967,99428,8.964,6.2,79.7,357.517,0.32525,MEDIUM
EVT_88602,20816,91892,0.693,14.111,73.5,346.313,0.81951,HIGH
EVT_88603,27333,93642,8.715,10.488,80.1,345.759,0.47557,MEDIUM
EVT_88604,34239,89012,36.83,8.968,170.3,74.413,0.27822,SAFE
EVT_88605,48138,85333,5.265,6.408,109.1,137.614,0.70556,MEDIUM
EVT_88606,22628,98049,21.513,11.436,54.9,82.083,0.27137,SAFE
EVT_88607,32872,98957,4.284,9.262,28.8,200.583,0.6088,MEDIUM
EVT_88608,43749,99527,1.58,11.144,52.9,107.571,0.6805,MEDIUM
EVT_88609,28620,83198,3.763,12.631,63.0,363.75,0.35629,MEDIUM
EVT_88610,31014,86978,22.686,8.056,174.9,111.683,0.08677,SAFE
EVT_88611,48745,98812,1.436,6.84,100.1,312.258,0.98008,HIGH
EVT_88612,49630,98107,1.009,11.765,9.4,43.54,0.20146,SAFE
EVT_88613,32071,97282,17.596,12.575,93.6,268.577,0.24649,SAFE
EVT_88614,24242,98981,7.236,11.808,88.1,132.14,0.41344,MEDIUM
EVT_88615,49873,99765,34.421,8.503,49.7,161.945,0.0847,SAFE
EVT_88616,21411,85298,13.138,7.205,139.1,28.396,0.12049,SAFE
EVT_88617,40872,86076,12.512,12.694,16.7,382.268,0.00893,SAFE
EVT_88618,46387,99159,13.399,14.144,19.6,357.542,0.23605,SAFE
EVT_88619,33229,98954,22.58,14.835,26.9,239.629,0.08648,SAFE
EVT_88620,41588,91130,13.517,7.676,149.3,23.929,0.01417,SAFE
EVT_88621,35707,98032,5.059,6.533,42.4,165.085,0.40516,MEDIUM
EVT_88622,29775,82842,34.877,11.745,103.2,332.856,0.20855,SAFE
EVT_88623,39308,80986,6.4,7.446,2.5,253.749,0.67603,MEDIUM
EVT_88624,43629,91866,3.457,8.9,96.7,252.07,0.78896,MEDIUM
EVT_88625,46916,99125,5.939,10.16,115.6,149.069,0.56426,MEDIUM
EVT_88626,39045,92106,7.162,9.004,136.0,153.398,0.64937,MEDIUM
EVT_88627,25312,84188,34.491,10.867,6.2,212.362,0.06769,SAFE
EVT_88628,41743,81171,7.186,6.353,141.0,235.387,0.368,MEDIUM
EVT_88629,41949,88627,5.932,13.949,39.6,211.393,0.54346,MEDIUM
EVT_88630,37300,96436,8.161,7.53,5.9,27.735,0.08155,SAFE
EVT_88631,37295,99867,110.572,12.38,9.2,285.235,0.13458,SAFE
EVT_88632,41946,96378,1.512,7.045,22.3,473.899,0.95304,HIGH
EVT_88633,40572,89206,4.812,13.432,124.9,340.398,0.62821,MEDIUM
EVT_88634,24844,86981,26.355,5.794,144.9,342.655,0.15963,SAFE
EVT_88635,44882,90244,11.029,12.034,164.6,185.061,0.06561,SAFE
EVT_88636,36541,92362,34.493,8.906,156.1,64.257,0.13904,SAFE
EVT_88637,37253,94429,0.939,8.206,58.7,59.744,0.12902,SAFE
EVT_88638,26040,84612,6.255,12.341,174.6,94.021,0.11969,SAFE
EVT_88639,36419,99135,11.097,6.363,40.7,171.627,0.26672,SAFE
EVT_88640,29456,80713,16.165,13.456,170.3,224.428,0.28397,SAFE
EVT_88641,20790,84781,1.363,14.411,38.4,420.935,0.87053,HIGH
EVT_88642,30730,99365,30.379,9.61,82.3,445.548,0.21908,SAFE
EVT_88643,23594,97916,7.428,12.354,133.4,101.881,0.65243,MEDIUM
EVT_88644,41600,83235,1.737,5.969,157.9,324.765,0.90594,HIGH
EVT_88645,27537,97047,8.696,8.927,87.1,113.68,0.42311,MEDIUM
EVT_88646,29731,82369,27.359,9.946,18.5,343.282,0.00433,SAFE
EVT_88647,44397,93426,8.045,6.289,52.1,442.015,0.42789,MEDIUM
EVT_88648,30210,88028,40.252,9.879,42.6,246.705,0.00222,SAFE
EVT_88649,25144,89023,46.317,14.513,48.6,498.36,0.13668,SAFE
EVT_88650,34982,83356,11.114,8.393,127.7,53.18,0.11276,SAFE
EVT_88651,35266,83371,34.951,5.089,35.4,310.054,0.14616,SAFE
EVT_88652,22236,93756,20.757,14.09,168.7,74.093,0.10016,SAFE
EVT_88653,33737,84473,13.896,9.081,76.8,92.656,0.15237,SAFE
EVT_88654,26872,93964,4.646,11.544,26.7,175.523,0.34058,MEDIUM
EVT_88655,23467,81711,1.654,8.752,135.6,335.232,0.95425,HIGH
EVT_88656,26059,85542,1.426,6.612,101.2,234.961,0.31669,MEDIUM
EVT_88657,21345,94142,4.567,6.353,76.4,326.5,0.47044,MEDIUM
EVT_88658,47432,86460,6.127,8.475,159.8,334.485,0.53299,MEDIUM
EVT_88659,40797,83979,14.712,11.093,33.7,429.258,0.28086,SAFE
EVT_88660,43168,87275,8.222,5.761,101.4,298.473,0.39105,MEDIUM
EVT_88661,38928,80138,6.822,10.981,88.4,43.9,0.04901,SAFE
EVT_88662,35004,92707,13.161,10.712,42.7,25.274,0.00393,SAFE
EVT_88663,21531,97779,9.721,10.009,70.7,186.869,0.5846,MEDIUM
EVT_88664,20015,92287,76.759,14.72,161.5,135.456,0.26443,SAFE
EVT_88665,33687,98424,45.988,11.73,9.9,214.065,0.11514,SAFE
EVT_88666,37987,89844,2.15,13.007,66.5,339.817,0.61009,MEDIUM
EVT_88667,36016,97348,3.085,8.489,78.2,490.825,0.66185,MEDIUM
EVT_88668,22354,95225,8.365,10.857,53.4,136.301,0.45089,MEDIUM
EVT_88669,40748,99160,7.73,6.658,136.6,276.678,0.45771,MEDIUM
EVT_88670,45998,99384,14.369,10.116,67.7,357.579,0.27355,SAFE
EVT_88671,21782,82841,3.262,13.24,35.0,251.439,0.55563,MEDIUM
EVT_88672,46277,84493,44.132,10.3,16.5,134.87,0.25335,SAFE
EVT_88673,28778,97704,4.379,9.639,50.0,306.09,0.69142,MEDIUM
EVT_88674,29098,89552,12.618,9.041,4.6,495.816,0.16034,SAFE
EVT_88675,49146,96973,3.559,10.999,149.7,261.58,0.5461,MEDIUM
EVT_88676,46073,84442,1.49,13.39,15.2,417.034,0.81281,HIGH
EVT_88677,46398,84619,4.963,7.505,161.9,107.881,0.47216,MEDIUM
EVT_88678,22872,86070,7.874,9.852,101.9,121.933,0.66404,MEDIUM
EVT_88679,25718,99061,12.057,7.859,11.6,42.156,0.06675,SAFE
EVT_88680,38159,80268,30.888,8.391,85.9,429.021,0.24468,SAFE
EVT_88681,47994,86435,9.093,13.892,84.7,261.322,0.74812,MEDIUM
EVT_88682,34933,85682,0.949,10.653,57.9,331.7,0.93906,HIGH
EVT_88683,38176,90765,2.094,10.757,66.7,309.578,0.38267,MEDIUM
EVT_88684,24048,96233,5.853,11.042,91.9,150.786,0.4644,MEDIUM
EVT_88685,41448,97941,30.565,7.362,174.6,50.512,0.08624,SAFE
EVT_88686,35202,99613,0.045,12.675,80.7,226.638,0.71769,MEDIUM
EVT_88687,34929,82147,54.378,6.618,171.4,359.869,0.20311,SAFE
EVT_88688,32359,94098,0.079,7.36,140.1,78.461,0.25996,SAFE
EVT_88689,21607,98164,38.303,8.126,21.3,226.639,0.2632,SAFE
EVT_88690,48929,94320,21.085,5.516,35.5,401.9,0.14127,SAFE
EVT_88691,26766,82782,12.163,9.594,69.7,40.6,0.24227,SAFE
EVT_88692,40663,80271,1.91,13.008,66.8,496.329,0.94343,HIGH
EVT_88693,32397,95175,0.679,6.867,107.4,342.663,0.92522,HIGH
EVT_88694,22652,96039,10.388,8.393,80.6,232.719,0.24598,SAFE
EVT_88695,41155,94924,3.692,7.857,111.9,444.699,0.63399,MEDIUM
EVT_88696,41940,90408,1.628,6.193,161.8,356.312,0.92365,HIGH
EVT_88697,29960,90483,38.497,6.077,86.6,82.861,0.16209,SAFE
EVT_88698,31601,81456,16.317,10.101,76.1,243.16,0.12456,SAFE
EVT_88699,42017,80377,6.345,7.684,66.6,28.206,0.10722,SAFE
EVT_88700,33623,91464,6.636,11.73,179.6,359.295,0.44436,MEDIUM
EVT_88701,24782,97856,0.16,5.129,103.3,288.616,0.36447,MEDIUM
EVT_88702,30460,89308,1.208,7.838,88.0,16.825,0.00686,SAFE
EVT_88703,48473,88300,1.648,5.688,27.2,190.62,0.77947,MEDIUM
EVT_88704,35860,91205,1.754,6.236,102.3,143.855,0.47117,MEDIUM
EVT_88705,35423,88931,14.226,8.014,83.8,54.811,0.06761,SAFE
EVT_88706,34898,89674,32.175,6.989,75.8,396.62,0.11736,SAFE
EVT_88707,47622,97840,7.248,9.219,155.2,458.737,0.32622,MEDIUM
EVT_88708,30670,96445,6.699,9.237,120.4,330.624,0.52388,MEDIUM
EVT_88709,33777,88197,11.213,8.712,165.8,53.748,0.18787,SAFE
EVT_88710,32407,87111,6.705,11.449,124.5,354.363,0.55885,MEDIUM
EVT_88711,25866,81755,30.205,14.896,105.4,370.404,0.03406,SAFE
EVT_88712,46060,99019,16.375,9.692,105.1,35.784,0.12296,SAFE
EVT_88713,49113,97000,28.688,9.749,59.2,106.748,0.23735,SAFE
EVT_88714,20425,95599,15.804,12.493,15.6,168.262,0.26871,SAFE
EVT_88715,31979,80803,33.008,10.654,148.9,274.251,0.07553,SAFE
EVT_88716,33884,83827,14.198,7.603,62.7,284.57,0.06044,SAFE
EVT_88717,22681,89498,8.577,7.605,42.2,112.972,0.70748,MEDIUM
EVT_88718,48758,95480,12.552,9.355,145.4,307.519,0.2836,SAFE
EVT_88719,45766,95196,14.484,13.224,15.0,175.551,0.18226,SAFE
EVT_88720,46455,94047,31.403,13.335,95.1,89.809,0.11156,SAFE
EVT_88721,36829,85933,7.076,12.265,175.4,86.211,0.02263,SAFE
EVT_88722,44691,95907,5.072,9.11,45.2,456.709,0.48071,MEDIUM
EVT_88723,29220,89088,7.827,6.118,121.3,282.929,0.33703,MEDIUM
EVT_88724,47021,88483,16.43,6.516,82.3,375.55,0.15175,SAFE
EVT_88725,37834,98165,28.033,10.525,163.4,486.689,0.19184,SAFE
EVT_88726,30184,98618,0.53,10.431,41.8,406.213,0.88885,HIGH
EVT_88727,23101,90702,8.165,5.861,59.3,468.39,0.77487,MEDIUM
EVT_88728,29493,85976,33.389,14.16,68.5,267.254,0.18592,SAFE
EVT_88729,41497,96353,22.951,6.733,98.4,316.132,0.08269,SAFE
EVT_88730,25974,92877,7.524,6.448,154.1,493.683,0.53432,MEDIUM
EVT_88731,38836,83114,20.209,5.314,128.5,406.394,0.14148,SAFE
EVT_88732,23840,80813,5.978,12.294,150.8,380.841,0.37147,MEDIUM
EVT_88733,40946,90983,13.108,5.909,72.4,115.54,0.25623,SAFE
EVT_88734,20925,89585,26.649,6.405,23.0,155.947,0.24482,SAFE
EVT_88735,22439,91875,14.49,14.865,6.3,297.039,0.11213,SAFE
EVT_88736,23356,92565,13.546,7.387,40.1,300.128,0.0073,SAFE
EVT_88737,47054,96936,9.359,9.983,164.6,121.21,0.3548,MEDIUM
EVT_88738,20881,80109,7.183,10.801,134.1,293.841,0.78299,MEDIUM
EVT_88739,37064,84017,19.8,10.136,123.9,21.248,0.08729,SAFE
EVT_88740,47172,85811,2.046,8.846,53.7,126.809,0.3609,MEDIUM
EVT_88741,35064,90365,9.408,6.392,106.9,343.825,0.41986,MEDIUM
EVT_88742,25916,94631,9.164,9.509,7.3,401.038,0.51391,MEDIUM
EVT_88743,44921,91554,11.865,12.715,92.6,365.211,0.20225,SAFE
EVT_88744,30670,82932,42.949,12.16,66.8,299.753,0.01059,SAFE
EVT_88745,28231,96621,67.639,8.587,138.2,404.471,0.18338,SAFE
EVT_88746,38125,96593,12.161,5.973,110.0,286.05,0.03917,SAFE
EVT_88747,41542,83024,10.667,14.663,112.3,300.615,0.13977,SAFE
EVT_88748,41517,95046,6.703,13.303,66.2,460.957,0.43686,MEDIUM
EVT_88749,37086,83061,23.546,9.272,91.9,296.9,0.07658,SAFE
EVT_88750,39182,86935,0.279,9.455,127.2,430.164,0.98551,HIGH
EVT_88751,34755,92390,0.684,9.788,19.9,101.968,0.71853,MEDIUM
EVT_88752,29438,88941,24.837,9.65,82.9,311.983,0.07364,SAFE
EVT_88753,39975,96405,23.578,13.2,56.3,186.084,0.19056,SAFE
EVT_88754,35338,87046,9.356,5.191,147.6,152.94,0.35303,MEDIUM
EVT_88755,45118,85840,1.284,9.994,58.0,241.942,0.66285,MEDIUM
EVT_88756,44330,94592,0.711,9.677,1.8,303.883,0.91193,HIGH
EVT_88757,31655,92000,2.146,8.118,137.7,150.464,0.31355,MEDIUM
EVT_88758,41412,91734,0.414,11.791,145.1,212.592,0.4579,MEDIUM
EVT_88759,28382,84621,5.176,11.923,102.1,470.324,0.45479,MEDIUM
EVT_88760,24229,90932,0.524,13.665,132.3,170.002,0.76963,MEDIUM
EVT_88761,43618,98533,0.961,14.82,28.5,472.351,0.86081,HIGH
EVT_88762,27616,99344,6.112,10.453,46.1,437.023,0.35941,MEDIUM
EVT_88763,25603,83471,11.027,13.81,97.8,400.889,0.05496,SAFE
EVT_88764,34368,92163,19.509,7.958,170.3,237.565,0.15821,SAFE
EVT_88765,24194,89326,10.011,6.674,40.2,409.141,0.26748,SAFE
EVT_88766,32988,90507,13.472,9.668,70.2,330.269,0.0975,SAFE
EVT_88767,39980,89947,9.941,12.922,152.1,66.235,0.02308,SAFE
EVT_88768,22573,91309,7.285,9.278,23.1,56.054,0.19696,SAFE
EVT_88769,34394,82650,64.672,10.243,79.9,174.577,0.10244,SAFE
EVT_88770,32637,97757,3.112,9.269,106.2,314.877,0.3975,MEDIUM
EVT_88771,22530,88132,38.229,7.653,165.1,384.281,0.17553,SAFE
EVT_88772,33153,83418,5.112,8.124,174.1,489.735,0.41001,MEDIUM
EVT_88773,44580,88753,16.411,14.591,24.6,158.904,0.2801,SAFE
EVT_88774,47361,97296,22.105,13.057,75.2,202.215,0.24189,SAFE
EVT_88775,46578,92924,28.939,5.442,171.1,279.398,0.11537,SAFE
EVT_88776,23305,99995,26.698,5.543,148.7,341.87,0.04725,SAFE
EVT_88777,20684,81816,15.848,11.678,174.4,175.534,0.09566,SAFE
EVT_88778,49358,95231,20.844,12.102,43.6,81.214,0.28294,SAFE
EVT_88779,24290,95742,5.455,14.234,25.8,154.202,0.46016,MEDIUM
EVT_88780,22668,96148,23.099,9.185,57.3,419.038,0.16289,SAFE
EVT_88781,24382,93228,19.202,10.21,39.5,484.569,0.06431,SAFE
EVT_88782,20472,81172,14.329,8.038,49.9,132.352,0.06254,SAFE
EVT_88783,49492,82914,12.146,14.067,90.3,277.932,0.22759,SAFE
EVT_88784,35386,82354,16.262,9.462,67.2,464.456,0.06618,SAFE
EVT_88785,36080,98943,7.495,14.508,6.7,70.13,0.21121,SAFE
EVT_88786,32194,84402,39.811,6.587,156.6,264.041,0.14351,SAFE
EVT_88787,23900,89551,14.383,12.011,65.9,197.849,0.07327,SAFE
EVT_88788,43059,96588,26.656,12.487,168.5,434.409,0.03394,SAFE
EVT_88789,35226,95083,20.275,7.306,62.2,334.608,0.27975,SAFE
EVT_88790,49879,92653,14.954,9.991,39.2,13.965,0.16882,SAFE
EVT_88791,39438,95362,4.531,11.483,66.6,206.11,0.39311,MEDIUM
EVT_88792,32785,84218,16.753,12.141,168.0,413.301,0.00901,SAFE
EVT_88793,41858,92234,18.859,10.435,143.5,472.215,0.01668,SAFE
EVT_88794,44370,81695,1.741,9.595,138.8,60.876,0.25499,SAFE
EVT_88795,20769,83922,7.397,9.08,33.2,452.024,0.53177,MEDIUM
EVT_88796,20802,83049,35.476,10.606,16.4,217.412,0.0331,SAFE
EVT_88797,27436,95300,10.663,9.747,19.3,406.719,0.25784,SAFE
EVT_88798,24933,87295,5.397,11.908,50.9,197.823,0.31383,MEDIUM
EVT_88799,20039,82911,1.468,12.765,4.0,181.529,0.52015,MEDIUM
EVT_88800,44840,95252,4.517,5.911,61.4,365.448,0.45344,MEDIUM
EVT_88801,23825,93005,15.882,14.296,53.5,274.704,0.19866,SAFE
EVT_88802,47257,99219,18.254,12.328,33.1,379.144,0.27575,SAFE
EVT_88803,29100,90452,16.546,10.746,111.5,239.417,0.14612,SAFE
EVT_88804,48637,88505,24.574,8.994,19.4,380.433,0.09215,SAFE
EVT_88805,21413,96072,10.517,11.085,74.1,304.142,0.10903,SAFE
EVT_88806,31065,92597,31.437,13.719,137.3,65.829,0.28655,SAFE
EVT_88807,23343,93208,24.777,5.753,76.5,160.665,0.10429,SAFE
EVT_88808,49792,98283,14.639,11.484,151.0,438.284,0.23302,SAFE
EVT_88809,45583,99557,39.687,14.997,80.3,460.279,0.07388,SAFE
EVT_88810,34534,97800,4.696,6.488,92.7,239.031,0.48734,MEDIUM
EVT_88811,46203,86811,4.819,12.01,14.8,269.619,0.49124,MEDIUM
EVT_88812,39134,92444,28.261,8.195,175.3,278.061,0.07057,SAFE
EVT_88813,30108,94906,5.825,13.088,96.5,139.873,0.36149,MEDIUM
EVT_88814,49975,83184,10.602,14.859,49.4,479.301,0.12937,SAFE
EVT_88815,35889,89816,30.107,12.604,103.1,374.451,0.25192,SAFE
EVT_88816,24516,95912,1.437,12.5,52.3,383.838,0.8143,HIGH
EVT_88817,41563,96269,8.019,13.217,37.9,22.258,0.01473,SAFE
EVT_88818,37942,85828,2.381,13.148,143.2,475.376,0.69358,MEDIUM
EVT_88819,25976,95111,26.089,9.826,66.7,76.841,0.07889,SAFE
EVT_88820,40575,97645,6.247,13.171,108.3,95.008,0.04642,SAFE
EVT_88821,32905,84373,1.195,10.656,91.9,165.322,0.69266,MEDIUM
EVT_88822,42369,89972,42.038,5.98,41.6,220.549,0.00405,SAFE
EVT_88823,24773,84140,3.577,5.972,12.1,30.469,0.1446,SAFE
EVT_88824,34096,84245,2.66,12.074,40.4,118.208,0.44676,MEDIUM
EVT_88825,47257,89210,2.888,8.487,55.9,155.634,0.63493,MEDIUM
EVT_88826,23076,86245,12.707,11.835,17.4,354.897,0.286,SAFE
EVT_88827,47419,81993,34.018,10.022,116.6,212.144,0.02475,SAFE
EVT_88828,29526,87754,21.34,6.811,7.0,81.799,0.15277,SAFE
EVT_88829,33474,84496,4.869,8.579,29.9,59.661,0.08301,SAFE
EVT_88830,35350,95100,8.089,7.816,26.8,79.59,0.11621,SAFE
EVT_88831,26338,93582,16.563,10.65,24.6,260.506,0.02819,SAFE
EVT_88832,44554,80771,13.655,14.516,114.7,102.777,0.1964,SAFE
EVT_88833,21211,87648,18.733,10.811,95.6,333.178,0.18451,SAFE
EVT_88834,47743,85309,36.35,9.492,132.5,106.777,0.27052,SAFE
EVT_88835,31723,93055,20.028,12.088,168.3,374.323,0.28246,SAFE
EVT_88836,26369,93754,15.451,7.501,0.3,123.598,0.27423,SAFE
EVT_88837,48884,88822,0.85,9.575,174.4,199.485,0.76133,MEDIUM
EVT_88838,43556,88545,5.839,7.838,140.7,168.211,0.51939,MEDIUM
EVT_88839,44252,94564,0.268,7.925,57.7,85.103,0.0395,SAFE
EVT_88840,36628,94846,21.819,10.106,121.7,433.061,0.02311,SAFE
EVT_88841,28461,98178,2.785,7.746,128.1,417.538,0.44768,MEDIUM
EVT_88842,48305,84006,2.068,13.081,173.9,326.133,0.62635,MEDIUM
EVT_88843,28286,80430,10.777,5.907,116.0,439.801,0.08269,SAFE
EVT_88844,27650,86964,52.396,5.961,51.6,398.117,0.17237,SAFE
EVT_88845,41064,86142,37.392,14.522,66.2,172.492,0.02705,SAFE
EVT_88846,20764,98245,22.424,9.29,80.0,370.235,0.25429,SAFE
EVT_88847,30452,89936,12.714,13.911,80.8,251.751,0.0346,SAFE
EVT_88848,35946,90768,2.931,5.275,34.3,109.658,0.72125,MEDIUM
EVT_88849,36503,93643,9.623,6.371,134.8,290.553,0.60612,MEDIUM
EVT_88850,20758,83083,31.922,11.886,39.3,458.815,0.2126,SAFE
EVT_88851,34748,89269,2.294,5.206,14.8,266.331,0.65685,MEDIUM
EVT_88852,27978,85118,6.417,14.83,28.7,169.422,0.41446,MEDIUM
EVT_88853,20744,91092,43.732,5.824,80.4,384.722,0.20822,SAFE
EVT_88854,23165,91668,14.689,9.989,55.3,426.911,0.2603,SAFE
EVT_88855,36468,96310,43.23,6.093,138.2,291.942,0.28406,SAFE
EVT_88856,30858,98470,42.156,14.306,93.4,59.684,0.25393,SAFE
EVT_88857,44712,92179,2.562,13.56,28.5,283.095,0.3399,MEDIUM
EVT_88858,43306,95578,3.137,7.706,59.0,400.526,0.77559,MEDIUM
EVT_88859,38117,90733,40.404,8.547,79.8,226.133,0.2318,SAFE
EVT_88860,45852,90751,11.304,10.609,20.0,381.921,0.12435,SAFE
EVT_88861,40494,81972,32.749,12.502,129.2,403.149,0.21405,SAFE
EVT_88862,48470,93916,54.373,6.563,49.4,167.336,0.1874,SAFE
EVT_88863,45297,90114,18.787,13.431,105.8,489.566,0.25039,SAFE
EVT_88864,38298,91833,11.228,9.204,81.7,122.807,0.04968,SAFE
EVT_88865,39415,80621,42.066,11.96,125.5,46.053,0.15485,SAFE
EVT_88866,38334,82400,1.702,11.067,106.8,90.121,0.28321,SAFE
EVT_88867,33778,91747,20.397,7.036,154.2,55.975,0.11533,SAFE
EVT_88868,33324,86195,2.641,7.979,137.3,362.148,0.54273,MEDIUM
EVT_88869,36567,92221,9.232,11.714,131.9,110.575,0.69045,MEDIUM
EVT_88870,27558,99737,26.061,12.35,34.9,497.474,0.05801,SAFE
EVT_88871,37068,91225,12.412,5.07,62.7,60.292,0.16547,SAFE
EVT_88872,41502,95689,11.52,9.667,102.4,162.083,0.20215,SAFE
EVT_88873,26671,81942,8.704,9.041,83.8,249.548,0.40425,MEDIUM
EVT_88874,20748,81944,20.943,12.767,90.2,36.302,0.12827,SAFE
EVT_88875,43340,95321,18.511,5.449,105.1,239.382,0.09635,SAFE
EVT_88876,35112,86422,22.032,5.325,22.4,441.788,0.09588,SAFE
EVT_88877,35728,87408,3.278,12.203,2.6,78.598,0.23634,SAFE
EVT_88878,30822,97646,2.161,6.618,86.5,369.754,0.33804,MEDIUM
EVT_88879,48335,89159,9.718,14.605,157.9,195.159,0.78522,MEDIUM
EVT_88880,48101,85024,21.73,7.094,146.7,225.1,0.03195,SAFE
EVT_88881,48769,94509,11.931,6.075,131.3,90.973,0.01199,SAFE
EVT_88882,33722,93728,20.897,10.748,113.7,267.464,0.00163,SAFE
EVT_88883,20988,97396,25.487,8.302,126.1,448.89,0.01881,SAFE
EVT_88884,47070,96274,66.216,9.609,139.3,161.839,0.14565,SAFE
EVT_88885,29749,82717,8.909,11.863,139.8,331.198,0.65192,MEDIUM
EVT_88886,49740,97942,1.783,10.148,142.2,227.928,0.75851,MEDIUM
EVT_88887,22758,94737,27.901,7.254,125.1,452.432,0.08393,SAFE
EVT_88888,32662,98359,5.746,14.175,67.7,316.955,0.41374,MEDIUM
EVT_88889,22472,91214,5.172,14.368,48.1,317.057,0.34753,MEDIUM
EVT_88890,37389,97295,5.236,8.296,102.7,34.485,0.21289,SAFE
EVT_88891,45335,94051,11.639,11.605,84.1,180.456,0.22518,SAFE
EVT_88892,48321,90696,15.673,5.765,92.8,448.984,0.1485,SAFE
EVT_88893,23369,82215,3.32,6.02,134.2,171.37,0.36805,MEDIUM
EVT_88894,29525,97905,19.079,12.042,14.1,467.625,0.27827,SAFE
EVT_88895,20258,98200,3.377,6.026,92.0,481.782,0.59486,MEDIUM
EVT_88896,25869,93991,23.005,7.68,14.8,29.193,0.24536,SAFE
EVT_88897,28796,92674,3.85,10.077,72.4,204.081,0.52497,MEDIUM
EVT_88898,42392,94165,18.483,12.097,153.8,234.078,0.09743,SAFE
EVT_88899,47607,97257,1.995,6.274,112.1,452.684,0.90516,HIGH
EVT_88900,20984,82467,0.449,10.668,87.1,449.213,0.8023,HIGH
EVT_88901,37503,95614,29.797,6.28,120.3,392.658,0.28394,SAFE
EVT_88902,23074,94175,13.927,9.096,110.4,380.575,0.16158,SAFE
EVT_88903,22276,86908,12.389,5.674,126.8,370.437,0.03817,SAFE
EVT_88904,24928,98937,10.619,14.33,46.0,188.629,0.22817,SAFE
EVT_88905,38334,95188,10.438,5.25,138.5,139.989,0.20644,SAFE
EVT_88906,23284,86494,13.379,6.972,5.2,299.664,0.01269,SAFE
EVT_88907,21650,95076,44.529,6.641,24.2,94.079,0.26546,SAFE
EVT_88908,32156,91804,13.298,14.074,166.2,283.38,0.23988,SAFE
EVT_88909,49915,98136,3.018,7.012,21.4,217.428,0.63029,MEDIUM
EVT_88910,21845,88866,2.155,7.554,130.5,332.779,0.32674,MEDIUM
EVT_88911,30841,89502,4.382,9.911,50.2,175.762,0.38745,MEDIUM
EVT_88912,39552,85323,9.647,7.741,51.2,249.517,0.33234,MEDIUM
EVT_88913,21870,90097,7.482,12.449,123.2,112.402,0.75968,MEDIUM
EVT_88914,44179,96738,3.692,12.313,145.8,193.767,0.64819,MEDIUM
EVT_88915,20250,90155,0.53,9.728,28.4,76.768,0.06591,SAFE
EVT_88916,31557,99274,3.701,10.675,42.6,409.322,0.61271,MEDIUM
EVT_88917,26864,97212,17.932,14.381,136.3,145.906,0.06433,SAFE
EVT_88918,34554,88900,1.337,14.007,20.0,467.239,0.96748,HIGH
EVT_88919,21773,82988,17.927,5.484,48.8,131.929,0.16511,SAFE
EVT_88920,49735,88512,30.56,9.865,158.7,350.627,0.17071,SAFE
EVT_88921,42706,86114,34.7,14.709,11.1,477.48,0.27783,SAFE
EVT_88922,28162,94480,7.206,10.445,125.2,340.283,0.37183,MEDIUM
EVT_88923,40354,82154,68.617,6.707,29.8,304.35,0.22947,SAFE
EVT_88924,33386,86451,24.113,8.155,9.7,461.608,0.05046,SAFE
EVT_88925,28747,96341,6.669,7.8,41.5,321.55,0.76795,MEDIUM
EVT_88926,28044,87490,15.073,5.937,138.0,130.448,0.07844,SAFE
EVT_88927,21020,95086,6.131,5.701,15.9,151.527,0.65296,MEDIUM
EVT_88928,30637,91427,0.921,7.324,15.4,145.33,0.55887,MEDIUM
EVT_88929,35375,82046,5.558,6.941,60.1,214.679,0.55474,MEDIUM
EVT_88930,24502,95671,14.12,8.609,66.8,219.598,0.00469,SAFE
EVT_88931,25086,87390,4.733,6.052,121.1,458.141,0.42879,MEDIUM
EVT_88932,39394,89716,2.103,12.245,112.8,387.611,0.45399,MEDIUM
EVT_88933,49255,93549,4.729,10.648,149.2,485.112,0.74625,MEDIUM
EVT_88934,28597,83774,26.017,14.132,6.8,152.921,0.24302,SAFE
EVT_88935,24457,99498,9.504,6.604,134.1,47.351,0.2865,SAFE
EVT_88936,23478,80087,5.786,10.507,10.3,382.385,0.74811,MEDIUM
EVT_88937,34458,98076,0.943,9.547,87.1,277.74,0.63678,MEDIUM
EVT_88938,44120,85604,13.912,13.014,161.0,320.613,0.02283,SAFE
EVT_88939,34506,92421,84.131,13.501,21.1,144.719,0.25715,SAFE
EVT_88940,40851,99643,6.105,13.037,115.0,407.95,0.49408,MEDIUM
EVT_88941,28304,87149,17.216,14.492,80.9,172.907,0.26054,SAFE
EVT_88942,47305,99378,3.05,14.05,10.7,74.719,0.01349,SAFE
EVT_88943,22902,95308,23.465,8.209,6.1,251.122,0.03579,SAFE
EVT_88944,35349,86529,0.978,13.795,168.6,432.704,0.90286,HIGH
EVT_88945,44794,92945,1.958,7.916,42.6,156.702,0.40681,MEDIUM
EVT_88946,27847,91216,8.056,7.154,91.5,486.404,0.57325,MEDIUM
EVT_88947,39575,99034,18.491,11.667,154.2,95.969,0.21493,SAFE
EVT_88948,37586,92107,10.372,8.318,167.4,22.577,0.22145,SAFE
EVT_88949,40271,95053,4.964,7.07,1.6,289.487,0.70483,MEDIUM
EVT_88950,47485,83162,5.209,13.85,42.4,322.962,0.67879,MEDIUM
EVT_88951,49433,84690,13.444,13.465,62.2,393.973,0.28092,SAFE
EVT_88952,32326,95411,3.435,8.1,102.5,354.963,0.50468,MEDIUM
EVT_88953,46438,99056,32.701,10.481,15.8,78.155,0.05584,SAFE
EVT_88954,37339,89419,9.166,6.521,74.6,469.714,0.54127,MEDIUM
EVT_88955,32156,98127,40.31,11.541,131.3,459.415,0.02293,SAFE
EVT_88956,41464,95466,0.523,5.119,125.4,85.482,0.20379,SAFE
EVT_88957,24655,94216,8.739,7.006,174.9,175.017,0.77264,MEDIUM
EVT_88958,22764,83251,5.116,6.084,6.4,285.315,0.48231,MEDIUM
EVT_88959,37981,98469,15.217,7.386,154.8,498.063,0.24761,SAFE
EVT_88960,29534,81162,5.484,13.966,121.9,267.747,0.34349,MEDIUM
EVT_88961,23253,93779,4.969,14.854,129.7,111.676,0.54195,MEDIUM
EVT_88962,42665,89351,3.559,5.509,139.8,132.408,0.46406,MEDIUM
EVT_88963,43962,99855,0.893,6.276,2.7,37.637,0.16441,SAFE
EVT_88964,44410,99953,7.503,8.785,127.5,278.11,0.42184,MEDIUM
EVT_88965,35540,93728,50.249,5.978,30.2,60.489,0.13624,SAFE
EVT_88966,41307,95490,1.298,9.241,24.7,26.683,0.00588,SAFE
EVT_88967,38276,92310,10.567,12.109,19.9,94.226,0.1592,SAFE
EVT_88968,41049,82566,14.5,8.956,107.4,423.118,0.09321,SAFE
EVT_88969,47080,85286,14.169,9.061,2.1,130.936,0.17465,SAFE
EVT_88970,44890,99109,9.187,9.706,87.4,275.14,0.6466,MEDIUM
EVT_88971,49410,83867,9.73,14.372,86.1,249.575,0.37109,MEDIUM
EVT_88972,34233,81201,4.224,10.757,28.7,272.566,0.69666,MEDIUM
EVT_88973,46668,92569,21.003,9.204,0.6,43.87,0.0842,SAFE
EVT_88974,39067,95311,41.352,14.281,94.3,44.968,0.17412,SAFE
EVT_88975,35318,99897,0.114,7.752,172.5,265.753,0.51426,MEDIUM
EVT_88976,37661,99794,9.66,14.211,24.4,416.16,0.70316,MEDIUM
EVT_88977,29684,82775,44.126,5.905,160.9,422.923,0.11592,SAFE
EVT_88978,37795,84476,13.049,13.02,28.1,37.628,0.13032,SAFE
EVT_88979,37445,86354,12.359,14.437,57.9,346.375,0.23761,SAFE
EVT_88980,37927,98357,21.22,13.266,106.2,199.28,0.05937,SAFE
EVT_88981,24021,89452,38.158,9.092,45.1,424.871,0.22224,SAFE
EVT_88982,49566,87676,1.332,8.957,51.0,29.207,0.0223,SAFE
EVT_88983,36522,87993,7.225,8.732,136.4,72.11,0.0175,SAFE
EVT_88984,46208,95658,1.236,12.906,26.2,231.53,0.5255,MEDIUM
EVT_88985,34476,81487,0.504,12.77,8.1,157.73,0.7287,MEDIUM
EVT_88986,41133,83306,6.94,14.027,7.9,44.902,0.04955,SAFE
EVT_88987,39018,94257,44.668,6.153,59.7,380.109,0.1038,SAFE
EVT_88988,43166,85484,3.8,14.602,69.0,242.672,0.52762,MEDIUM
EVT_88989,20472,83726,5.88,5.629,130.8,29.03,0.08979,SAFE
EVT_88990,43547,85660,29.229,13.741,133.1,328.964,0.16646,SAFE
EVT_88991,37468,84759,4.416,5.233,174.3,276.283,0.57424,MEDIUM
EVT_88992,42105,84412,33.647,13.582,96.6,23.543,0.1133,SAFE
EVT_88993,28081,84138,5.565,5.469,4.6,167.009,0.61688,MEDIUM
EVT_88994,23322,84278,2.071,8.781,75.4,40.292,0.27765,SAFE
EVT_88995,20222,94483,39.449,11.426,122.4,195.009,0.1614,SAFE
EVT_88996,20356,87369,9.26,11.11,123.1,326.353,0.52677,MEDIUM
EVT_88997,44087,97829,39.566,9.776,91.6,145.742,0.14843,SAFE
EVT_88998,20931,80496,5.963,12.621,172.9,182.683,0.61411,MEDIUM
EVT_88999,40742,93285,5.522,13.806,124.3,91.217,0.03402,SAFE
EVT_89000,32988,99379,5.194,10.79,143.5,381.904,0.37764,MEDIUM
EVT_89001,41840,88413,34.368,14.9,18.9,365.916,0.18046,SAFE
EVT_89002,27339,89092,1.33,11.755,91.2,183.586,0.33241,MEDIUM
EVT_89003,24184,84401,2.937,5.247,20.5,27.205,0.19036,SAFE
EVT_89004,30929,81450,2.317,12.237,91.4,30.208,0.19581,SAFE
EVT_89005,23436,88694,21.165,11.131,122.9,416.586,0.18255,SAFE
EVT_89006,45398,95797,9.696,5.907,133.7,116.674,0.52005,MEDIUM
EVT_89007,39922,99387,1.785,9.584,143.7,106.49,0.74701,MEDIUM
EVT_89008,37438,92811,7.856,9.359,5.7,37.838,0.06443,SAFE
EVT_89009,43892,94064,2.95,11.734,47.4,235.007,0.72112,MEDIUM
EVT_89010,43457,89615,3.568,8.213,166.7,82.992,0.21833,SAFE
EVT_89011,38287,98763,3.687,8.544,31.4,228.645,0.59292,MEDIUM
EVT_89012,44927,86739,10.234,8.73,71.5,10.898,0.05422,SAFE
EVT_89013,25724,90871,25.714,9.284,22.8,22.795,0.01532,SAFE
EVT_89014,49819,90103,57.678,14.999,10.1,328.512,0.09921,SAFE
EVT_89015,34221,98276,5.436,11.607,123.2,147.452,0.76437,MEDIUM
EVT_89016,35544,93630,39.934,14.08,111.7,170.466,0.14785,SAFE
EVT_89017,31919,87991,5.688,8.823,90.6,401.992,0.68392,MEDIUM
EVT_89018,28500,90282,39.571,13.897,70.9,61.47,0.26457,SAFE
EVT_89019,26712,90352,23.683,9.251,20.3,411.684,0.20702,SAFE
EVT_89020,35314,89444,29.804,14.982,143.3,363.998,0.27909,SAFE
EVT_89021,39892,87602,1.419,10.642,7.6,346.619,0.89632,HIGH
EVT_89022,33804,94315,10.017,6.254,92.9,282.049,0.25092,SAFE
EVT_89023,38422,91656,19.938,9.687,58.0,476.157,0.17673,SAFE
EVT_89024,26944,83423,9.023,13.125,102.6,441.736,0.46013,MEDIUM
EVT_89025,38428,91676,3.524,11.545,118.8,487.626,0.34964,MEDIUM
EVT_89026,48359,80655,30.781,5.838,86.4,316.144,0.20747,SAFE
EVT_89027,24284,86918,10.91,10.204,54.6,247.742,0.04405,SAFE
EVT_89028,41858,82100,17.39,7.971,61.1,445.331,0.21023,SAFE
EVT_89029,33795,87049,2.4,14.48,39.5,67.608,0.19465,SAFE
EVT_89030,21462,87518,8.613,10.656,32.4,324.242,0.51387,MEDIUM
EVT_89031,38767,85642,30.026,13.408,145.8,111.179,0.18627,SAFE
EVT_89032,29019,96678,11.827,14.99,143.2,263.687,0.0031,SAFE
EVT_89033,23624,81959,0.026,10.805,28.4,439.266,0.951,HIGH
EVT_89034,30571,96869,8.923,13.927,142.3,390.491,0.33451,MEDIUM
EVT_89035,34572,82909,9.501,9.708,88.9,219.86,0.67535,MEDIUM
EVT_89036,38238,80191,0.357,8.452,32.1,98.887,0.12408,SAFE
EVT_89037,40982,93143,5.237,9.789,132.3,431.959,0.71999,MEDIUM
EVT_89038,29807,93955,42.418,9.594,162.8,69.475,0.0569,SAFE
EVT_89039,42109,82238,12.262,11.579,14.3,370.203,0.13634,SAFE
EVT_89040,44755,82288,8.101,11.521,164.0,31.31,0.07812,SAFE
EVT_89041,22870,97512,0.422,14.567,157.5,107.732,0.5225,MEDIUM
EVT_89042,28308,94241,15.739,5.927,147.6,212.16,0.20377,SAFE
EVT_89043,27313,86065,13.516,9.403,174.3,35.266,0.04871,SAFE
EVT_89044,49156,80844,14.115,11.633,94.8,470.744,0.10215,SAFE
EVT_89045,45878,87160,28.146,9.912,84.0,497.334,0.19639,SAFE
EVT_89046,32266,87487,5.75,14.089,39.8,90.171,0.00142,SAFE
EVT_89047,36403,93729,42.576,11.322,62.8,189.656,0.2383,SAFE
EVT_89048,28809,81874,1.091,6.119,108.1,40.789,0.26248,SAFE
EVT_89049,43008,85928,6.96,10.468,52.4,275.384,0.65137,MEDIUM
EVT_89050,36262,85822,7.934,11.627,149.4,246.175,0.54299,MEDIUM
EVT_89051,36232,90297,1.299,5.399,112.2,480.729,0.95364,HIGH
EVT_89052,47988,88603,13.934,6.15,84.6,374.952,0.02708,SAFE
EVT_89053,49731,94065,1.318,8.751,122.2,279.203,0.44987,MEDIUM
EVT_89054,23136,91615,7.023,8.143,153.8,454.047,0.33481,MEDIUM
EVT_89055,37231,87110,23.437,11.509,87.3,484.427,0.28069,SAFE
EVT_89056,42031,98507,3.311,8.371,121.7,431.297,0.51438,MEDIUM
EVT_89057,43059,96426,10.376,13.894,55.3,261.781,0.00577,SAFE
EVT_89058,38376,89752,10.588,10.378,156.1,233.127,0.01235,SAFE
EVT_89059,40656,85500,22.655,14.065,12.2,490.615,0.17202,SAFE
EVT_89060,45842,90593,4.038,14.414,153.3,485.238,0.73264,MEDIUM
EVT_89061,24275,94499,1.984,13.432,106.7,159.067,0.42634,MEDIUM
EVT_89062,40971,82616,1.353,5.66,56.3,425.456,0.85677,HIGH
EVT_89063,29905,83123,3.892,5.893,71.5,368.853,0.31769,MEDIUM
EVT_89064,37102,94494,4.026,8.951,149.9,420.376,0.35472,MEDIUM
EVT_89065,33476,95926,38.712,11.319,33.8,471.828,0.03136,SAFE
EVT_89066,26489,99222,29.812,8.0,13.8,175.09,0.28295,SAFE
EVT_89067,41676,96001,1.764,8.112,40.1,191.466,0.35813,MEDIUM
EVT_89068,29640,83576,17.089,10.749,82.4,344.494,0.22245,SAFE
EVT_89069,46535,85352,17.145,9.759,158.0,387.5,0.2268,SAFE
EVT_89070,41494,94931,8.651,8.898,113.3,468.42,0.58324,MEDIUM
EVT_89071,39204,95080,15.021,10.999,155.1,315.71,0.18861,SAFE
EVT_89072,33727,81300,0.847,9.633,115.4,260.935,0.68609,MEDIUM
EVT_89073,30924,92289,28.27,7.28,73.2,197.105,0.0762,SAFE
EVT_89074,33991,94713,15.322,12.454,99.3,170.311,0.0057,SAFE
EVT_89075,29111,93220,3.56,6.246,153.8,34.609,0.1053,SAFE
EVT_89076,39783,92497,32.157,6.222,64.1,84.18,0.08067,SAFE
EVT_89077,24086,81869,5.783,12.7,43.8,68.937,0.11895,SAFE
EVT_89078,28603,91056,47.536,14.448,156.2,428.856,0.15305,SAFE
EVT_89079,36415,94839,11.069,7.85,66.7,195.049,0.06822,SAFE
EVT_89080,40635,89469,0.35,5.993,37.5,282.585,0.33878,MEDIUM
EVT_89081,47056,87104,4.25,11.363,95.4,496.29,0.78908,MEDIUM
EVT_89082,28520,82436,5.285,9.455,159.3,343.565,0.72225,MEDIUM
EVT_89083,40058,93341,50.548,7.327,143.5,200.087,0.01922,SAFE
EVT_89084,37217,84103,21.517,14.043,134.1,155.622,0.1816,SAFE
EVT_89085,47187,95517,4.346,13.507,126.3,178.225,0.5171,MEDIUM
EVT_89086,23952,81940,11.701,5.55,95.2,312.551,0.10385,SAFE
EVT_89087,33124,81476,37.677,13.653,78.4,492.059,0.259,SAFE
EVT_89088,30947,84887,16.546,14.97,74.9,197.868,0.10711,SAFE
EVT_89089,39232,93355,4.093,14.642,68.3,389.411,0.68121,MEDIUM
EVT_89090,46195,80684,4.223,9.293,46.1,340.226,0.51808,MEDIUM
EVT_89091,33484,94471,42.443,9.406,26.7,376.483,0.18447,SAFE
EVT_89092,36388,98573,18.879,8.581,27.9,184.57,0.01456,SAFE
EVT_89093,30043,85785,6.835,6.303,150.6,270.209,0.41336,MEDIUM
EVT_89094,42312,81175,6.213,8.52,88.5,29.916,0.28647,SAFE
EVT_89095,42526,85962,13.997,5.012,167.7,473.37,0.08381,SAFE
EVT_89096,32193,82498,5.028,11.891,175.7,372.748,0.40184,MEDIUM
EVT_89097,42294,96487,17.161,8.886,5.2,445.311,0.2731,SAFE
EVT_89098,38809,81674,15.327,12.596,86.4,288.533,0.27537,SAFE
EVT_89099,43443,95101,4.517,6.823,141.0,186.57,0.56858,MEDIUM
EVT_89100,42408,80587,29.152,5.407,111.5,270.806,0.14002,SAFE
EVT_89101,25868,88589,4.85,6.644,168.6,443.081,0.44504,MEDIUM
EVT_89102,37908,85243,18.922,12.527,68.9,249.624,0.05457,SAFE
EVT_89103,25303,80256,9.184,11.657,86.5,217.409,0.45168,MEDIUM
EVT_89104,27021,92327,0.116,11.772,124.1,219.17,0.67204,MEDIUM
EVT_89105,26766,96727,2.506,8.835,3.0,219.231,0.48526,MEDIUM
EVT_89106,27146,90366,16.601,6.087,74.7,367.381,0.12667,SAFE
EVT_89107,48416,87511,34.529,8.712,130.1,159.556,0.13108,SAFE
EVT_89108,30792,95282,1.242,14.818,158.9,297.106,0.66214,MEDIUM
EVT_89109,36645,99905,13.069,5.787,140.8,43.62,0.05952,SAFE
EVT_89110,21955,85534,34.095,7.373,126.5,138.685,0.22392,SAFE
EVT_89111,38947,88496,18.858,5.212,63.8,375.591,0.27588,SAFE
EVT_89112,40910,88024,9.168,7.593,145.0,65.602,0.01447,SAFE
EVT_89113,30801,95952,35.251,12.487,33.5,442.129,0.25927,SAFE
EVT_89114,48507,90435,19.08,7.716,103.7,185.429,0.14117,SAFE
EVT_89115,20972,97002,55.586,10.973,63.4,351.608,0.03427,SAFE
EVT_89116,36122,97985,11.882,8.961,94.3,57.67,0.23127,SAFE
EVT_89117,29577,99793,4.481,10.459,146.7,21.975,0.22624,SAFE
EVT_89118,37198,90392,13.677,13.873,124.5,256.808,0.16109,SAFE
EVT_89119,23875,84378,2.508,9.242,32.6,101.781,0.53446,MEDIUM
EVT_89120,41033,96129,66.413,10.982,133.2,418.315,0.05882,SAFE
EVT_89121,46574,93851,15.544,9.872,88.1,386.748,0.20553,SAFE
EVT_89122,22612,80537,6.856,8.512,175.6,147.282,0.49282,MEDIUM
EVT_89123,40240,86123,25.845,10.38,74.8,289.718,0.22842,SAFE
EVT_89124,38840,95359,24.053,10.399,42.3,391.42,0.0736,SAFE
EVT_89125,40739,86460,11.157,12.728,0.3,369.161,0.09412,SAFE
EVT_89126,29491,81997,5.068,11.619,27.1,488.1,0.75573,MEDIUM
EVT_89127,34959,91500,12.433,12.71,112.6,329.523,0.21898,SAFE
EVT_89128,21237,82287,11.652,10.587,97.1,287.877,0.12262,SAFE
EVT_89129,31066,82258,11.803,14.656,51.0,310.808,0.08236,SAFE
EVT_89130,31977,85797,11.358,11.101,138.6,66.36,0.26403,SAFE
EVT_89131,23792,93291,20.419,13.06,136.6,198.159,0.28663,SAFE
EVT_89132,42564,80125,8.949,11.398,144.4,347.396,0.31308,MEDIUM
EVT_89133,44316,86790,4.267,11.559,20.2,495.212,0.56981,MEDIUM
EVT_89134,30245,88870,0.469,12.929,111.2,41.538,0.00582,SAFE
EVT_89135,38824,97152,0.89,5.45,129.0,233.695,0.77536,MEDIUM
EVT_89136,48443,87163,9.32,12.908,27.8,78.806,0.03889,SAFE
EVT_89137,22541,87840,11.121,14.908,174.1,202.227,0.26137,SAFE
EVT_89138,48085,87447,3.565,10.734,0.6,242.95,0.45088,MEDIUM
EVT_89139,31619,95878,9.147,5.152,66.5,439.871,0.38329,MEDIUM
EVT_89140,22488,82470,12.996,6.845,118.6,89.04,0.18352,SAFE
EVT_89141,44977,95326,3.778,9.193,25.6,245.925,0.76835,MEDIUM
EVT_89142,36744,83714,6.079,14.632,64.4,249.841,0.5506,MEDIUM
EVT_89143,45238,81995,3.352,5.178,146.2,271.732,0.52834,MEDIUM
EVT_89144,39520,83745,12.238,8.975,23.7,437.603,0.10139,SAFE
EVT_89145,39661,85173,9.232,8.835,113.6,229.983,0.43637,MEDIUM
EVT_89146,31483,90286,4.675,9.655,8.3,402.587,0.63633,MEDIUM
EVT_89147,38302,94210,3.65,14.651,40.0,222.654,0.78133,MEDIUM
EVT_89148,48740,98478,1.6,11.554,16.8,207.563,0.68949,MEDIUM
EVT_89149,37972,91971,37.368,10.567,105.3,31.842,0.21498,SAFE
EVT_89150,38271,96665,1.861,12.945,88.4,209.621,0.50966,MEDIUM
EVT_89151,46157,84903,4.695,13.192,172.5,235.944,0.53921,MEDIUM
EVT_89152,47451,87421,0.301,10.366,179.4,246.002,0.76102,MEDIUM
EVT_89153,37838,84362,2.935,10.97,5.8,444.962,0.32618,MEDIUM
EVT_89154,38859,99562,13.571,8.043,87.5,297.842,0.07258,SAFE
EVT_89155,35823,87500,2.179,12.86,80.7,107.15,0.56123,MEDIUM
EVT_89156,49936,98576,4.154,7.506,143.3,128.507,0.62019,MEDIUM
EVT_89157,29140,90696,12.456,11.383,167.2,288.23,0.27032,SAFE
EVT_89158,31170,91744,4.447,11.16,103.2,168.0,0.71076,MEDIUM
EVT_89159,30609,81935,29.348,13.216,125.5,52.145,0.13414,SAFE
EVT_89160,49193,97522,9.763,10.968,114.1,33.512,0.20856,SAFE
EVT_89161,35372,89016,11.151,13.299,103.3,228.142,0.04098,SAFE
EVT_89162,40386,85980,25.28,13.256,17.0,29.444,0.23036,SAFE
EVT_89163,43143,84603,36.272,12.073,104.4,191.37,0.00401,SAFE
EVT_89164,47624,82981,9.207,7.16,40.9,229.911,0.72222,MEDIUM
EVT_89165,47401,89589,26.391,10.993,114.4,208.865,0.12844,SAFE
EVT_89166,31479,94542,18.98,12.739,103.4,306.473,0.01276,SAFE
EVT_89167,40735,89553,5.793,11.598,173.6,396.295,0.34815,MEDIUM
EVT_89168,44190,86626,46.982,7.561,139.9,170.222,0.12946,SAFE
EVT_89169,42965,94512,13.316,10.946,122.0,430.958,0.22841,SAFE
EVT_89170,39887,88171,15.341,13.677,5.9,103.077,0.08064,SAFE
EVT_89171,34650,98579,89.962,14.399,131.6,301.062,0.13491,SAFE
EVT_89172,29726,94216,11.274,7.901,144.4,171.843,0.24677,SAFE
EVT_89173,42861,93100,25.918,12.709,48.2,480.145,0.12005,SAFE
EVT_89174,31107,84480,4.746,10.876,56.6,331.884,0.62369,MEDIUM
EVT_89175,40432,94519,2.278,11.144,107.8,485.528,0.64247,MEDIUM
EVT_89176,31220,97227,11.365,8.896,93.3,144.109,0.14444,SAFE
EVT_89177,37375,82271,12.069,9.826,176.0,116.965,0.24461,SAFE
EVT_89178,32366,96826,47.4,14.272,71.5,67.353,0.01256,SAFE
EVT_89179,30336,85356,0.446,13.266,174.4,467.552,0.84871,HIGH
EVT_89180,35579,98896,0.804,7.919,44.9,367.693,0.8408,HIGH
EVT_89181,31464,94916,11.321,13.761,164.8,322.739,0.09751,SAFE
EVT_89182,34683,99034,30.986,12.781,118.7,57.295,0.04575,SAFE
EVT_89183,38721,95544,16.834,9.096,118.0,62.499,0.1262,SAFE
EVT_89184,27863,93493,0.759,12.777,71.8,260.216,0.43742,MEDIUM
EVT_89185,36362,89065,11.325,12.174,7.9,38.455,0.19858,SAFE
EVT_89186,34504,97561,24.086,11.494,90.6,466.688,0.13993,SAFE
EVT_89187,40806,87886,4.936,11.528,84.7,456.322,0.62338,MEDIUM
EVT_89188,38758,84468,19.15,14.15,156.3,451.214,0.21718,SAFE
EVT_89189,33054,82760,6.2,7.292,79.8,263.835,0.71249,MEDIUM
EVT_89190,32590,92978,5.062,8.772,142.8,405.996,0.51485,MEDIUM
EVT_89191,22834,91191,25.994,14.024,78.3,42.744,0.15274,SAFE
EVT_89192,29629,96672,1.487,8.55,143.8,70.738,0.15546,SAFE
EVT_89193,38182,86146,9.891,6.174,62.3,163.26,0.61632,MEDIUM
EVT_89194,21734,90744,25.42,5.729,91.7,374.208,0.28807,SAFE
EVT_89195,29864,88207,10.187,9.788,108.5,436.758,0.00838,SAFE
EVT_89196,41389,84157,0.517,5.361,77.9,67.382,0.05295,SAFE
EVT_89197,45583,82344,6.448,6.988,161.9,79.62,0.14423,SAFE
EVT_89198,45292,88189,18.691,11.302,176.0,83.223,0.2584,SAFE
EVT_89199,43280,94637,21.072,13.919,25.0,40.355,0.12698,SAFE
EVT_89200,34663,97980,30.7,9.146,123.8,253.556,0.12579,SAFE
EVT_89201,46605,84474,21.191,14.655,169.1,369.738,0.21131,SAFE
EVT_89202,48139,84820,4.225,5.843,65.3,378.524,0.73498,MEDIUM
EVT_89203,37140,86557,70.825,12.001,9.6,293.539,0.0358,SAFE
EVT_89204,39985,98103,3.2,7.675,120.9,412.61,0.37753,MEDIUM
EVT_89205,46652,86734,7.875,6.007,37.2,14.08,0.22746,SAFE
EVT_89206,35594,81086,17.359,6.244,158.0,26.831,0.15093,SAFE
EVT_89207,36601,81616,38.84,14.783,145.4,57.034,0.28973,SAFE
EVT_89208,21333,94866,34.73,10.594,48.9,123.344,0.08673,SAFE
EVT_89209,42686,82690,4.891,5.25,115.5,173.675,0.40324,MEDIUM
EVT_89210,29483,90924,12.316,9.023,37.7,302.92,0.15762,SAFE
EVT_89211,23171,99073,39.112,7.424,115.4,396.954,0.02706,SAFE
EVT_89212,38769,93313,66.924,7.475,1.3,86.944,0.22005,SAFE
EVT_89213,22632,82308,18.514,10.337,169.4,35.103,0.1239,SAFE
EVT_89214,27805,84118,7.761,13.293,15.0,298.593,0.4144,MEDIUM
EVT_89215,39550,94393,5.837,10.092,79.1,345.689,0.45138,MEDIUM
EVT_89216,36971,95672,4.056,7.553,100.1,269.076,0.4325,MEDIUM
EVT_89217,25565,81717,0.619,8.552,20.6,483.667,0.93332,HIGH
EVT_89218,47995,86458,6.729,6.821,45.8,352.901,0.31558,MEDIUM
EVT_89219,48062,84463,14.657,7.183,113.3,122.042,0.07924,SAFE
EVT_89220,42367,96071,13.238,5.654,164.2,331.669,0.22182,SAFE
EVT_89221,47088,96649,5.736,8.877,122.5,196.962,0.47809,MEDIUM
EVT_89222,36451,87567,43.084,6.083,59.3,289.045,0.18711,SAFE
EVT_89223,41337,89925,11.33,5.505,170.3,422.21,0.04327,SAFE
EVT_89224,45922,96058,20.303,10.303,145.7,424.146,0.2204,SAFE
EVT_89225,35636,85847,15.671,12.623,154.4,329.475,0.06998,SAFE
EVT_89226,43514,98366,25.281,14.823,115.3,152.885,0.19611,SAFE
EVT_89227,44020,88255,45.701,10.523,12.2,478.449,0.17856,SAFE
EVT_89228,22811,91666,4.684,14.48,30.3,403.906,0.49576,MEDIUM
EVT_89229,41554,95484,3.097,14.901,22.3,488.155,0.6958,MEDIUM
EVT_89230,45166,99099,40.985,13.269,80.3,150.854,0.15568,SAFE
EVT_89231,26575,91080,37.729,8.164,95.7,145.007,0.00585,SAFE
EVT_89232,42207,96624,0.003,11.718,1.6,271.034,0.3233,MEDIUM
EVT_89233,40771,85126,4.329,13.151,0.6,377.985,0.49094,MEDIUM
EVT_89234,41503,87768,11.662,13.113,114.7,234.91,0.08248,SAFE
EVT_89235,46987,86070,22.819,10.502,65.2,369.073,0.22388,SAFE
EVT_89236,29880,92721,10.36,7.385,60.4,348.774,0.10234,SAFE
EVT_89237,47332,98062,9.622,5.615,59.9,401.256,0.67718,MEDIUM
EVT_89238,21299,94470,1.33,6.641,153.0,246.128,0.65521,MEDIUM
EVT_89239,27206,92478,43.863,7.224,94.3,421.56,0.08781,SAFE
EVT_89240,43422,83698,2.396,11.968,111.7,102.289,0.68512,MEDIUM
EVT_89241,27581,92645,2.207,13.342,89.0,393.572,0.31062,MEDIUM
EVT_89242,47237,88250,6.436,12.882,124.8,32.951,0.07486,SAFE
EVT_89243,47903,99268,44.499,7.752,2.3,451.816,0.01172,SAFE
EVT_89244,48646,82822,20.114,9.649,63.7,444.848,0.06329,SAFE
EVT_89245,35298,96470,8.006,14.36,117.5,80.739,0.26739,SAFE
EVT_89246,22100,92734,20.537,14.458,43.8,56.373,0.28273,SAFE
EVT_89247,47451,87816,17.798,10.043,143.3,320.455,0.06796,SAFE
EVT_89248,42750,92524,11.34,5.229,1.6,245.847,0.07336,SAFE
EVT_89249,39465,81277,6.689,12.229,166.6,424.159,0.63126,MEDIUM
EVT_89250,43557,89320,0.689,9.157,160.7,462.32,0.88821,HIGH
EVT_89251,35383,96335,7.229,6.315,168.8,369.485,0.7096,MEDIUM
EVT_89252,49300,86022,0.095,11.69,56.3,278.525,0.48243,MEDIUM
EVT_89253,27412,95942,58.572,6.279,83.2,253.886,0.20736,SAFE
EVT_89254,48331,83727,6.37,6.287,69.5,98.506,0.11887,SAFE
EVT_89255,44230,89034,5.433,9.495,145.9,354.961,0.64026,MEDIUM
EVT_89256,40293,81860,13.196,13.221,117.0,287.777,0.22797,SAFE
EVT_89257,37249,94834,8.64,11.812,138.5,486.684,0.48686,MEDIUM
EVT_89258,39649,80179,12.82,13.573,28.4,289.578,0.03205,SAFE
EVT_89259,25628,96448,9.715,7.601,153.6,265.093,0.38045,MEDIUM
EVT_89260,38376,89581,1.445,6.244,159.3,99.838,0.00859,SAFE
EVT_89261,21799,87764,0.042,13.15,19.0,213.072,0.41969,MEDIUM
EVT_89262,43805,86481,2.441,6.837,119.3,283.472,0.40711,MEDIUM
EVT_89263,39378,91071,7.553,11.811,53.5,350.429,0.55331,MEDIUM
EVT_89264,38011,94852,7.292,13.382,141.4,491.551,0.37129,MEDIUM
EVT_89265,29644,99595,9.79,12.515,92.8,136.433,0.61509,MEDIUM
EVT_89266,41031,93956,4.706,14.17,95.7,58.075,0.06702,SAFE
EVT_89267,40170,87271,33.911,8.191,130.7,469.689,0.13796,SAFE
EVT_89268,49295,92961,2.615,14.261,75.7,345.602,0.35073,MEDIUM
EVT_89269,43658,91090,5.481,11.581,67.5,178.143,0.58876,MEDIUM
EVT_89270,49748,91097,9.777,8.54,139.4,257.41,0.37072,MEDIUM
EVT_89271,40993,80982,10.89,6.353,146.6,397.192,0.12699,SAFE
EVT_89272,41213,98011,8.796,12.046,135.6,310.58,0.4301,MEDIUM
EVT_89273,49267,95045,87.299,7.912,59.0,163.972,0.04293,SAFE
EVT_89274,24559,87792,23.198,14.224,123.6,462.954,0.02265,SAFE
EVT_89275,20105,86741,14.029,14.047,70.2,84.961,0.2125,SAFE
EVT_89276,46595,83340,12.141,5.653,80.4,414.14,0.16201,SAFE
EVT_89277,25661,86420,18.954,6.945,30.8,316.891,0.12771,SAFE
EVT_89278,38739,91573,3.345,10.12,18.5,307.723,0.75331,MEDIUM
EVT_89279,38843,95739,64.962,7.372,171.3,317.936,0.0106,SAFE
EVT_89280,44268,90759,15.212,12.222,107.8,79.403,0.10219,SAFE
EVT_89281,49788,80121,1.698,13.473,14.0,338.258,0.97106,HIGH
EVT_89282,29343,91321,33.508,14.807,151.5,260.354,0.20859,SAFE
EVT_89283,34384,82351,7.282,13.006,60.9,377.994,0.70525,MEDIUM
EVT_89284,38269,99548,18.663,12.248,56.0,321.272,0.13512,SAFE
EVT_89285,24061,84700,13.575,10.411,166.4,412.048,0.03862,SAFE
EVT_89286,26090,92723,35.681,9.682,30.5,19.512,0.20777,SAFE
EVT_89287,45025,84161,1.3,9.997,111.5,414.272,0.88786,HIGH
EVT_89288,49154,87237,1.069,5.217,127.4,347.798,0.93471,HIGH
EVT_89289,36684,80623,1.187,13.034,68.2,285.274,0.63436,MEDIUM
EVT_89290,42331,80999,17.505,12.949,117.5,209.069,0.25036,SAFE
EVT_89291,33851,88273,23.22,10.455,79.8,466.287,0.13641,SAFE
EVT_89292,25656,97752,8.068,6.539,137.2,418.564,0.3471,MEDIUM
EVT_89293,49164,84942,31.407,11.078,121.8,365.703,0.23894,SAFE
EVT_89294,35470,90430,28.96,10.115,175.9,117.056,0.15623,SAFE
EVT_89295,42445,83687,6.218,14.682,55.2,205.619,0.39306,MEDIUM
EVT_89296,23006,85920,12.779,9.412,18.6,319.562,0.0542,SAFE
EVT_89297,26337,91726,0.604,10.439,118.4,169.899,0.43544,MEDIUM
EVT_89298,21688,89160,4.085,7.395,71.3,480.896,0.65914,MEDIUM
EVT_89299,29952,89853,18.773,12.987,1.9,163.075,0.24647,SAFE
EVT_89300,21347,86985,11.859,6.128,92.9,376.074,0.25011,SAFE
EVT_89301,21390,83145,5.205,6.056,154.2,127.112,0.3139,MEDIUM
EVT_89302,31202,91961,0.35,7.819,70.1,162.242,0.45053,MEDIUM
EVT_89303,26154,80401,6.155,8.627,157.1,288.122,0.66129,MEDIUM
EVT_89304,21167,91787,15.441,6.135,110.3,288.947,0.19312,SAFE
EVT_89305,24966,99573,56.179,12.418,0.7,171.887,0.05586,SAFE
EVT_89306,28098,95504,11.055,5.623,32.0,334.022,0.05995,SAFE
EVT_89307,22580,92480,0.331,14.99,47.3,441.942,0.89498,HIGH
EVT_89308,46745,96751,18.453,12.361,164.8,95.07,0.12138,SAFE
EVT_89309,29302,95874,28.712,7.619,137.9,230.366,0.20152,SAFE
EVT_89310,42346,99249,6.602,5.56,22.4,323.096,0.43224,MEDIUM
EVT_89311,36498,83090,37.904,7.525,177.8,234.03,0.05486,SAFE
EVT_89312,24966,86083,5.329,9.722,41.9,377.896,0.54501,MEDIUM
EVT_89313,46652,90723,56.791,12.67,55.2,226.431,0.28783,SAFE
EVT_89314,47006,93406,3.51,10.557,58.6,474.535,0.59261,MEDIUM
EVT_89315,45627,93219,3.489,13.877,74.0,159.01,0.61059,MEDIUM
EVT_89316,49899,91827,13.197,10.543,141.2,22.748,0.19002,SAFE
EVT_89317,28370,91760,26.673,10.861,64.5,195.232,0.25785,SAFE
EVT_89318,28620,83407,5.339,7.948,95.0,29.683,0.03029,SAFE
EVT_89319,46101,95263,26.111,13.368,80.1,151.708,0.18472,SAFE
EVT_89320,27202,82095,54.319,6.243,54.2,473.354,0.01344,SAFE
EVT_89321,42324,83660,3.0,10.343,96.4,48.626,0.12787,SAFE
EVT_89322,49676,89036,13.674,14.521,147.4,64.996,0.23337,SAFE
EVT_89323,41175,95624,2.577,11.295,115.0,456.267,0.45876,MEDIUM
EVT_89324,26727,87386,12.348,11.194,61.0,314.932,0.2414,SAFE
EVT_89325,23837,86774,38.079,12.625,74.8,415.548,0.15313,SAFE
EVT_89326,31062,94189,12.274,12.256,154.2,319.409,0.05813,SAFE
EVT_89327,30476,80176,2.323,14.236,166.4,213.156,0.72613,MEDIUM
EVT_89328,39019,82576,16.711,7.918,169.9,368.521,0.24662,SAFE
EVT_89329,35061,97297,40.909,14.71,3.3,216.826,0.26967,SAFE
EVT_89330,26019,99423,4.33,8.177,10.9,256.791,0.67011,MEDIUM
EVT_89331,41051,81017,3.095,12.146,31.5,470.361,0.34785,MEDIUM
EVT_89332,48461,81038,0.316,8.417,123.4,214.581,0.76272,MEDIUM
EVT_89333,22272,88220,23.244,14.888,117.5,104.953,0.17609,SAFE
EVT_89334,22047,88411,15.984,12.526,75.8,402.873,0.24907,SAFE
EVT_89335,42872,97374,63.641,7.472,155.5,179.34,0.19072,SAFE
EVT_89336,31351,98244,13.063,14.243,49.5,215.055,0.24918,SAFE
EVT_89337,40829,91589,8.237,7.753,148.3,413.54,0.67281,MEDIUM
EVT_89338,29865,91013,2.501,9.124,91.4,33.334,0.18696,SAFE
EVT_89339,32964,95494,8.352,8.841,44.8,418.859,0.61533,MEDIUM
EVT_89340,48017,81265,0.203,13.951,24.4,52.855,0.02737,SAFE
EVT_89341,44633,83269,6.526,9.722,104.5,392.124,0.55209,MEDIUM
EVT_89342,46305,98368,9.982,5.061,22.6,438.571,0.68645,MEDIUM
EVT_89343,32053,94427,0.785,5.399,37.8,313.058,0.82348,HIGH
EVT_89344,24083,87038,2.158,12.058,119.7,348.946,0.31868,MEDIUM
EVT_89345,49950,89966,19.805,5.585,20.7,113.719,0.12753,SAFE
EVT_89346,37435,88707,13.608,8.368,2.3,149.453,0.25186,SAFE
EVT_89347,20619,90037,13.355,8.002,9.1,172.187,0.19577,SAFE
EVT_89348,31043,82244,8.53,11.586,135.4,295.533,0.44874,MEDIUM
EVT_89349,36478,94280,12.377,12.092,111.7,141.519,0.22113,SAFE
EVT_89350,32268,80899,12.041,11.345,12.4,310.469,0.04095,SAFE
EVT_89351,48710,94689,0.743,6.55,126.3,498.592,0.84419,HIGH
EVT_89352,26681,90337,2.6,11.929,150.2,32.073,0.03537,SAFE
EVT_89353,33189,94532,55.527,8.861,89.2,180.678,0.27852,SAFE
EVT_89354,43968,86442,36.055,13.434,86.5,137.483,0.22058,SAFE
EVT_89355,39393,81498,0.56,13.652,134.4,27.408,0.03655,SAFE
EVT_89356,35350,98827,1.669,7.183,55.1,345.886,0.82769,HIGH
EVT_89357,31720,83891,7.038,13.688,123.8,335.429,0.38306,MEDIUM
EVT_89358,31464,98785,17.103,11.622,90.0,380.752,0.24832,SAFE
EVT_89359,30620,89523,3.011,10.427,175.2,118.555,0.60804,MEDIUM
EVT_89360,48973,83040,2.094,12.071,33.9,364.666,0.30154,MEDIUM
EVT_89361,21056,92319,16.436,12.141,116.0,472.658,0.04059,SAFE
EVT_89362,40728,93155,6.325,12.781,166.3,177.539,0.644,MEDIUM
EVT_89363,31054,97947,41.685,5.984,98.8,350.799,0.02663,SAFE
EVT_89364,27177,86870,11.294,13.754,101.6,216.004,0.15514,SAFE
EVT_89365,31514,87329,10.88,5.86,30.3,252.982,0.27821,SAFE
EVT_89366,42699,81391,8.414,14.855,144.7,458.938,0.43821,MEDIUM
EVT_89367,35740,80174,4.733,12.579,55.0,294.151,0.59317,MEDIUM
EVT_89368,44669,96987,13.02,8.555,95.1,80.502,0.13051,SAFE
EVT_89369,26156,81411,42.976,9.968,91.5,446.024,0.26221,SAFE
EVT_89370,39086,87602,20.945,11.479,145.9,69.452,0.22455,SAFE
EVT_89371,36123,94576,22.805,13.436,49.6,113.615,0.08571,SAFE
EVT_89372,28140,92554,7.752,13.176,60.3,419.72,0.61599,MEDIUM
EVT_89373,27221,99213,2.872,8.373,35.7,334.71,0.62333,MEDIUM
EVT_89374,29926,86022,37.208,12.528,139.3,104.392,0.17249,SAFE
EVT_89375,46187,82526,8.398,12.162,20.2,379.912,0.54472,MEDIUM
EVT_89376,49318,93804,12.744,11.314,170.9,405.244,0.26396,SAFE
EVT_89377,40585,96593,27.134,13.944,88.4,389.501,0.04828,SAFE
EVT_89378,43086,85061,13.759,14.038,137.7,327.545,0.03987,SAFE
EVT_89379,47092,97328,25.191,7.942,75.2,276.093,0.13402,SAFE
EVT_89380,32668,99159,26.068,9.415,74.2,67.832,0.01873,SAFE
EVT_89381,47101,91038,11.021,7.043,85.4,418.143,0.13503,SAFE
EVT_89382,21743,85374,3.824,6.504,138.2,226.602,0.57709,MEDIUM
EVT_89383,32812,90038,0.231,9.642,58.1,214.948,0.72125,MEDIUM
EVT_89384,20895,98557,11.011,5.654,77.2,179.859,0.03852,SAFE
EVT_89385,47150,85150,8.266,13.633,111.7,355.521,0.38996,MEDIUM
EVT_89386,39769,90561,5.417,6.497,131.4,188.622,0.39586,MEDIUM
EVT_89387,49373,89510,12.353,9.939,154.9,330.39,0.07366,SAFE
EVT_89388,25456,97383,1.151,8.761,5.7,27.234,0.21981,SAFE
EVT_89389,46946,83708,12.72,9.09,117.2,108.905,0.0279,SAFE
EVT_89390,41543,81655,6.26,5.557,54.9,353.365,0.55444,MEDIUM
EVT_89391,36781,87583,6.808,9.538,166.1,207.68,0.54304,MEDIUM
EVT_89392,26712,81465,2.109,13.359,172.4,248.514,0.67661,MEDIUM
EVT_89393,31007,93345,10.099,9.093,66.9,148.104,0.21537,SAFE
EVT_89394,24174,92265,5.951,6.883,59.9,148.604,0.43651,MEDIUM
EVT_89395,35066,98308,3.014,5.522,103.8,80.727,0.1719,SAFE
EVT_89396,25597,91386,34.123,12.674,158.7,18.902,0.03698,SAFE
EVT_89397,36530,99977,1.355,5.972,65.5,435.749,0.81948,HIGH
EVT_89398,26703,87040,28.109,5.234,60.1,68.816,0.09171,SAFE
EVT_89399,31818,93714,9.1,7.495,90.4,435.41,0.38528,MEDIUM
EVT_89400,23691,80156,12.885,12.217,125.8,323.121,0.09766,SAFE
EVT_89401,24696,95608,54.479,9.771,63.0,225.997,0.12389,SAFE
EVT_89402,37693,95065,12.93,11.331,84.8,168.97,0.09664,SAFE
EVT_89403,44641,83499,17.368,13.344,97.3,354.778,0.01708,SAFE
EVT_89404,25650,84886,12.811,7.849,165.4,166.045,0.17252,SAFE
EVT_89405,23484,92878,34.593,11.294,121.5,38.792,0.18311,SAFE
EVT_89406,21784,94345,1.51,13.665,145.8,440.911,0.86493,HIGH
EVT_89407,32807,87602,21.486,8.642,43.4,53.869,0.25118,SAFE
EVT_89408,41032,96181,6.589,5.076,64.3,341.783,0.54845,MEDIUM
EVT_89409,21689,89416,1.446,8.692,8.0,379.539,0.8663,HIGH
EVT_89410,48079,85078,12.526,6.407,10.9,353.244,0.02052,SAFE
EVT_89411,40797,80245,1.568,13.628,164.5,268.346,0.64179,MEDIUM
EVT_89412,27465,97680,41.582,12.511,168.9,410.47,0.01663,SAFE
EVT_89413,45207,89747,7.964,13.451,161.9,326.82,0.6208,MEDIUM
EVT_89414,30421,81447,5.034,9.336,150.3,435.014,0.65003,MEDIUM
EVT_89415,46178,86723,15.047,5.587,49.6,266.656,0.23945,SAFE
EVT_89416,30115,88722,7.131,8.515,167.6,241.319,0.5745,MEDIUM
EVT_89417,21538,81419,21.202,7.426,116.2,303.8,0.17357,SAFE
EVT_89418,31026,80978,5.169,5.882,136.3,279.993,0.49383,MEDIUM
EVT_89419,22088,98856,27.089,10.769,90.1,283.988,0.18203,SAFE
EVT_89420,25465,86967,8.342,13.702,131.3,442.725,0.52316,MEDIUM
EVT_89421,22213,90617,13.446,14.153,78.7,415.521,0.08849,SAFE
EVT_89422,43788,93048,7.61,5.806,112.1,251.165,0.311,MEDIUM
EVT_89423,23889,92156,23.095,11.068,29.9,474.283,0.01775,SAFE
EVT_89424,38466,94525,9.584,7.911,11.1,249.491,0.57222,MEDIUM
EVT_89425,27814,92912,4.209,11.908,104.5,128.184,0.36095,MEDIUM
EVT_89426,33231,96832,8.779,11.706,169.3,129.582,0.4955,MEDIUM
EVT_89427,42317,86840,4.557,5.314,133.6,371.074,0.73777,MEDIUM
EVT_89428,36187,80853,65.312,6.652,114.8,245.625,0.23823,SAFE
EVT_89429,32785,80238,47.729,9.175,164.0,141.056,0.23368,SAFE
EVT_89430,26510,86856,8.311,10.918,74.7,302.205,0.49516,MEDIUM
EVT_89431,21040,80992,3.625,7.875,145.9,283.307,0.45668,MEDIUM
EVT_89432,49074,85104,27.89,7.144,175.5,93.131,0.24954,SAFE
EVT_89433,36986,89696,40.265,6.775,79.3,397.304,0.07721,SAFE
EVT_89434,37525,91287,3.066,8.213,52.0,21.133,0.21013,SAFE
EVT_89435,34281,98292,19.438,9.65,17.5,376.146,0.09039,SAFE
EVT_89436,20332,86151,3.855,5.476,79.0,426.459,0.7479,MEDIUM
EVT_89437,43891,92460,30.288,14.034,20.3,159.932,0.17181,SAFE
EVT_89438,45416,81086,7.804,11.655,65.7,55.321,0.18676,SAFE
EVT_89439,37084,99726,40.333,12.146,150.0,393.729,0.11055,SAFE
EVT_89440,33645,85052,3.245,13.435,32.7,36.846,0.11809,SAFE
EVT_89441,42612,83716,5.872,13.672,99.0,219.024,0.62988,MEDIUM
EVT_89442,24288,84005,23.599,6.561,126.4,344.605,0.18505,SAFE
EVT_89443,33669,95922,5.7,7.785,148.6,356.013,0.52304,MEDIUM
EVT_89444,20130,97307,3.026,12.131,104.2,11.468,0.25949,SAFE
EVT_89445,32637,85498,15.774,6.382,99.6,41.258,0.22853,SAFE
EVT_89446,20306,87170,7.655,8.464,169.0,340.491,0.60691,MEDIUM
EVT_89447,21710,81653,6.397,11.01,109.8,42.936,0.09898,SAFE
EVT_89448,49729,94859,32.109,7.016,106.0,425.069,0.1965,SAFE
EVT_89449,29675,93988,1.437,13.793,45.3,159.052,0.74773,MEDIUM
EVT_89450,37514,90104,2.564,11.401,2.9,39.823,0.07271,SAFE
EVT_89451,37992,96447,23.963,5.958,112.8,160.445,0.21214,SAFE
EVT_89452,48885,82626,1.529,9.307,33.6,185.93,0.75116,MEDIUM
EVT_89453,21366,95233,6.433,14.724,62.5,210.729,0.3124,MEDIUM
EVT_89454,21527,92955,28.458,9.965,45.5,112.326,0.22137,SAFE
EVT_89455,29780,90041,4.307,10.344,56.1,428.616,0.61048,MEDIUM
EVT_89456,43111,85106,6.865,8.698,108.9,210.296,0.59415,MEDIUM
EVT_89457,49017,94645,23.24,6.694,168.3,148.267,0.14672,SAFE
EVT_89458,35010,95422,15.111,10.163,107.7,427.314,0.12049,SAFE
EVT_89459,35304,94705,1.27,14.643,172.7,276.634,0.43573,MEDIUM
EVT_89460,44572,84809,23.204,8.584,40.9,428.924,0.1152,SAFE
EVT_89461,38932,86490,3.336,12.944,167.7,42.05,0.22277,SAFE
EVT_89462,23006,99790,31.145,6.13,70.9,231.141,0.19983,SAFE
EVT_89463,22943,90586,3.445,6.493,66.1,27.786,0.20476,SAFE
EVT_89464,29110,88704,2.584,14.367,127.1,134.513,0.68734,MEDIUM
EVT_89465,20254,89895,4.968,7.0,19.4,459.859,0.6368,MEDIUM
EVT_89466,38571,80843,3.473,6.014,7.0,51.266,0.03017,SAFE
EVT_89467,25789,92541,3.184,8.608,130.5,389.568,0.31408,MEDIUM
EVT_89468,24329,81373,0.859,6.032,179.7,357.909,0.97321,HIGH
EVT_89469,36530,96660,3.223,14.53,17.8,274.104,0.49969,MEDIUM
EVT_89470,24084,84469,14.486,12.888,10.1,90.62,0.09609,SAFE
EVT_89471,20583,96970,7.558,13.038,75.4,11.674,0.01329,SAFE
EVT_89472,30136,97605,2.085,12.37,86.7,93.574,0.02464,SAFE
EVT_89473,20486,96841,26.388,14.24,18.0,221.603,0.06877,SAFE
EVT_89474,49134,89988,0.672,9.929,106.2,78.377,0.08556,SAFE
EVT_89475,41959,90866,8.356,11.002,136.3,427.093,0.41327,MEDIUM
EVT_89476,22464,80666,2.56,5.557,151.3,358.438,0.7348,MEDIUM
EVT_89477,46789,88850,6.321,7.671,47.2,22.721,0.00564,SAFE
EVT_89478,22418,81915,24.225,7.48,137.5,487.045,0.06238,SAFE
EVT_89479,29899,95352,41.982,12.23,24.1,181.721,0.21821,SAFE
EVT_89480,40300,94968,5.274,6.552,179.9,324.359,0.76818,MEDIUM
EVT_89481,34225,91061,55.645,6.338,132.6,67.113,0.15797,SAFE
EVT_89482,32589,95234,10.588,8.057,170.9,427.371,0.28704,SAFE
EVT_89483,49362,80218,36.933,10.612,144.4,220.982,0.2544,SAFE
EVT_89484,23486,96351,5.678,5.664,54.5,54.14,0.11488,SAFE
EVT_89485,31038,98960,4.498,14.593,165.4,490.841,0.30304,MEDIUM
EVT_89486,20777,81214,17.528,12.016,148.5,127.752,0.09503,SAFE
EVT_89487,30430,91470,36.734,11.278,40.1,112.345,0.20513,SAFE
EVT_89488,21800,97274,0.49,12.196,157.9,114.532,0.49677,MEDIUM
EVT_89489,23127,85480,8.027,12.986,146.9,305.361,0.41382,MEDIUM
EVT_89490,29614,91150,8.452,10.078,0.8,456.606,0.36664,MEDIUM
EVT_89491,46591,96096,14.59,9.71,39.5,399.888,0.16481,SAFE
EVT_89492,38191,97414,5.573,6.065,173.3,408.185,0.52186,MEDIUM
EVT_89493,48012,83419,21.73,5.652,12.9,254.187,0.18301,SAFE
EVT_89494,39009,96812,52.081,12.187,169.4,324.563,0.01894,SAFE
EVT_89495,45214,88711,10.714,12.567,13.8,75.634,0.16504,SAFE
EVT_89496,43413,98328,5.589,13.47,50.7,286.122,0.46582,MEDIUM
EVT_89497,40357,83340,85.141,9.497,20.3,267.739,0.07554,SAFE
EVT_89498,40109,84984,5.095,13.685,140.5,263.277,0.62375,MEDIUM
EVT_89499,40825,85007,21.114,14.309,36.4,417.14,0.06724,SAFE
EVT_89500,40591,91858,6.716,10.278,170.2,268.438,0.4813,MEDIUM
EVT_89501,43056,84479,1.608,14.512,179.1,421.337,0.89482,HIGH
EVT_89502,48192,81617,1.061,7.295,157.4,471.108,0.81012,HIGH
EVT_89503,34668,83292,49.061,13.803,93.2,102.069,0.24225,SAFE
EVT_89504,22816,96927,5.517,11.565,144.8,140.681,0.60916,MEDIUM
EVT_89505,36593,93369,0.671,11.95,91.3,127.985,0.46471,MEDIUM
EVT_89506,48209,93154,28.565,5.68,69.6,191.538,0.22803,SAFE
EVT_89507,24571,98984,30.285,8.248,41.5,234.444,0.28439,SAFE
EVT_89508,36352,99410,20.224,5.074,29.2,303.864,0.28691,SAFE
EVT_89509,37774,94976,59.409,11.851,89.4,84.215,0.00359,SAFE
EVT_89510,27067,81123,2.139,13.592,12.8,197.626,0.59377,MEDIUM
EVT_89511,27547,82816,10.056,8.111,13.2,210.775,0.11849,SAFE
EVT_89512,24910,86345,0.756,5.866,22.6,261.761,0.78691,MEDIUM
EVT_89513,41737,84906,10.115,13.499,100.7,191.611,0.26614,SAFE
EVT_89514,26573,87164,4.62,5.424,102.9,108.867,0.50263,MEDIUM
EVT_89515,24528,83820,4.196,8.566,28.2,164.558,0.68814,MEDIUM
EVT_89516,37650,93066,5.971,13.383,130.1,466.657,0.64305,MEDIUM
EVT_89517,44474,99660,6.8,12.433,26.6,42.942,0.1484,SAFE
EVT_89518,33884,89753,15.323,7.17,125.0,285.115,0.14388,SAFE
EVT_89519,31691,95597,15.654,5.968,119.1,75.172,0.2334,SAFE
EVT_89520,23768,97841,5.384,7.398,98.9,286.85,0.75972,MEDIUM
EVT_89521,24341,80950,17.493,12.475,65.1,93.878,0.21978,SAFE
EVT_89522,47543,97148,19.998,9.921,130.8,439.762,0.07289,SAFE
EVT_89523,30427,87683,41.738,6.687,129.5,50.247,0.12949,SAFE
EVT_89524,22276,88327,1.763,8.001,74.1,391.792,0.9403,HIGH
EVT_89525,42439,82950,18.381,8.597,21.3,435.305,0.149,SAFE
EVT_89526,26217,89954,13.548,7.15,78.2,230.719,0.12131,SAFE
EVT_89527,48552,99459,45.167,8.017,106.8,241.299,0.09827,SAFE
EVT_89528,27262,88783,11.982,11.78,149.3,320.398,0.20375,SAFE
EVT_89529,47924,83072,13.518,7.888,142.9,280.955,0.13491,SAFE
EVT_89530,39429,88304,1.831,8.67,152.8,256.759,0.67785,MEDIUM
EVT_89531,25931,97874,2.163,8.067,0.1,159.801,0.5004,MEDIUM
EVT_89532,21769,86958,14.544,14.554,112.7,491.331,0.20801,SAFE
EVT_89533,40587,99894,21.76,13.057,59.5,51.456,0.09882,SAFE
EVT_89534,24233,82283,20.679,10.612,88.4,424.922,0.1657,SAFE
EVT_89535,22743,87233,17.961,9.542,5.2,463.29,0.19378,SAFE
EVT_89536,33737,87667,0.574,9.513,79.4,183.275,0.64559,MEDIUM
EVT_89537,32633,90815,3.163,5.579,127.9,487.0,0.64564,MEDIUM
EVT_89538,24709,95260,12.316,14.778,175.5,296.17,0.22511,SAFE
EVT_89539,45255,94230,1.761,12.312,68.8,80.032,0.09119,SAFE
EVT_89540,47172,83408,22.819,5.791,100.9,430.893,0.09302,SAFE
EVT_89541,31834,89368,0.399,8.431,142.0,275.862,0.59998,MEDIUM
EVT_89542,34126,99350,34.824,5.699,54.8,151.768,0.05773,SAFE
EVT_89543,28932,89820,8.666,14.083,51.9,408.667,0.36078,MEDIUM
EVT_89544,24526,92003,3.32,13.405,9.0,100.174,0.42969,MEDIUM
EVT_89545,38255,86552,23.992,6.29,89.2,406.105,0.25978,SAFE
EVT_89546,43343,86110,11.926,14.649,163.8,61.596,0.21187,SAFE
EVT_89547,49809,83697,3.331,14.425,134.1,218.166,0.7272,MEDIUM
EVT_89548,30124,88405,36.051,8.55,15.2,341.774,0.00716,SAFE
EVT_89549,22483,89437,6.357,5.117,77.6,109.721,0.31611,MEDIUM
EVT_89550,29711,91391,21.376,10.57,103.1,257.946,0.16213,SAFE
EVT_89551,48830,88093,5.051,5.583,175.1,403.554,0.32762,MEDIUM
EVT_89552,27054,99799,4.51,12.631,120.3,219.08,0.60982,MEDIUM
EVT_89553,40055,86377,43.018,6.156,29.7,300.386,0.06413,SAFE
EVT_89554,32543,91130,0.532,8.819,121.4,435.349,0.93832,HIGH
EVT_89555,24099,97092,31.989,13.783,73.6,458.902,0.26624,SAFE
EVT_89556,30282,95349,1.67,11.896,136.9,229.357,0.72573,MEDIUM
EVT_89557,46973,94616,5.318,8.16,15.5,44.234,0.108,SAFE
EVT_89558,29188,99608,7.288,10.993,135.7,386.346,0.56584,MEDIUM
EVT_89559,35665,89732,40.411,6.114,2.9,119.617,0.18077,SAFE
EVT_89560,28309,90606,7.998,9.237,85.5,313.057,0.59249,MEDIUM
EVT_89561,38938,92537,28.577,12.04,33.1,363.823,0.27572,SAFE
EVT_89562,38498,87377,15.674,12.546,86.4,223.407,0.15055,SAFE
EVT_89563,37177,82160,0.066,5.622,102.4,117.398,0.78994,MEDIUM
EVT_89564,24205,92145,12.523,11.698,175.4,298.579,0.15356,SAFE
EVT_89565,26749,86272,4.485,8.878,32.5,85.029,0.19583,SAFE
EVT_89566,20469,81862,27.944,11.389,20.4,318.377,0.1071,SAFE
EVT_89567,24427,99611,37.08,12.022,104.9,103.224,0.265,SAFE
EVT_89568,39721,82605,3.157,9.123,102.2,51.591,0.23626,SAFE
EVT_89569,21580,81559,19.831,9.985,41.0,31.228,0.11532,SAFE
EVT_89570,41252,97771,11.437,11.913,65.8,308.166,0.17646,SAFE
EVT_89571,28878,89763,9.155,6.68,144.7,403.725,0.66348,MEDIUM
EVT_89572,33505,80517,1.315,7.999,70.9,227.385,0.66181,MEDIUM
EVT_89573,30513,88204,2.482,7.982,151.9,72.495,0.0899,SAFE
EVT_89574,45076,95995,34.76,9.133,102.1,407.894,0.15062,SAFE
EVT_89575,36230,92540,13.225,14.882,36.8,282.988,0.09068,SAFE
EVT_89576,22747,81981,10.468,7.541,147.7,182.061,0.05017,SAFE
EVT_89577,45907,85254,29.116,7.85,17.8,161.758,0.17448,SAFE
EVT_89578,29417,80330,16.676,9.371,133.6,288.027,0.12746,SAFE
EVT_89579,44394,81674,15.265,13.302,8.9,142.816,0.25368,SAFE
EVT_89580,34022,90893,3.591,6.343,44.3,476.017,0.36406,MEDIUM
EVT_89581,30184,89707,0.919,13.49,96.0,57.788,0.2112,SAFE
EVT_89582,38678,88734,51.689,5.052,38.2,261.866,0.26072,SAFE
EVT_89583,49835,93083,2.92,9.665,73.9,447.066,0.38201,MEDIUM
EVT_89584,35290,80376,0.817,12.488,16.1,392.502,0.94617,HIGH
EVT_89585,26334,90151,29.75,6.096,125.5,344.334,0.09784,SAFE
EVT_89586,46613,94405,30.637,6.841,160.5,493.111,0.24284,SAFE
EVT_89587,27930,93160,42.101,8.253,30.5,195.726,0.22997,SAFE
EVT_89588,24438,94955,4.2,7.662,28.2,328.286,0.66515,MEDIUM
EVT_89589,32813,90892,3.371,6.086,34.6,283.991,0.74526,MEDIUM
EVT_89590,21624,96473,46.273,13.127,78.3,59.115,0.17901,SAFE
EVT_89591,37769,90251,17.881,12.432,74.8,174.238,0.12645,SAFE
EVT_89592,35543,88709,0.037,14.629,69.3,413.849,0.86546,HIGH
EVT_89593,30157,91080,7.477,10.027,111.7,430.352,0.30965,MEDIUM
EVT_89594,36013,82668,9.65,6.781,161.7,326.931,0.517,MEDIUM
EVT_89595,30197,93936,11.584,7.487,77.5,436.058,0.23132,SAFE
EVT_89596,30224,88749,9.591,14.118,128.6,144.768,0.45566,MEDIUM
EVT_89597,43894,83852,9.884,5.972,173.0,490.835,0.51822,MEDIUM
EVT_89598,46017,84429,12.386,11.972,73.4,407.756,0.11508,SAFE
EVT_89599,26083,98375,4.576,13.076,170.1,278.864,0.40452,MEDIUM
EVT_89600,32650,99941,2.065,10.708,111.5,123.686,0.43016,MEDIUM
EVT_89601,42956,84691,6.083,5.695,172.3,104.28,0.40332,MEDIUM
EVT_89602,35089,86800,2.996,6.54,135.4,126.518,0.66976,MEDIUM
EVT_89603,32234,96109,26.898,8.717,51.4,467.741,0.07205,SAFE
EVT_89604,44489,97148,8.065,12.98,131.1,197.263,0.47106,MEDIUM
EVT_89605,41726,99251,13.888,10.924,46.3,498.882,0.28828,SAFE
EVT_89606,25215,90621,17.166,5.106,48.6,493.969,0.28708,SAFE
EVT_89607,46469,98154,4.911,8.683,147.7,434.711,0.53596,MEDIUM
EVT_89608,46390,99323,2.335,8.268,106.1,439.779,0.67429,MEDIUM
EVT_89609,41703,84841,3.54,10.338,22.8,442.418,0.69463,MEDIUM
EVT_89610,31774,89294,61.482,6.866,103.8,234.145,0.01857,SAFE
EVT_89611,25644,95762,12.307,14.646,44.4,400.213,0.08421,SAFE
EVT_89612,38456,96490,14.46,14.067,15.7,121.776,0.09144,SAFE
EVT_89613,23844,84590,50.237,9.355,62.3,231.68,0.24667,SAFE
EVT_89614,48265,93883,12.532,14.425,81.2,493.607,0.02562,SAFE
EVT_89615,47548,85967,2.665,10.214,72.2,148.526,0.31536,MEDIUM
EVT_89616,23348,98931,6.426,11.435,160.2,340.516,0.44003,MEDIUM
EVT_89617,35693,94592,46.749,11.803,121.2,336.819,0.271,SAFE
EVT_89618,23290,88923,32.911,10.999,78.7,358.228,0.19054,SAFE
EVT_89619,37721,86990,29.373,10.124,127.8,386.631,0.07696,SAFE
EVT_89620,32370,84115,15.165,5.008,35.1,434.54,0.02613,SAFE
EVT_89621,32227,96973,19.004,9.699,142.6,267.027,0.10576,SAFE
EVT_89622,26118,84420,5.587,8.82,25.2,220.537,0.33095,MEDIUM
EVT_89623,46439,90667,21.519,5.046,75.8,85.284,0.01063,SAFE
EVT_89624,32518,84249,12.277,12.198,31.7,459.879,0.04307,SAFE
EVT_89625,23487,84739,21.632,6.098,9.1,34.01,0.21076,SAFE
EVT_89626,45673,95329,7.592,14.668,31.6,388.22,0.45659,MEDIUM
EVT_89627,37594,86915,1.07,8.627,6.9,383.242,0.84428,HIGH
EVT_89628,49774,85419,9.287,6.554,111.3,36.045,0.01365,SAFE
EVT_89629,25097,99748,42.746,11.942,77.6,162.556,0.04035,SAFE
EVT_89630,46736,80730,10.83,13.683,25.1,255.733,0.04413,SAFE
EVT_89631,22664,90119,5.787,5.553,25.5,496.916,0.62715,MEDIUM
EVT_89632,44027,96406,0.03,5.141,158.4,16.678,0.19357,SAFE
EVT_89633,22175,93439,27.287,9.751,43.9,116.72,0.19031,SAFE
EVT_89634,35710,90593,0.671,14.812,42.0,243.555,0.68241,MEDIUM
EVT_89635,29204,85620,13.972,11.514,103.3,269.819,0.24046,SAFE
EVT_89636,48318,82663,6.444,7.694,60.5,218.565,0.37634,MEDIUM
EVT_89637,31181,83394,1.782,9.744,114.5,254.096,0.41148,MEDIUM
EVT_89638,36342,95113,24.521,14.555,166.5,100.278,0.27684,SAFE
EVT_89639,46310,91959,0.642,5.448,36.5,231.187,0.75605,MEDIUM
EVT_89640,48854,92012,8.224,10.42,109.9,19.642,0.2011,SAFE
EVT_89641,31043,99042,11.191,7.148,149.0,90.953,0.18507,SAFE
EVT_89642,35649,81079,34.82,5.292,79.6,228.552,0.23075,SAFE
EVT_89643,43020,83433,2.676,11.423,101.3,457.178,0.3394,MEDIUM
EVT_89644,37858,81001,10.059,5.877,150.4,90.965,0.07459,SAFE
EVT_89645,29787,85360,5.789,6.584,42.0,185.846,0.67888,MEDIUM
EVT_89646,26415,93389,8.375,10.693,36.3,252.202,0.42074,MEDIUM
EVT_89647,23950,81344,19.8,12.245,121.4,469.968,0.20534,SAFE
EVT_89648,39662,99600,14.159,13.571,155.7,97.866,0.06971,SAFE
EVT_89649,49822,93147,9.684,5.083,175.7,352.597,0.56526,MEDIUM
EVT_89650,24218,93990,7.256,10.751,69.9,56.967,0.19137,SAFE
EVT_89651,25347,92858,9.55,10.296,164.2,107.705,0.70826,MEDIUM
EVT_89652,25102,84673,0.516,9.165,105.0,358.094,0.94287,HIGH
EVT_89653,27319,92471,33.703,11.139,0.0,141.555,0.21116,SAFE
EVT_89654,28136,87238,21.037,10.873,158.3,159.645,0.16781,SAFE
EVT_89655,30355,81256,1.156,10.15,146.5,75.806,0.10746,SAFE
EVT_89656,35677,83327,6.455,8.233,120.9,484.356,0.55747,MEDIUM
EVT_89657,23433,84098,32.864,7.478,165.0,62.521,0.22019,SAFE
EVT_89658,31839,81226,4.568,12.246,147.5,342.166,0.5567,MEDIUM
EVT_89659,39355,95795,4.42,5.677,17.1,483.024,0.43374,MEDIUM
EVT_89660,48084,97175,8.668,14.68,147.5,76.717,0.13228,SAFE
EVT_89661,45618,84507,10.797,13.343,169.6,85.437,0.11728,SAFE
EVT_89662,48841,83756,6.789,14.892,88.2,295.375,0.40352,MEDIUM
EVT_89663,32177,92461,1.559,7.76,106.9,451.658,0.82661,HIGH
EVT_89664,23298,83340,6.979,10.232,61.1,226.881,0.54967,MEDIUM
EVT_89665,33362,82477,13.02,10.439,149.7,143.82,0.2429,SAFE
EVT_89666,46337,91340,4.437,14.917,148.3,404.745,0.72931,MEDIUM
EVT_89667,37823,88400,14.756,12.378,25.7,192.711,0.19507,SAFE
EVT_89668,37878,90769,8.909,7.291,107.3,203.995,0.55524,MEDIUM
EVT_89669,34847,89168,1.477,7.845,50.8,474.162,0.85464,HIGH
EVT_89670,38914,90257,46.902,12.306,153.6,222.439,0.06893,SAFE
EVT_89671,49877,97755,12.253,11.966,34.8,322.145,0.01858,SAFE
EVT_89672,43955,94867,9.161,6.769,25.8,100.011,0.4251,MEDIUM
EVT_89673,30810,82562,6.163,10.835,16.7,304.452,0.55888,MEDIUM
EVT_89674,23644,81290,11.854,9.556,84.7,360.833,0.02526,SAFE
EVT_89675,24191,82780,4.681,7.706,84.4,454.25,0.40448,MEDIUM
EVT_89676,36240,81093,12.597,6.517,12.0,254.28,0.14841,SAFE
EVT_89677,23970,94449,29.898,5.797,52.7,268.827,0.24421,SAFE
EVT_89678,36463,83112,13.223,11.181,74.0,311.377,0.2217,SAFE
EVT_89679,29052,91233,26.177,5.171,34.1,147.586,0.22718,SAFE
EVT_89680,23207,90575,4.663,10.034,129.1,324.367,0.77207,MEDIUM
EVT_89681,45162,99692,10.405,10.411,71.7,258.707,0.2227,SAFE
EVT_89682,33889,89825,1.853,14.65,53.9,140.941,0.47171,MEDIUM
EVT_89683,36112,93217,34.334,8.899,166.6,73.031,0.23851,SAFE
EVT_89684,49533,99488,6.089,12.0,115.9,413.33,0.71663,MEDIUM
EVT_89685,41271,86865,18.167,7.755,92.6,419.286,0.02314,SAFE
EVT_89686,35833,83503,9.807,13.646,48.4,452.636,0.46483,MEDIUM
EVT_89687,32947,99129,37.734,10.108,72.4,323.238,0.14649,SAFE
EVT_89688,20326,89608,0.334,13.896,169.4,72.836,0.22572,SAFE
EVT_89689,34371,83165,10.437,9.365,36.0,232.549,0.14454,SAFE
EVT_89690,29648,86212,2.247,7.257,22.8,397.337,0.51516,MEDIUM
EVT_89691,44207,98398,57.81,12.618,129.6,30.569,0.04022,SAFE
EVT_89692,48763,93858,6.533,13.639,57.0,159.586,0.37998,MEDIUM
EVT_89693,30511,83283,26.397,12.434,115.0,470.196,0.1978,SAFE
EVT_89694,28630,88766,2.248,12.947,113.2,221.373,0.65078,MEDIUM
EVT_89695,24432,86151,6.075,10.166,51.4,130.629,0.32085,MEDIUM
EVT_89696,43538,93396,27.397,7.765,129.4,215.707,0.15038,SAFE
EVT_89697,24648,85240,11.853,5.555,9.1,10.827,0.08078,SAFE
EVT_89698,47019,85107,7.237,5.205,109.5,308.551,0.76542,MEDIUM
EVT_89699,22121,97227,18.528,5.155,143.1,496.715,0.25278,SAFE
EVT_89700,28775,94865,4.968,13.713,131.0,134.85,0.67809,MEDIUM
EVT_89701,45033,96744,8.404,8.908,18.9,349.348,0.32356,MEDIUM
EVT_89702,32906,84453,19.204,11.007,3.4,272.893,0.23601,SAFE
EVT_89703,28676,97920,23.653,14.263,179.6,79.973,0.02859,SAFE
EVT_89704,20947,96323,2.038,12.503,33.3,33.449,0.22803,SAFE
EVT_89705,44070,81358,12.669,11.665,130.0,446.4,0.2718,SAFE
EVT_89706,25710,89735,10.992,5.276,173.0,366.152,0.25929,SAFE
EVT_89707,35363,89091,0.054,5.885,99.0,142.689,0.64026,MEDIUM
EVT_89708,44749,96908,17.022,14.559,167.0,415.91,0.1019,SAFE
EVT_89709,23803,82198,17.418,14.145,7.0,97.952,0.05496,SAFE
EVT_89710,21600,93096,26.371,7.411,107.7,465.305,0.02842,SAFE
EVT_89711,46338,94116,3.675,11.946,114.7,334.381,0.31807,MEDIUM
EVT_89712,39339,94447,8.448,10.368,89.7,290.041,0.38731,MEDIUM
EVT_89713,29266,91924,12.713,9.616,7.7,348.379,0.17705,SAFE
EVT_89714,49187,92054,22.925,10.422,151.2,315.957,0.09478,SAFE
EVT_89715,43246,96179,11.459,8.061,8.4,286.362,0.11534,SAFE
EVT_89716,24119,96470,8.225,13.236,136.6,281.966,0.40329,MEDIUM
EVT_89717,43806,93501,5.721,9.637,159.2,113.559,0.76816,MEDIUM
EVT_89718,30161,98964,17.003,7.372,76.7,91.843,0.09839,SAFE
EVT_89719,40985,98124,12.572,11.499,165.1,136.22,0.04903,SAFE
EVT_89720,33976,80449,17.442,7.006,128.3,38.335,0.07582,SAFE
EVT_89721,33608,93333,10.822,11.851,126.4,144.16,0.10437,SAFE
EVT_89722,38758,85979,51.075,14.415,83.2,239.105,0.15295,SAFE
EVT_89723,48099,88515,3.542,12.592,77.3,167.56,0.56077,MEDIUM
EVT_89724,32581,89807,4.758,12.885,139.8,269.762,0.35758,MEDIUM
EVT_89725,31358,84096,2.58,11.539,12.7,205.016,0.48405,MEDIUM
EVT_89726,20985,93737,8.446,12.722,12.6,460.59,0.49178,MEDIUM
EVT_89727,40505,81483,7.55,12.727,116.1,409.651,0.49158,MEDIUM
EVT_89728,23602,82755,14.046,14.364,160.8,493.717,0.20455,SAFE
EVT_89729,21538,97413,8.903,14.703,81.6,375.767,0.66837,MEDIUM
EVT_89730,25722,87815,12.662,5.056,80.4,242.969,0.27687,SAFE
EVT_89731,23646,91613,10.599,7.321,93.2,327.006,0.255,SAFE
EVT_89732,33693,85757,15.644,11.073,92.8,464.134,0.05693,SAFE
EVT_89733,31405,80197,10.464,8.101,97.6,168.35,0.04503,SAFE
EVT_89734,37911,99580,26.057,7.224,74.8,198.911,0.26475,SAFE
EVT_89735,31545,88134,0.446,10.975,34.9,19.911,0.0028,SAFE
EVT_89736,27018,96969,2.207,7.537,31.2,191.377,0.61685,MEDIUM
EVT_89737,34108,85988,2.901,8.198,106.0,20.082,0.04357,SAFE
EVT_89738,31361,86492,10.136,14.531,125.8,386.139,0.02411,SAFE
EVT_89739,24442,95449,12.955,9.583,51.0,71.138,0.16296,SAFE
EVT_89740,42324,80532,33.224,10.247,147.0,91.167,0.23525,SAFE
EVT_89741,38593,88608,12.849,14.699,100.7,308.24,0.03988,SAFE
EVT_89742,44991,81011,0.071,6.112,161.5,302.135,0.90718,HIGH
EVT_89743,33348,87804,3.179,9.758,30.3,29.407,0.25947,SAFE
EVT_89744,27653,85313,15.418,11.537,43.8,285.56,0.26446,SAFE
EVT_89745,30265,89754,0.117,14.543,132.0,392.347,0.831,HIGH
EVT_89746,21257,92360,1.428,9.881,88.8,449.363,0.91821,HIGH
EVT_89747,30749,96726,10.039,11.445,171.5,483.849,0.15735,SAFE
EVT_89748,22604,94948,26.118,13.181,48.2,186.65,0.06168,SAFE
EVT_89749,36570,94230,24.557,10.235,126.6,11.423,0.01971,SAFE
EVT_89750,34861,90082,8.801,12.983,13.4,167.809,0.43109,MEDIUM
EVT_89751,29869,88190,15.816,11.401,77.8,149.312,0.1324,SAFE
EVT_89752,20827,94611,35.746,14.914,138.3,200.046,0.08904,SAFE
EVT_89753,31077,82690,119.273,12.268,77.4,180.921,0.22304,SAFE
EVT_89754,39562,86227,9.089,7.536,159.8,81.295,0.23147,SAFE
EVT_89755,22877,89230,1.89,14.375,46.9,311.342,0.88042,HIGH
EVT_89756,28658,90028,5.554,9.772,126.1,174.982,0.33825,MEDIUM
EVT_89757,46569,88454,14.933,13.542,3.3,320.133,0.25616,SAFE
EVT_89758,35000,91470,15.493,10.758,150.1,434.557,0.03482,SAFE
EVT_89759,43789,96784,16.107,9.149,46.8,444.982,0.19183,SAFE
EVT_89760,49761,98314,14.566,7.013,81.5,421.125,0.16499,SAFE
EVT_89761,46579,96115,11.294,12.944,149.7,250.976,0.10289,SAFE
EVT_89762,46239,88317,1.007,11.527,40.9,207.543,0.47939,MEDIUM
EVT_89763,33193,97525,13.2,7.366,47.7,492.365,0.28166,SAFE
EVT_89764,28985,93831,10.121,6.773,152.4,352.591,0.17414,SAFE
EVT_89765,40362,87285,12.104,6.788,55.4,290.99,0.0566,SAFE
EVT_89766,37528,99750,63.372,5.006,178.2,449.137,0.06215,SAFE
EVT_89767,20472,85257,6.778,5.108,138.4,211.873,0.70839,MEDIUM
EVT_89768,34873,99117,12.682,13.253,28.9,478.373,0.06623,SAFE
EVT_89769,44617,97484,0.119,5.677,93.1,408.518,0.88749,HIGH
EVT_89770,26393,95949,1.511,7.093,128.7,434.333,0.95525,HIGH
EVT_89771,43807,93822,8.906,5.37,104.3,54.607,0.15945,SAFE
EVT_89772,25752,88066,19.969,7.93,85.0,103.714,0.0783,SAFE
EVT_89773,41730,91285,6.066,11.416,133.0,32.761,0.26722,SAFE
EVT_89774,45228,85137,4.035,5.696,118.1,182.144,0.65359,MEDIUM
EVT_89775,29951,81591,30.439,10.937,2.3,422.153,0.18651,SAFE
EVT_89776,32889,92652,4.558,13.346,90.3,86.103,0.1792,SAFE
EVT_89777,22781,98620,5.625,6.444,56.5,445.29,0.465,MEDIUM
EVT_89778,49723,92038,8.567,14.913,66.4,97.742,0.10827,SAFE
EVT_89779,36791,80364,18.356,5.942,6.0,28.798,0.20576,SAFE
EVT_89780,21992,93586,25.802,6.676,24.4,369.48,0.07902,SAFE
EVT_89781,45835,83188,9.345,7.349,50.1,45.828,0.0229,SAFE
EVT_89782,43162,96311,11.546,7.928,32.2,43.849,0.13358,SAFE
EVT_89783,45370,84012,5.38,5.934,42.7,455.267,0.30842,MEDIUM
EVT_89784,31007,81285,7.674,5.23,50.3,393.338,0.43417,MEDIUM
EVT_89785,34666,82194,29.81,7.299,103.4,251.105,0.08842,SAFE
EVT_89786,34322,80086,23.277,6.895,60.9,296.533,0.2407,SAFE
EVT_89787,49931,95775,8.997,11.962,115.1,89.78,0.28946,SAFE
EVT_89788,49940,94170,59.397,9.383,45.6,294.669,0.23939,SAFE
EVT_89789,24821,96361,8.531,6.322,122.9,396.197,0.68863,MEDIUM
EVT_89790,20941,86245,23.309,11.706,97.3,264.09,0.26396,SAFE
EVT_89791,42979,91412,13.278,7.482,84.8,222.876,0.10012,SAFE
EVT_89792,34610,96070,30.456,10.406,141.5,57.091,0.06044,SAFE
EVT_89793,29337,81860,5.433,8.733,141.3,52.982,0.1886,SAFE
EVT_89794,47473,84869,3.379,5.724,125.8,496.039,0.68174,MEDIUM
EVT_89795,42205,94609,2.938,10.501,77.7,98.442,0.26952,SAFE
EVT_89796,28239,91629,3.806,8.864,31.9,36.099,0.27566,SAFE
EVT_89797,39446,93430,9.04,11.189,163.5,461.811,0.66324,MEDIUM
EVT_89798,32778,96985,22.879,14.195,37.3,369.528,0.14933,SAFE
EVT_89799,29585,88472,15.624,9.578,69.5,52.144,0.05212,SAFE
EVT_89800,49907,95982,4.262,8.947,30.6,219.167,0.78093,MEDIUM
EVT_89801,32977,86742,0.462,8.106,106.3,404.817,0.94343,HIGH
EVT_89802,28777,82403,23.868,11.507,178.1,86.891,0.06528,SAFE
EVT_89803,23523,86899,5.379,8.455,45.4,102.56,0.39765,MEDIUM
EVT_89804,39637,82659,10.65,11.467,101.4,395.089,0.03064,SAFE
EVT_89805,38026,82434,21.527,12.893,31.8,476.195,0.00056,SAFE
EVT_89806,40162,97111,65.093,12.336,156.4,66.565,0.11996,SAFE
EVT_89807,26120,87714,1.575,5.513,81.8,427.687,0.92856,HIGH
EVT_89808,43267,80831,13.15,10.007,86.3,411.056,0.02071,SAFE
EVT_89809,44625,84470,7.407,9.065,54.4,203.271,0.41779,MEDIUM
EVT_89810,49454,89312,20.47,9.27,20.0,246.493,0.17421,SAFE
EVT_89811,24625,81758,0.301,8.13,67.1,16.63,0.03049,SAFE
EVT_89812,43093,82701,12.577,6.968,102.5,115.053,0.16093,SAFE
EVT_89813,37235,85612,1.787,8.369,160.3,138.98,0.62685,MEDIUM
EVT_89814,37612,94967,21.111,7.955,63.1,120.103,0.12745,SAFE
EVT_89815,45202,87678,71.44,14.791,111.2,132.665,0.01894,SAFE
EVT_89816,25065,91516,14.038,5.764,38.2,46.107,0.21843,SAFE
EVT_89817,34701,92299,58.651,8.215,61.1,107.664,0.13377,SAFE
EVT_89818,23701,88838,3.686,11.166,72.7,218.222,0.38029,MEDIUM
EVT_89819,34399,82104,16.028,13.257,173.6,343.397,0.18319,SAFE
EVT_89820,32608,91030,1.008,9.904,42.1,348.433,0.89246,HIGH
EVT_89821,27102,83666,6.609,12.066,133.5,205.603,0.52248,MEDIUM
EVT_89822,25368,90800,3.207,13.279,127.4,27.381,0.14325,SAFE
EVT_89823,36988,95396,24.127,6.455,43.0,197.051,0.16576,SAFE
EVT_89824,44278,89780,2.899,6.844,67.0,330.593,0.42875,MEDIUM
EVT_89825,26200,96103,33.025,5.757,50.9,23.424,0.26142,SAFE
EVT_89826,21319,80417,27.298,11.943,124.1,28.469,0.07423,SAFE
EVT_89827,21303,83487,22.547,12.746,175.5,447.056,0.1911,SAFE
EVT_89828,20096,92065,3.996,11.419,57.7,21.61,0.06529,SAFE
EVT_89829,30342,84756,21.201,5.169,60.1,447.165,0.24393,SAFE
EVT_89830,23962,87464,16.845,7.026,101.3,354.326,0.15279,SAFE
EVT_89831,21320,90483,1.632,12.038,152.9,232.683,0.5878,MEDIUM
EVT_89832,22114,84187,8.539,8.77,124.5,81.857,0.00504,SAFE
EVT_89833,30035,86267,3.733,5.527,1.2,228.195,0.67988,MEDIUM
EVT_89834,31095,88430,31.965,11.186,52.4,279.743,0.17764,SAFE
EVT_89835,39736,95500,2.927,10.496,39.5,432.799,0.33037,MEDIUM
EVT_89836,42984,84183,2.349,11.002,110.6,339.046,0.56573,MEDIUM
EVT_89837,26634,85854,6.724,12.377,11.1,334.748,0.68101,MEDIUM
EVT_89838,39514,99420,14.027,9.862,19.6,276.391,0.12195,SAFE
EVT_89839,47431,99300,3.067,6.604,123.1,37.249,0.19988,SAFE
EVT_89840,35752,81694,24.158,11.834,37.0,461.066,0.06766,SAFE
EVT_89841,20327,82482,47.377,13.62,6.4,10.589,0.09813,SAFE
EVT_89842,32727,98822,58.722,13.89,43.1,189.933,0.13524,SAFE
EVT_89843,29523,93320,2.027,9.055,66.2,87.657,0.01747,SAFE
EVT_89844,29993,99119,9.625,6.919,13.2,95.864,0.28408,SAFE
EVT_89845,44066,89519,1.847,8.878,72.8,474.829,0.81873,HIGH
EVT_89846,33849,80320,7.032,10.389,172.4,200.785,0.45809,MEDIUM
EVT_89847,49211,91994,5.855,10.928,85.5,232.999,0.73573,MEDIUM
EVT_89848,31243,98558,14.367,12.79,133.9,368.754,0.22891,SAFE
EVT_89849,43635,93025,2.325,12.333,134.8,100.084,0.65879,MEDIUM
EVT_89850,38885,82554,16.041,7.197,3.3,430.179,0.24698,SAFE
EVT_89851,30061,84964,15.38,8.905,106.0,73.679,0.23909,SAFE
EVT_89852,22670,93811,15.074,6.32,48.7,14.627,0.2063,SAFE
EVT_89853,24923,94821,10.856,5.763,148.4,157.393,0.22097,SAFE
EVT_89854,37214,95098,8.118,12.869,115.0,160.077,0.60075,MEDIUM
EVT_89855,42090,89252,7.733,14.478,13.4,156.934,0.44405,MEDIUM
EVT_89856,30813,97893,9.874,13.372,144.2,41.882,0.19849,SAFE
EVT_89857,20936,91749,0.645,10.297,4.6,337.274,0.90544,HIGH
EVT_89858,46742,84408,12.952,11.398,24.8,45.11,0.09533,SAFE
EVT_89859,22189,82354,1.589,12.727,90.1,31.6,0.06006,SAFE
EVT_89860,40660,83166,4.454,7.03,157.1,347.511,0.56152,MEDIUM
EVT_89861,42923,98790,45.929,6.92,45.9,282.829,0.27316,SAFE
EVT_89862,40838,99731,4.71,6.579,74.2,20.416,0.28996,SAFE
EVT_89863,37984,87243,1.082,9.344,179.9,159.299,0.7511,MEDIUM
EVT_89864,34745,81363,8.979,11.439,161.1,327.91,0.6104,MEDIUM
EVT_89865,29174,84955,1.668,8.489,42.8,225.677,0.44339,MEDIUM
EVT_89866,29432,96787,37.541,11.929,81.6,370.977,0.23001,SAFE
EVT_89867,37111,84006,5.177,13.601,32.4,486.376,0.49297,MEDIUM
EVT_89868,46275,85321,2.412,9.97,52.1,241.505,0.76935,MEDIUM
EVT_89869,31322,95382,63.398,13.118,166.3,319.002,0.23561,SAFE
EVT_89870,41327,81543,6.346,13.355,44.3,158.638,0.52184,MEDIUM
EVT_89871,20325,91238,94.388,14.944,17.2,122.805,0.25744,SAFE
EVT_89872,24643,96630,40.177,8.878,127.6,326.339,0.08694,SAFE
EVT_89873,30629,86798,4.191,11.134,80.7,31.637,0.00268,SAFE
EVT_89874,36559,98952,71.304,13.305,172.1,316.533,0.2682,SAFE
EVT_89875,49253,97853,14.085,14.99,19.3,32.253,0.11529,SAFE
EVT_89876,25496,94613,51.388,12.912,25.5,231.11,0.0615,SAFE
EVT_89877,44501,92483,25.994,9.74,62.9,50.997,0.01517,SAFE
EVT_89878,25190,90656,25.736,14.158,71.3,41.758,0.2271,SAFE
EVT_89879,23971,82891,17.393,9.771,80.4,338.25,0.06686,SAFE
EVT_89880,40909,80755,46.635,7.473,56.6,473.518,0.11436,SAFE
EVT_89881,20308,94628,7.884,12.321,32.5,358.14,0.38368,MEDIUM
EVT_89882,27220,96660,34.02,13.35,59.0,162.738,0.05368,SAFE
EVT_89883,39840,90707,6.246,12.17,93.9,22.931,0.09059,SAFE
EVT_89884,30011,98981,35.101,9.402,77.7,64.83,0.27397,SAFE
EVT_89885,45545,93099,36.329,14.647,55.1,158.163,0.18483,SAFE
EVT_89886,22798,83518,11.727,5.953,25.0,459.429,0.19271,SAFE
EVT_89887,35046,95154,1.51,13.248,122.1,317.447,0.96323,HIGH
EVT_89888,30366,90632,13.918,6.603,39.8,105.209,0.21301,SAFE
EVT_89889,32121,80366,17.66,5.399,164.1,373.103,0.01051,SAFE
EVT_89890,33935,88924,23.724,7.346,130.7,101.324,0.01005,SAFE
EVT_89891,22368,84794,2.157,8.718,154.6,435.559,0.44156,MEDIUM
EVT_89892,49876,96180,1.319,9.566,61.0,117.208,0.42921,MEDIUM
EVT_89893,43553,94838,9.695,11.907,157.6,339.02,0.41935,MEDIUM
EVT_89894,40048,87249,11.801,12.917,144.2,467.898,0.09258,SAFE
EVT_89895,23901,89236,7.315,9.226,39.7,374.181,0.37599,MEDIUM
EVT_89896,42740,96947,2.535,5.081,60.5,55.836,0.26435,SAFE
EVT_89897,26325,93404,1.635,12.409,32.6,299.214,0.3775,MEDIUM
EVT_89898,34415,97267,0.709,10.267,0.2,195.993,0.53537,MEDIUM
EVT_89899,29356,89694,0.866,7.963,127.0,371.812,0.96811,HIGH
EVT_89900,34400,90955,27.917,10.598,24.0,133.267,0.27254,SAFE
EVT_89901,45033,84130,1.281,8.493,159.2,214.95,0.56358,MEDIUM
EVT_89902,36904,85720,5.475,5.556,64.4,281.015,0.30292,MEDIUM
EVT_89903,30984,86224,25.421,6.926,144.4,398.623,0.14335,SAFE
EVT_89904,33248,94428,19.06,12.489,106.7,287.839,0.1317,SAFE
EVT_89905,37818,97289,1.825,11.252,169.0,405.754,0.87489,HIGH
EVT_89906,20648,82620,43.361,14.492,52.3,40.177,0.26351,SAFE
EVT_89907,29840,87433,24.287,10.81,26.8,478.043,0.25274,SAFE
EVT_89908,45685,96327,49.079,10.551,23.2,16.134,0.19447,SAFE
EVT_89909,42028,98652,10.22,6.63,176.2,146.118,0.03723,SAFE
EVT_89910,27375,98327,8.361,10.595,58.5,307.351,0.52787,MEDIUM
EVT_89911,41003,94268,7.034,9.967,95.9,14.843,0.14916,SAFE
EVT_89912,31939,83021,9.577,8.683,179.6,415.527,0.38111,MEDIUM
EVT_89913,34589,89652,10.467,11.9,174.8,70.947,0.28562,SAFE
EVT_89914,44894,99596,36.633,7.688,76.9,37.773,0.07243,SAFE
EVT_89915,35976,83042,2.258,7.694,90.1,368.673,0.68809,MEDIUM
EVT_89916,39634,99510,0.315,5.227,49.2,125.934,0.55939,MEDIUM
EVT_89917,43038,95236,0.011,13.0,63.9,233.25,0.413,MEDIUM
EVT_89918,26184,85315,1.563,5.047,158.6,329.468,0.81201,HIGH
EVT_89919,27240,81883,0.301,11.291,137.9,71.069,0.16265,SAFE
EVT_89920,41215,81888,2.084,13.341,100.5,183.072,0.48894,MEDIUM
EVT_89921,44861,95345,5.87,10.38,169.6,478.448,0.34703,MEDIUM
EVT_89922,45174,92251,38.663,9.309,164.2,492.939,0.04414,SAFE
EVT_89923,30610,92070,2.247,10.547,82.9,442.828,0.53216,MEDIUM
EVT_89924,39147,84590,0.824,5.737,38.1,379.681,0.81807,HIGH
EVT_89925,27416,99032,0.071,10.055,72.1,418.797,0.81549,HIGH
EVT_89926,30273,95706,3.406,6.194,119.9,439.435,0.78798,MEDIUM
EVT_89927,47341,94731,19.467,14.724,72.5,387.814,0.24081,SAFE
EVT_89928,40011,86372,64.534,6.066,16.7,145.885,0.11455,SAFE
EVT_89929,47454,96770,20.427,13.218,115.7,365.534,0.15501,SAFE
EVT_89930,21776,91095,8.164,9.172,19.5,183.011,0.31782,MEDIUM
EVT_89931,39183,97584,52.764,6.872,107.5,329.086,0.06024,SAFE
EVT_89932,45648,87031,0.376,13.021,123.9,455.738,0.90868,HIGH
EVT_89933,38965,91652,19.981,10.198,132.5,369.409,0.07802,SAFE
EVT_89934,44523,88059,46.005,8.916,171.6,284.288,0.25141,SAFE
EVT_89935,34891,88425,30.297,12.13,29.3,276.866,0.20639,SAFE
EVT_89936,42484,84799,10.004,14.887,63.8,271.405,0.06966,SAFE
EVT_89937,47225,98302,0.335,14.918,53.9,286.898,0.33936,MEDIUM
EVT_89938,43834,93294,7.288,14.398,82.1,26.947,0.15823,SAFE
EVT_89939,34731,99351,17.099,13.107,136.7,86.539,0.27035,SAFE
EVT_89940,31451,94437,14.684,12.18,112.3,128.608,0.05427,SAFE
EVT_89941,45521,95032,1.856,13.667,121.1,288.908,0.39519,MEDIUM
EVT_89942,38428,86009,43.734,8.157,171.6,406.299,0.01444,SAFE
EVT_89943,49338,93525,69.291,7.313,135.1,437.719,0.13783,SAFE
EVT_89944,32316,96646,6.502,11.474,86.7,237.42,0.3507,MEDIUM
EVT_89945,40451,87589,1.553,9.06,57.2,167.268,0.51676,MEDIUM
EVT_89946,23697,99119,1.906,7.143,110.3,319.124,0.83068,HIGH
EVT_89947,45422,84181,3.54,8.112,97.1,209.465,0.38879,MEDIUM
EVT_89948,23570,98909,2.419,7.517,25.5,321.233,0.69084,MEDIUM
EVT_89949,29476,98592,18.733,12.056,118.0,168.441,0.16324,SAFE
EVT_89950,37461,84201,15.932,9.141,2.2,228.453,0.08235,SAFE
EVT_89951,21172,86148,6.447,8.499,166.0,135.097,0.31541,MEDIUM
EVT_89952,31938,89128,37.562,5.124,108.9,109.052,0.09176,SAFE
EVT_89953,46967,85298,3.502,8.974,77.7,316.438,0.51799,MEDIUM
EVT_89954,33718,90481,13.669,6.334,28.9,364.827,0.22488,SAFE
EVT_89955,32215,96335,3.185,6.235,45.5,208.593,0.32139,MEDIUM
EVT_89956,44417,81534,36.201,14.742,150.2,22.302,0.08673,SAFE
EVT_89957,33315,89561,10.382,9.325,42.3,17.154,0.10897,SAFE
EVT_89958,30987,85330,17.244,9.471,44.3,488.476,0.0768,SAFE
EVT_89959,36077,83184,20.469,13.871,6.9,336.587,0.27176,SAFE
EVT_89960,20037,97130,9.816,11.94,173.1,223.629,0.50069,MEDIUM
EVT_89961,20801,85332,17.116,7.856,180.0,375.747,0.22777,SAFE
EVT_89962,20162,92543,27.104,5.082,69.0,393.966,0.01728,SAFE
EVT_89963,28059,96902,23.63,10.52,39.6,228.569,0.11867,SAFE
EVT_89964,47001,84124,1.901,12.756,1.2,68.309,0.07977,SAFE
EVT_89965,45400,88473,15.015,7.349,92.2,169.706,0.14627,SAFE
EVT_89966,32943,85095,23.469,10.07,26.0,72.933,0.14929,SAFE
EVT_89967,23086,96162,37.881,10.536,164.0,53.435,0.106,SAFE
EVT_89968,20951,81920,69.61,6.265,144.7,362.872,0.07921,SAFE
EVT_89969,43870,90852,8.191,5.224,159.7,70.3,0.2528,SAFE
EVT_89970,36072,81463,8.897,11.54,122.8,169.805,0.54906,MEDIUM
EVT_89971,28595,82196,3.581,13.179,168.3,424.627,0.34651,MEDIUM
EVT_89972,41404,89288,18.302,9.875,133.5,351.706,0.26998,SAFE
EVT_89973,44089,97810,6.246,7.001,171.5,120.934,0.44757,MEDIUM
EVT_89974,21783,89202,6.057,14.367,159.6,287.606,0.35271,MEDIUM
EVT_89975,30491,85546,0.179,13.756,7.1,487.655,0.84931,HIGH
EVT_89976,29627,84422,0.418,8.464,58.9,158.959,0.66401,MEDIUM
EVT_89977,38715,82133,14.141,12.225,56.8,472.291,0.17911,SAFE
EVT_89978,23927,92358,10.432,7.488,31.0,225.695,0.11489,SAFE
EVT_89979,47885,93185,2.997,8.056,117.6,220.131,0.42879,MEDIUM
EVT_89980,38724,99783,14.872,6.202,61.7,169.766,0.09181,SAFE
EVT_89981,28253,94389,21.732,7.43,91.7,318.71,0.17186,SAFE
EVT_89982,25820,89678,23.168,11.997,60.9,319.017,0.25708,SAFE
EVT_89983,47603,84533,8.226,5.318,52.0,449.535,0.38571,MEDIUM
EVT_89984,41711,84167,9.091,14.668,150.5,36.709,0.22048,SAFE
EVT_89985,23132,80941,0.376,11.086,22.0,138.532,0.76636,MEDIUM
EVT_89986,32757,87483,16.734,9.136,75.2,42.706,0.09041,SAFE
EVT_89987,27167,86690,34.825,10.678,37.2,76.075,0.14685,SAFE
EVT_89988,30671,92830,32.251,13.212,97.7,163.662,0.08785,SAFE
EVT_89989,46413,87726,9.191,10.371,108.6,176.299,0.71134,MEDIUM
EVT_89990,43330,97776,43.633,12.711,10.0,261.225,0.16845,SAFE
EVT_89991,22633,87499,24.031,7.163,173.8,184.989,0.2545,SAFE
EVT_89992,26749,94630,34.547,5.541,126.8,11.781,0.26939,SAFE
EVT_89993,20504,80128,17.761,8.293,79.9,480.845,0.08585,SAFE
EVT_89994,34293,95634,14.559,5.903,158.4,301.714,0.11165,SAFE
EVT_89995,38850,87868,36.3,11.57,107.4,146.611,0.03881,SAFE
EVT_89996,39275,97675,16.906,14.013,141.2,499.123,0.15954,SAFE
EVT_89997,43102,99653,22.337,7.143,97.4,76.558,0.02657,SAFE
EVT_89998,29488,84371,15.922,10.536,78.9,492.515,0.22959,SAFE
EVT_89999,38734,91695,0.933,8.971,54.5,15.756,0.10593,SAFE
