id,type,bstar,inclo,nodeo,ecco,argpo,mo,no_kozai
00900,payload,0.10199766807484559,0.8576674680867422,-0.8623456744384372,-0.12749987070609536,0.9657924942842618,-0.4522224516468089,0.6891046289913803
00902,payload,-0.07124601636253877,0.8579836263293861,-0.8237773765101465,-0.13300281291323743,0.15015939761319,0.06290390868569452,0.6528491489398088
01361,payload,-0.2734305606239693,-0.5995284549918793,-0.752106022337295,-0.1386392526247086,-0.7752951800977511,0.6710543917500955,0.09405551775958186
01512,payload,-0.06535183778024592,0.8520468771064013,0.5296979777185757,-0.07739015994175602,0.2933082572946711,0.7556034045799599,0.6231829040293025
01520,payload,-0.0594657134704679,0.8498939900255388,-0.334390708226728,-0.07520167626422886,-1.0727642507820312,1.258124398203399,0.627283935629706
02826,payload,0.2633123553583469,0.34838170465021057,1.4739733109183795,-0.14775100441609296,0.6400916978978847,-0.7311110176406977,0.8420029981586145
02866,payload,-0.09361582893333455,-1.3466279467068791,-0.5647734574836152,-0.09139973820344613,0.380613972111819,0.3633608450933754,-1.2582534056755483
02872,payload,-0.06017820680831798,0.3497140858156397,0.7991091535996838,-0.14267262804239117,0.9085424786312473,-0.9974538804674693,0.7245927204012038
02874,payload,-0.07542215666147659,0.3498295086661287,1.8945755928384331,-0.14357866028488742,1.4871436124930975,-1.5696917228558207,0.720348016293432
05204,payload,-0.09361582893333455,-1.4001590574098224,1.90162992877372,-0.1263060528600043,1.2567843201902464,-0.867141968649166,-1.2755643267455972
05398,payload,-0.018751365908017202,0.7926919308385604,-1.4410341976868746,-0.08981965298827152,0.694704924622839,-0.790208718254261,0.7832251047185137
07530,payload,-0.047675497627609545,1.153295498498262,-0.8638095437917348,-0.1398713689351564,1.7127494899473907,-1.5275163349057355,0.5003950347579728
07646,payload,-0.09442807133848365,-0.1558656004432297,0.23679791142517337,0.07184254202882095,-1.0889097216298813,0.9991326611335972,0.6981239307261744
08820,payload,-0.09361582893333455,1.3495871109094615,-0.16398971450051178,-0.10420783892617382,1.5319904141508074,-1.8066868592510832,-0.44485666847917504
13086,payload,-0.09361582893333455,-1.1672257083531232,1.4753566092131065,-0.14677165797039954,1.4961380573210785,0.2690347099057661,-1.2755209472725442
14129,payload,-0.09361582893333455,-0.7550808195652156,0.7858644364535364,6.469099850057626,-0.8262896279177496,1.3117224674907306,-1.1100256186888426
14781,payload,-0.04210565840389453,1.0477939947663806,-1.3005444814030693,-0.14500774012631265,0.10902179571969445,-0.20496807298226363,0.8642751262041058
16908,payload,-0.10803514519285971,-0.15120352096042902,-0.28798760290423026,-0.14078506087052398,0.8659338363070158,-0.6187116408191519,0.48628524369116205
19548,payload,-0.09361582893333455,-1.0877018735585056,1.7833050194818523,-0.1047308865251028,1.7812369710983853,0.04230651430132823,-1.2723372597366105
19751,payload,-0.09361582893333455,0.22194600870896192,-0.7961618888691603,-0.12746923193461,0.4758699166726057,-0.14441727642773647,-1.0988284076678627
20026,payload,-0.09361582893333455,0.22500722343932616,1.5177098054229008,-0.1306808317313811,0.4363598902457667,-0.3860911892898644,-1.098753890263045
20253,payload,-0.09361582893333455,-1.0935708745866382,1.8813357293705129,-0.14351738274191664,1.5942758021704977,0.07717600530850016,-1.2723301053895046
20442,payload,-0.07281226258696051,1.0754352582661284,-0.798817821595037,-0.14013508121829843,-0.015006455164134165,-0.08195147263975368,0.7776336850619212
20580,payload,-0.02114906087973879,-0.6916634907986371,-0.3847845077875586,-0.1516311859763486,-1.5915991412084844,1.4776554384816984,0.9239363947764029
20776,payload,-0.09361582893333455,-1.0704035011395456,1.869154938491748,-0.14932233569655742,1.587625493812116,0.0974567979944711,-1.2723153448417917
20929,payload,-0.09361582893333455,-1.0529144300980384,1.813212413981681,-0.14975784394838534,-1.112588319548016,-0.756105230140471,-1.2752010826379545
21639,payload,-0.09361582893333455,-1.0525932534705904,1.9081862773229057,-0.13958358333156157,1.0001592266736974,-0.37323946989147117,-1.2723090480941885
21805,payload,-0.09361582893333455,-1.0531452757990167,1.8276423993508901,-0.15027760882179805,-1.074337379279672,-0.6790276324666621,-1.2739958541009957
22195,payload,-0.09361582893333455,-0.08414284482623687,1.73947533435537,-0.0022803058871851537,-0.29254307385204076,-1.7905218886442533,-0.4315955136170345
22314,payload,-0.09361582893333455,-1.0501944655343378,1.9400817384245603,-0.14810225604633606,0.3246648501113652,0.750825509648247,-1.2723344394945182
22490,payload,-0.07378497088298194,-0.7795178443676887,0.17755197351373284,-0.10699049592214963,-1.2733342451620058,1.3896363170669883,0.7960411977140037
22787,payload,-0.09361582893333455,-1.10852817049459,-1.493668455117341,-0.14333026738748808,1.6040830624645037,0.05849842973355314,-1.2723249659401552
22824,payload,-0.09192910937887372,1.0727403856264475,-0.35851931342935556,-0.14639305029418734,0.2101298171823969,0.32045698454242283,0.7674666908026825
22825,payload,-0.07766774979455279,1.0705849893531827,-0.32477363018752486,-0.14280940827223662,-0.9615504829630387,0.8555783299486678,0.7727559372724907
22826,payload,-0.07765535860606844,1.0704545113482817,-0.32556380900289905,-0.14241766969395925,-1.1083550677070224,1.0007839940042558,0.7734069890067892
22988,payload,-0.09361582893333455,-0.9681438739909685,-1.2532919823908266,-0.148560743376778,1.2178284861266055,1.1823545868764578,-1.2723189996296365
23439,payload,-0.19078443123048064,0.2203325979945155,-0.3436194920077621,0.013541336859497441,-1.4041178092730333,1.2991844628451548,0.30657084465455636
23467,payload,-0.09361582893333455,-1.1634644289426186,-1.4020950787420325,-0.14914835124419404,1.5382975121509281,-1.1896291867631308,-1.272321939751229
23613,payload,-0.09361582893333455,-1.0692015979790175,1.8534086355873463,-0.14434900653937696,-1.1913137754086252,-0.5206863660308372,-1.2723120558401146
23712,payload,-0.09361582893333455,-1.0538955243271961,-1.4896437851314184,-0.1488277383854363,1.5561065323556782,-1.584364142598786,-1.2723196374500552
23802,payload,-0.09361582893333455,0.5946238102067886,0.6824412900545526,6.802865495717293,0.4303697513867036,-1.1379778811106134,-1.2268691184638032
23839,payload,-0.09361582893333455,-1.14579218685577,-1.0715401767626822,-0.14621797159998517,0.9490461622426278,0.7522526230790086,-1.2727471830774002
23893,payload,-0.039791603954442305,0.1828151532007404,-0.3471626771135551,0.7724308792972028,-1.1778867639423591,1.1343263979244231,0.6420307002741039
24278,payload,-0.08862930490752029,1.0665451895860627,1.1953236438997827,0.23024608485007544,-1.4001762376231968,1.3043549823754854,0.6534290552644667
24307,payload,-0.09361582893333455,-1.1650251466166237,-0.9995426554129688,-0.1464630817718682,1.1462414168109152,0.4656693848043593,-1.2727724346183131
24674,payload,-0.09361582893333455,-1.1531064827074187,-1.0418317830701649,-0.1453666514494271,0.9523324257296648,-1.128786808705218,-1.2727357776187809
24876,payload,-0.09361582893333455,-0.002599110148059031,-0.5343535145630031,-0.04611672818989292,-1.0916009575269576,0.9917719122247005,-1.1181813530735034
24920,payload,-0.06469882214712071,0.34919468298843837,1.038492563760931,-0.13198735648686483,-0.9851104642701025,0.8798277104892979,0.7681184418340663
24936,payload,-0.09361582893333455,-1.2084667946713747,-0.8996617233841325,-0.14939893262527087,1.0091847840554018,-1.1328439295576052,-1.2723225668132307
25019,payload,-0.09361582893333455,-1.0885424530131547,-1.3151724968439444,-0.1454147980903327,1.278248093190195,-1.4005619407947323,-1.2723230263513159
25118,payload,0.04074802339670702,-0.2765652825536484,0.6996466086340251,-0.1518325264746811,-0.5959040843976944,0.8904795773571987,0.7978088870344818
25153,payload,-0.09361582893333455,-1.1690323268825187,-1.006436819966761,-0.14734175796839535,1.1253473924510273,-1.2039898163836642,-1.272324872188238
25159,payload,0.003521795392600669,1.3029914080054745,1.3896853055619682,-0.11002920550839607,-0.04897844702820327,-0.04742745278675765,0.7798153474986187
25160,rocket,-0.07705965221968335,1.3041782560115913,-0.48446449753779225,-0.08422479446667333,1.4856064578856993,-1.4258256015484592,0.7597549132415854
25397,payload,-0.07628737139739628,1.0781200941362021,-1.0826861634434262,-0.15126242647668525,-0.28299249212625294,0.18311054866554563,0.7627560150769445
25398,payload,-0.08717210114176081,1.0782129342550741,-1.1422398245544656,-0.15109172474983815,-0.3153291303852345,0.2151354359631222,0.7606715349552192
25415,payload,0.0267242958295447,-0.277024464763203,-1.0307100647805567,-0.15197149518820408,-0.3996840139351762,0.6760180135139977,0.7855437417797251
25416,payload,0.008140610900141862,-0.27701944637839926,-0.9734939351036951,-0.15127774586242795,0.9842043202174029,-1.0717340278761243,0.7834473659229628
25481,payload,0.029475139673070246,-0.27676350875340155,-0.15379407801663678,-0.1515261387598273,0.4989019568336754,-0.5913174142288062,0.7850322436161158
25504,payload,-0.07136373265314008,-0.7788077429179403,-1.1836057826128645,-0.13461900810909122,-1.328467634894524,1.4327884549376557,0.7951434754646789
25544,payload,-0.021824380652135822,-0.11046427312256546,-0.28117595088029906,-0.14394413705903444,-0.3299316130218637,0.22992333352921052,0.9531836377793409
25560,payload,0.009770052185833789,0.34782717312938244,-0.04497364142910257,-0.1497348648697713,-1.263920753126062,1.1540740679936434,0.8924050400083618
25757,payload,-0.08053290235184644,1.069684189280887,-1.0647566760724683,-0.13810307412371445,1.6117124439978705,-1.6929575628332376,0.8057739023555422
25867,payload,-0.09361582893333455,-0.0410022998597184,-0.3698565350322479,8.619517042497877,1.3823565315525996,-1.9373038249854695,-1.3683280262673783
25924,payload,-0.09361582893333455,-1.4044773775335575,1.0334029967719793,-0.15007298559794927,-0.7995318594482997,-1.4333162630083691,-1.2723155615470423
25933,payload,-0.09361582893333455,-0.11221067103431419,1.3813059154706795,-0.03656399693748686,0.028711544153798136,0.9615850469451649,-1.1181751285609838
25967,payload,-0.09361582893333455,-1.1588951895786894,-1.2638516447417354,-0.14707804568525334,1.1832517439995376,0.5489904834483503,-1.2723165497844622
25982,payload,0.004352005021052045,-0.27644735051075725,1.752152171148946,-0.14683950096440287,0.6639773887517406,-0.7551294425350819,0.782023135981815
25989,payload,-0.09361582893333455,0.22600337282289537,1.2270404896426799,5.00663797285723,-0.9889616150606805,1.524239192329503,-1.349386862334783
25994,payload,-0.06375182556720431,1.0520420575028617,-0.45506188557358296,-0.15099652570986571,0.12219893448886887,0.40185249048583765,0.8190049136710048
26107,payload,-0.09361582893333455,-1.1834175269228286,-0.9580747701118003,-0.1482423190016978,1.0698250957969668,0.6899225057331949,-1.272318440191968
26113,payload,4.886402822926647,0.9558596943517779,1.512686248457838,8.072236363807628,1.2833787477526484,-1.8756521398505035,-1.167207224366421
26356,payload,-0.09361582893333455,-1.0776375028343326,-1.411407345788573,-0.15109500747535445,1.812546895084494,-1.8679276357987697,-1.2723203951499742
26388,payload,-0.09361582893333455,-1.0921531808795433,-1.2209431877427595,-0.14629675701237616,1.3213195347510616,0.24416944764181384,-1.2723129349564506
26407,payload,-0.09361582893333455,-0.02904097967968042,0.5975456041841068,-0.018650163795088312,1.301983082611953,0.2702549255700989,-1.1181739097860635
26410,payload,-0.09361582893333455,2.3286539126064145,-1.211555203315876,9.575903011688505,0.7840621234511251,1.5199530404612551,-1.357574981090629
26464,payload,-0.09361582893333455,2.3344702205941066,-1.2084527321931051,9.574779225320095,0.7861029125219211,1.5193746890304471,-1.3581830222118754
26554,payload,-0.09361582893333455,-1.3598614274346998,-0.7307187745973412,-0.14961121554199103,0.8015600181186403,-1.2588446693126507,-1.2723221641410631
26575,payload,-0.09361582893333455,-1.1191019072763564,-1.1814264810888906,-0.1505818080529743,1.6485341513295446,-1.8311007956896632,-1.2723227266525647
26580,payload,-0.09361582893333455,-1.404615383115664,1.3670176575057018,-0.14962872341141123,-1.32921530845119,-0.43631923077239115,-1.2723192670531371
26605,payload,-0.09361582893333455,-0.011925778306062057,-0.5697358581030163,0.03611773447686763,0.9414877562224431,-0.655529820091524,-1.1181708713018037
26702,payload,0.06721869979639823,1.038206370598576,-0.6349702642110696,-0.1493234299383962,0.011958406241037167,-0.10879814188545783,0.9672234422716812
26715,payload,-0.09361582893333455,-1.1194506850202257,-1.335613277329611,-0.11075687633117386,0.14801165913896971,-0.16711829182332633,-1.2723151419687908
26720,payload,-0.09361582893333455,-1.1426004941205048,-1.0632306796378637,-0.1462825318684722,0.62785474161154,1.05846997823014,-1.2739981917512528
26766,payload,-0.09361582893333455,-1.184970717019628,-0.9478014747762915,-0.1464182178564789,0.8595450678533713,0.8411205064936721,-1.2742107596222552
26857,payload,-0.09361582893333455,-0.27988996248621606,1.0991936344048603,-0.13355102807445796,-1.3787746897306954,1.2677109821529906,-0.8233418223895105
26880,payload,-0.09361582893333455,-1.0878047504469848,-1.366872906583514,-0.1506518395306552,0.4297659733910085,-0.6071994641689848,-1.2723204212775576
26900,payload,-0.09361582893333455,-1.259569007129242,-0.823971523639231,-0.1480584863727855,0.970230894526369,-0.9435276616994297,-1.2723205334724745
26931,payload,-0.06425088068341148,0.2764306125246413,0.1262786874581495,-0.14540166718826755,0.9417337398503194,-1.0300426844679629,0.7742874901048095
26958,payload,-0.03647386323775778,1.0520947505433023,-0.9325793691204176,-0.09115681651524062,-0.31204772823471705,0.21611026125331828,0.8896339300683096
26998,payload,-0.05854256992838387,0.4524579870977908,-0.5797237571587709,-0.14997012686510547,1.166277901408801,-1.2517360469842398,0.8712309113605746
27004,payload,-0.0826310403419589,1.0981459586960687,0.7169907424107933,-0.13059876359347383,-0.9740314783426516,-1.5341967269733991,0.6795399477649535
27056,payload,-0.17340888717830183,0.6649790559647252,1.2888899405551442,-0.1456227040396978,-0.48284009189946187,1.5105079168449895,0.5109483699085936
27057,payload,-0.07676257347577109,0.6651120431620275,1.2356693587948424,-0.15222207656928094,-1.0640760701547647,0.9560700185758505,0.5125642303049277
27168,payload,-0.09361582893333455,-1.128814991064258,-1.3149608764732423,-0.04427074220789876,-1.5943885761032504,-0.11404468431601142,-1.272312606056283
27380,payload,-0.09361582893333455,-1.2393574623316321,-0.8494562465385141,-0.14685919731750063,1.286137070093691,-1.287032805936967,-1.2723227912030648
27424,payload,-0.027812422487197622,1.063418735853248,-1.296945964365487,-0.152147668124245,-1.1548061104160967,-1.4282294648998024,0.820455083691734
27426,payload,-0.09361582893333455,-1.2907507411081243,-0.7894482811454169,-0.14912099519822494,0.9875148903870364,-1.118098373859995,-1.272321312689227
27438,payload,-0.09361582893333455,-1.243565377989682,-0.8434571002498016,-0.14976112667390165,0.9518608760872944,-1.3087349381625428,-1.2723209453661426
27445,payload,-0.09361582893333455,-1.319478484917911,-0.7618648277807297,-0.1522767886612191,-1.1989227393286104,-1.5450689640204263,-1.2723229433578156
27464,payload,-0.13315920918401422,0.6635814357968456,-1.0068561777655836,-0.12452900411385225,-0.28862289208288905,0.1903664052184386,0.48644615425591864
27465,payload,-0.07441939973338063,0.6635839449892476,-1.040358206360413,-0.12350698223644709,-0.34407907456028763,0.24553785984582085,0.48694165926464417
27513,payload,-0.09361582893333455,-1.26749052754216,-0.8128226247515509,-0.14942847715491753,0.7864986253145911,1.2185318642304979,-1.2723220673153128
27606,payload,-0.05804382459188881,0.213740949554625,0.712870940331619,-0.06017992430168244,1.1969665465877453,-1.2905731635308784,0.8433378733013976
27607,payload,-0.03426513389042251,0.21370582086099751,-0.44641360170851196,-0.07102386092382951,1.109652081364863,-1.2035259804607867,0.852401003288913
27612,payload,-0.05794469508401402,0.21379364259506559,1.4406188341416537,-0.09096532419345699,0.9333469620872484,-1.02719904307356,0.8562441064596713
27632,payload,-0.09361582893333455,-1.1754533502390778,-0.9705263962356377,-0.14604179866394423,1.087585502636523,-1.0284779599646465,-1.2723229894653156
27640,payload,-0.06687409528554823,1.0709638774058752,-0.8974795096532223,-0.13753297412571863,0.0032293903870085875,-0.09999969407868055,0.7558479757737927
27651,payload,-0.009272106717489986,-0.4025944893257833,0.18624005754026654,-0.13380598642288988,1.547072224568238,-1.629748851716497,0.8835337003153665
27663,payload,-0.09361582893333455,-0.02823803811106031,0.5957516847113657,0.009691794070727157,-1.1271742736404793,-0.7367617324521817,-1.1181772863919903
27691,payload,-0.09361582893333455,-1.13649562900659,-1.1031250024578019,-0.14669943800904114,1.1408842239666628,-1.0788830674426286,-1.2723235427553172
27704,payload,-0.09361582893333455,-0.029008360178455216,1.6633172400293752,-0.1477849259130946,1.6362369144703606,0.1083877362682525,-1.1271277834412352
27711,payload,-0.09361582893333455,-1.1003532216490763,-1.2357391404502929,-0.04387243817858882,-1.608028514109061,-1.9235561901426805,-1.2723201661493901
27718,payload,-0.09361582893333455,-1.295089134771075,-0.7850925903044049,-0.15018131553998684,0.925968425518277,-1.4637812373785926,-1.2723216984553116
27811,payload,-0.09361582893333455,-1.2284023283047711,-0.8621981226203329,-0.14391678101306535,0.6631451279396394,0.8022218017747016,-1.2723218352408954
27825,payload,-0.09361582893333455,-1.188528751845576,-1.2194162205725094,-0.1493354665986226,1.343712795293497,0.3519959026676901,-1.2723222194700632
27831,payload,-0.09361582893333455,-1.2401102200522134,-0.8471992861629063,-0.1463098879144413,0.9506591536997268,-1.3380807399636665,-1.2723224192692304
27843,payload,-0.07592152155739587,1.070765651206122,-0.8909357806674276,-0.14293743456737196,0.38303005636190385,-0.4766931646817579,0.7579813221610884
27844,payload,-0.04269733765402221,1.070007875100737,-0.8817361189557564,-0.1418519466633185,-0.25253135749641165,0.15353090427259797,0.762529771721399
27848,payload,-0.05117600837443821,1.0700806416803932,-0.8910318834963246,-0.1423717115367312,-0.06665621114693211,-0.030790947735508986,0.7614481819829962
27858,payload,-0.05683878151178585,0.44904548543115547,-1.226313297333238,-0.14647292994841707,-0.38432121826693083,0.2837995119072301,0.8501780823241689
27868,payload,-0.08188044409951944,0.663322988979446,-1.1515860673485958,-0.13058016148221485,1.2813467090875872,-1.367385162211504,0.48731807013741174
27869,payload,-0.09481033950322583,0.663317970594642,-1.186215120027761,-0.12980215553485394,1.234848025280623,-1.3215221824430259,0.4877987915446745
27875,payload,-0.09361582893333455,-1.1484343664550103,-1.058521641021918,-0.1514659554586953,1.018169506210345,0.7502644798909085,-1.2723176886397156
27939,payload,-0.05792920609840859,1.061602080554245,0.781755312466462,-0.14193620328490328,0.8877826271592918,-0.2436358220549888,0.8377753691950625
27944,payload,-0.08615230632949887,1.0630197742613399,0.5744692764211178,-0.1390791378438916,-1.3698852497715304,1.2594341091806518,0.8233763964980919
27954,payload,-0.09361582893333455,-1.37762650964042,-0.70492826996975,-0.15069998617156077,0.8037495640869267,-0.7093078423198891,-1.272325018195322
28051,payload,-0.07659839022835344,1.0581996156572173,-0.5712404983534216,-0.08382430195368587,1.431545478989336,-0.9160564498936687,0.7807485725230547
28054,payload,-0.06485650002058406,1.0781000205969866,-0.7540203130300686,-0.14409404819094507,-0.6584383728471723,0.6566639303585883,0.7474710959861866
28058,payload,-0.06878791434695598,1.0660408419132732,1.5280850280011786,-0.13895330003243375,-0.1355666285751046,0.03770087378910722,0.7998228319024849
28089,payload,-0.09361582893333455,-1.2538957231084602,-0.8321965667628978,-0.14682527582049895,0.6610236406826229,-0.982070309797105,-1.272320976104476
28117,payload,-0.09361582893333455,-1.1843484373039475,-1.2004868754867661,-0.1491341261002901,1.1521926649778242,0.5436159530971686,-1.2723210590979763
28129,payload,-0.09361582893333455,-0.026913184522837266,-1.2674423958941539,-0.14955540920821409,1.3671279087722865,-1.451663764472223,-1.1303008093862184
28158,payload,-0.09361582893333455,-1.1071255319419067,-1.2731153750060045,-0.14996246717223413,0.9458240683976459,-0.0014162764786048337,-1.2723206379828083
28184,payload,-0.09361582893333455,-1.2614684657775088,-0.8218485247826914,-0.14723014530084147,0.9547310091682802,0.9943374445284154,-1.2723242666430696
28187,payload,-0.09361582893333455,-1.2668506834796656,-0.8220261694058038,-0.15227350593570282,-0.7325552816874991,0.7362108288168434,-1.2714563559664223
28190,payload,-0.09361582893333455,-0.02784660409635803,1.187572319771082,-0.032210008661046584,0.0019411362093981993,1.4663203278269865,-1.118189893719447
28220,payload,0.04217920566664938,1.0499744829636648,-0.28911268551727537,-0.14572009156334773,-1.0483807590686,0.9412513269235963,0.9260206889312109
28252,payload,-0.09361582893333455,-1.4054007603374707,-0.7971442733423282,-0.14955322072453656,0.8731655605131048,-0.46412725289559403,-1.2723232169289829
28358,payload,-0.09361582893333455,-1.4057294645421246,-0.3843214668846921,-0.15196930670452655,0.6068955753422933,-0.01808646256159742,-1.2723232814794831
28361,payload,-0.09361582893333455,-0.03151002500318739,-0.6453581063527384,0.021796297291129873,1.2570439155603765,-0.9269902751130283,-1.1181622015548598
28366,payload,-0.06159699788977598,1.0552387686229303,0.6943619237803436,-0.038388098082705754,0.5441785006396906,-0.6438473136522508,0.7836205456935074
28369,payload,-0.055423088227448944,1.0675714492784552,-0.9089749611663184,-0.11774908168087311,-1.5854962193421736,1.4725166753527263,0.810354922253956
28370,payload,-0.06659777178234724,1.0697745202073567,-0.8929694718445882,-0.09326870326405431,0.6545250060236425,-0.7499136941906948,0.801941068861983
28371,payload,-0.06667273847267756,1.0667685077098352,-1.0097091698274812,-0.12734120563947465,1.0755507779493803,-1.164187497698756,0.8122475244769106
28372,payload,-0.06885482676477146,1.0689138672134921,-0.9035310756667877,-0.10322958672231917,-0.3604219156708207,0.2634176761260266,0.804717711702053
28376,payload,-0.027127809323437328,1.0612533028103754,-1.4095415918780703,-0.15192334854729847,-0.9176040008287,0.8112406197606049,0.8191833066628994
28378,payload,-0.09361582893333455,-1.330799961035455,-0.7483007386072378,-0.15015614797769528,1.1578619556266148,-0.5473723286393618,-1.272321818334812
28380,payload,-0.07893319991851695,0.675728436214627,-0.010208685759578038,-0.11050738919193576,0.3113856232752854,0.22305817694455005,0.6888633484431211
28413,payload,0.0386260323687622,1.0429537626230423,-0.7194320312480111,-0.14511497582651148,-0.20105369282639604,0.10237037936835329,0.9038208574459463
28414,payload,-0.058520885348536264,1.0433351598681373,-0.7905151196197363,-0.14689421305634107,-0.26194193273044414,0.16259013949659445,0.887503002787855
28419,payload,-0.03889943838356915,0.6636868218777271,-1.190839704642555,-0.13515080964273032,-0.20292433511901714,0.10461738534328774,0.48806959011452633
28420,payload,-0.04371651290685995,0.6636767851081193,-1.1600334089350643,-0.1379794247959342,-0.10357417294168819,0.005890582779500662,0.48752281202872266
28446,payload,-0.09361582893333455,-1.4045300705739983,1.2929116983341309,-0.1504056351169334,-1.2324455436982977,-0.9331596778133728,-1.2723217645427285
28470,payload,-0.021533187722753613,1.0344099624944443,0.549986352707911,-0.11726323830446209,0.7877265989193623,-0.88009761808837,0.9071403838249742
28474,payload,-0.09361582893333455,-0.020968907722646264,1.6635181823079774,0.03397302047289099,1.399459685694749,-1.4797402725341866,-1.1181674854743764
28485,payload,0.05807090489782732,-0.8902685786044239,1.5324708116471988,-0.15026994912892672,0.5914122185283702,-0.6833849956591687,0.9683573932241657
28493,payload,-0.03523474438932285,1.0582171800040308,0.3237816496689232,-0.14993073415891,1.2384668041855793,-1.3231484951186743,0.8480169684633692
28521,payload,-0.07920270826805156,0.6753746400859539,-0.2954748869373761,-0.11079079782817551,1.1436250454962353,-1.2331277581031665,0.7066762510887495
28526,payload,-0.09361582893333455,-1.25116321258275,-0.8370599523464658,-0.14941753473652986,0.9093436268896257,-0.0013643114581994632,-1.2723251150210724
28628,payload,-0.09361582893333455,-1.2800791458226823,-1.1192013554816478,-0.15037061937809296,1.40364432417055,-1.361552569828602,-1.2723220995905629
28649,payload,-0.045767254601019755,1.0415335597235456,-0.7075822612243357,-0.1501802212981481,-0.8291937903543706,0.723930724642909,0.8646740974766948
28659,payload,-0.09361582893333455,-1.4056090233068315,0.029521582736283747,-0.14936391688643044,0.13377085993937554,-1.4227596653445442,-1.2723335711365988
28702,payload,-0.09361582893333455,-1.3304260913675663,-0.7541465086639735,-0.1503782790709643,0.9664118285568191,0.1734729620107413,-1.27232334295615
28737,payload,0.031163439104062836,1.0465444169502156,-0.7159616513156248,-0.13353680293055406,-1.0429700915226356,0.9369690243161192,0.9092349630261473
28786,payload,-0.09361582893333455,-1.4053204661806087,0.9113038672907076,-0.1509221172648298,-0.7314118953381632,1.0170952365203743,-1.2723242850860697
28810,payload,0.045856290849380026,1.0529328208055495,0.17726657723397887,-0.13005164267409203,-0.40212343260055367,0.30280138770211407,0.8937624893832163
28868,payload,-0.09361582893333455,-1.3049326965638772,-0.7771286750693569,-0.15037937331280304,1.1160398775512033,-0.6841789056931392,-1.272322594477731
28874,payload,-0.09361582893333455,-0.026740050247103554,1.161886654593197,-0.011904162859110836,1.231028959311073,-1.3112619778585504,-1.1181667293113742
28885,payload,-0.09361582893333455,-1.2966297789058647,-0.7843606556277561,-0.1490805082501907,0.9770124589707719,0.7468396001201194,-1.2723171507188806
28890,payload,-0.07901993823790741,1.0597879344476437,0.31074758215783205,-0.13846745665602272,0.9747840223103318,-1.0633609233845165,0.8227646821460008
28893,payload,-0.06373076054678092,1.0596850575591643,0.32068597369567,-0.13854952479393,0.9170177327189692,-1.0061657199069043,0.8237033939629546
28895,payload,0.003735543393955684,1.0600564180346514,0.5107404812991152,-0.1376992988852107,0.2420017116701348,-0.33696114944219874,0.8363076737135282
28899,payload,-0.09361582893333455,-1.281825543734431,-1.1088212792251426,-0.1503837502801581,1.3323187947595967,-1.4968781438008272,-1.2723227988876484
28908,payload,-0.015641177598445535,0.6633530992882692,-1.3538029218535421,-0.14306217813699101,-1.06140039053455,-0.995184741243103,0.5033148521444093
28912,payload,-0.09361582893333455,-1.1774255754670009,-0.9977603847679727,-0.15072734221752987,0.4441078883902039,1.2322188732161474,-1.272318838253386
28924,payload,-0.09361582893333455,-1.3072311168040522,-0.7777450922042002,-0.1462267255346953,0.8802796403754269,-1.3112841111079825,-1.2723218844222288
28935,payload,-0.09361582893333455,-1.4046881496953203,1.3178265994095506,-0.15007626832346554,-1.637532937711907,-0.06689027755894095,-1.2723227097464815
28945,payload,-0.09361582893333455,-1.3991403252946355,-0.6655125198230052,-0.14845460191841792,0.7594375094463378,-1.7113310468072942,-1.2723249690139884
29045,payload,-0.09361582893333455,-1.3854150428560352,-0.7020209167117089,-0.15187410766455411,1.2451783653841046,-1.9317252838134376,-1.2723238824139018
29055,payload,-0.09361582893333455,-1.4013333594539292,-0.7426190228745785,-0.1489207489417312,0.5546731539175234,0.6554350538575213,-1.2723145979002892
29228,payload,-0.0536480504770659,0.34869786289285476,1.0596584837737286,-0.15003906410094758,0.02194067464973767,-0.11878312432482348,0.8984005842191422
29236,payload,-0.09361582893333455,-1.4048361920470347,0.7194719427204938,-0.15061025834078218,-0.5745521221376897,-0.4085670229303644,-1.2723246647044875
29268,payload,-0.08378001329417019,1.0487299235323033,0.8646765220341175,-0.1358784804655081,-0.9848012832674762,-0.9263407123579617,0.8244994691543761
29270,payload,-0.09361582893333455,-1.371526662911309,-0.72293153324976,-0.14918117849935694,0.812768315597505,0.8629631367373815,-1.2723210760040597
29272,payload,-0.09361582893333455,-1.405586440575214,-0.26350273771973276,-0.15061791803365351,0.5469737691382796,-1.7170183295961001,-1.2723258112443245
29273,payload,-0.09361582893333455,-1.3404377690512985,-0.743097595547772,-0.1485760627625207,0.8158504029507315,0.670971632643524,-1.2723234198019837
29349,payload,-0.09361582893333455,-1.3684378470645235,-0.7142104442112821,-0.15080284490440457,1.1409571440144524,1.4776217574499537,-1.272325068913572
29479,payload,-0.05689454185996541,1.054581360213623,-0.8077272333487269,-0.13543859524632515,1.0980558492317596,-1.185636541028654,0.8304560617490337
29486,payload,-0.09361582893333455,-0.03353745246395313,-0.02179150348076222,-0.03679269348178846,-1.1228253219903268,1.125807021523527,-1.1182007504988143
29494,payload,-0.09361582893333455,-1.3524718558109927,-0.735276378452601,-0.14966373915025166,0.8332219028687456,-0.3831994321358268,-1.2723229356732322
29495,payload,-0.09361582893333455,-1.3370503593086822,-0.7472387538111454,-0.14878068598636948,0.8659007792186847,-1.3945243752757865,-1.2723245540464871
29505,payload,0.021132772025982103,1.0442911621732756,-0.5870596064312305,-0.14849946583380724,-0.2742236133127662,0.17465853432813708,0.9027715029978113
29506,payload,-0.029850772992873087,1.0455909238374792,-0.6882335583397698,-0.1374596599225215,-0.8743342167378457,0.7698668403660316,0.8803791066120245
29522,payload,-0.0604167371866417,1.0715961938911636,-0.8928325981185835,-0.14168671614566516,-1.4513495826271048,1.3397624075753725,0.7482408837548585
29526,payload,-0.09361582893333455,-1.3629050778182505,-0.7344182481420474,-0.14473199118294422,0.8713065854281296,0.7701160800009389,-1.2723177885392993
29601,payload,-0.09361582893333455,-0.027013552218914678,0.5860880113611824,-0.056766984006578834,-0.771399305011196,0.6747304357861765,-1.1182010440498986
29643,payload,-0.09361582893333455,-1.342879213258384,-0.7388205342940394,-0.15123507043071618,0.8147420182243347,-0.46484417771414915,-1.2723224377122304
29709,payload,-0.05432956584370512,1.0563277581253716,-1.009561618009377,-0.1400365994528097,0.11412328226303216,-0.21002985089582007,0.8571360529761444
30580,payload,-2.553824346558465,-1.2399496317384895,-0.356586578759319,9.048780456151958,0.0670072087181196,0.056849021493280076,-1.2914175100172263
30794,payload,-0.09361582893333455,-1.280094200977094,-0.8050295589900971,-0.1487533299404004,1.0475173947772705,0.9544244595963485,-1.2723259003854914
30797,payload,-0.09361582893333455,-1.2421978681306258,-0.7082889567742034,8.996255753649468,0.44801834748631664,-0.2572179386846347,-1.2914342393551956
30798,payload,-0.09361582893333455,-1.3047695990577513,-0.5606109430360426,9.000738862462882,0.3092106613165573,-0.11530724184882231,-1.2914316050800208
31102,payload,-0.09361582893333455,-1.3831768432335068,-0.7060019035935876,-0.1500204619896886,0.7754546410100789,-0.4642648639681487,-1.272322061167646
31113,payload,-0.07599153177233244,1.0615544058986082,-1.1154960575230692,-0.1381293359278448,-0.02228095913159248,-0.07468695525012654,0.7728886454163248
31118,payload,-0.0728720500713975,1.0563352857025772,-1.45934809637342,-0.13802757143683977,0.4619159363276494,-0.555157458548235,0.8348974496940077
31119,payload,-0.05730345107994894,1.0621791948066905,-1.2517174491739511,-0.09215257658851547,0.14160927894307096,-0.23757227402584016,0.8266094544082645
31121,payload,-0.041541859327856645,1.0629470076816836,-1.3207726707823881,-0.07531000620626645,1.4293452380807068,-1.5172667157883795,0.8211616181178736
31124,payload,-0.05182344797274547,1.061456547394933,-1.2490547212985563,-0.09978929038124648,-0.5134937354554671,0.4160052600247501,0.8297222516627252
31125,payload,-0.03424344931057491,1.0605908760162641,-1.2454639701461379,-0.10893386942779373,-1.1861685368366137,1.0801701858253308,0.8335819781242022
31127,payload,-0.0534281068814687,1.0626810332870784,-1.2695566581298847,-0.08488024532809273,0.7511392080079174,-0.8468120978883678,0.8241620729113145
31306,payload,-0.09361582893333455,-1.380057917077898,-0.7334494539679155,-0.149569634352118,0.9000652800089174,0.4701508866567232,-1.2723219996909791
31307,payload,-0.09361582893333455,-1.3385107092866102,-0.7445934991773684,-0.14945364471720907,0.7804462613480807,-0.20337736596874473,-1.2723229556531488
31490,payload,-0.06133368513448356,1.0600162709562202,1.1254549458204808,-0.13191623076734518,1.011235295799236,-1.1000867203983904,0.8520202014452151
31573,payload,-0.06825633236097739,-0.1011902980050027,0.4829434660924349,-0.15220238021618318,0.9608903225382147,-0.8854538644508902,0.45393876672338984
31574,payload,-0.15229120420384953,-0.10135339551112872,-1.1882837576881569,-0.15156662570786156,-0.7347010756271115,0.9344544947176168,0.4050443094904689
31598,payload,-0.02411365272461936,1.0501827459330255,0.8750769837391764,-0.1517668719643553,-0.8490951297970206,0.7434714969457002,0.8734651194413543
31698,payload,-0.07609004172078301,1.0391197166328814,-0.8948672600313897,-0.15085646275450398,-0.7944682913298123,0.6895096725155306,0.9083766565417801
31792,payload,-0.05896387033685175,0.3740306693828197,0.6796368347749262,-0.14385003226090076,1.1771040978372491,-1.2630904039428053,0.7451436984999473
31862,payload,-0.09361582893333455,-1.4031374687909226,-0.5355416949930004,-0.1461337149784004,0.9570936187166528,0.7595662185434627,-1.2752974888100077
32060,payload,0.020355224948589185,1.0374686680324063,0.19998955722203418,-0.15035311150867273,-0.01748087545245028,-0.07968233341538747,0.9162847075833284
32253,payload,-0.09361582893333455,-1.3238168785808617,-0.75705483265766,-0.14674101919891416,0.3160184769781642,0.17911790293106897,-1.2742042231156512
32258,payload,-0.09361582893333455,-1.4039579747063564,-0.6905244944629674,-0.1526761869323678,0.24575952479954233,0.7101782782241564,-1.2723236134534843
32260,payload,-0.09361582893333455,-0.05080571457408982,-0.7119224202950208,0.0258997041864933,-0.8040985989745163,0.716181200396165,-1.1181857978365173
32265,payload,-0.10707358896647422,-0.102191465773376,-1.37606091946744,-0.14800705700636363,-0.03679593771087464,1.3426820718699974,0.46456837597458395
32275,payload,-0.09361582893333455,0.2410058341940822,1.569465547094259,-0.15037280786177049,1.0014892883453734,-1.0893049409794762,-1.0989082919856974
32276,payload,-0.09361582893333455,0.24143992447961737,1.5713720719018696,-0.14122494608970695,1.5553092731665152,-0.4086930862206069,-1.0989094016395342
32289,payload,-0.006490284902753566,1.0487249051474998,-0.6774904269518763,-0.15098886601699438,-0.7586451025191993,0.6540242997850358,0.8640285217764971
32294,payload,-0.09361582893333455,-1.2813237052540434,-0.8075719156454594,-0.1487434817638515,0.967890647125985,0.735765276882627,-1.2723173935517145
32299,payload,-0.09361582893333455,-1.404379519029882,1.223123571313399,-0.15036186544338284,-1.1749592670904456,0.707147947682371,-1.2723224361753138
32376,payload,-0.0720666228199148,1.0501200161229773,0.8194713044980712,-0.15157209691705537,-0.8261272592780055,0.7207512352462568,0.8515063179869311
32382,payload,-0.07631277333378919,1.0676065779720822,-0.8954982382009146,-0.15180188770319572,-0.8294485243879812,0.7239855766088924,0.7713356556702721
32384,payload,-0.09361582893333455,-0.022933605373363725,1.1710115696601706,-0.11728074617388232,-0.07745226728896117,-1.8160675077494386,-1.1181981684788063
32388,payload,-0.09361582893333455,-1.3479176716014754,-0.7376905980027673,-0.14966811611760675,0.7468087294365386,-0.23769641268569727,-1.2723254516058236
32393,payload,-0.09361582893333455,0.2078744577188939,0.36586692284058037,-0.1485880994227471,-0.9485755757930662,0.8154141807513074,-1.098912509285044
32395,payload,-0.09361582893333455,0.20809024826546083,0.366453247170416,-0.1338355309525365,-1.5600062874369534,-1.8848181920608889,-1.0989141998933827
32404,payload,-0.09361582893333455,-1.260452242854724,-1.1885788613243653,-0.15038703300567438,1.1778770503438154,0.7443866586939494,-1.2723205580631414
32487,payload,-0.09361582893333455,-1.4049265229735044,0.9504808164686787,-0.1502283679390537,-0.830816504484508,0.5794227391020224,-1.2723223531818135
32708,payload,-0.09361582893333455,-0.8069382989360661,-1.32183271410719,-0.10110566331327907,1.8096592611920383,-0.11388782693960273,-1.272248662638165
32711,payload,-0.09361582893333455,-0.03894978047493318,-0.035299289986819526,0.07295866870435981,0.7531177719712668,-0.864482129456567,-1.118173785295813
32729,payload,-0.09361582893333455,-1.4058047403141827,0.7449692851831672,-0.15274184144269362,-0.8580866578230905,-0.15510859821853762,-1.272323619601151
32763,payload,-0.09361582893333455,-1.2677038088963246,-1.180642126687389,-0.1499066608384572,1.0858947297951154,-1.1454233137564669,-1.272320690237975
32767,payload,-0.09361582893333455,-1.4045677084600272,1.2173709918786237,-0.1508258239830186,-0.7970934130502263,-1.814397890890119,-1.272321252749477
32768,payload,-0.09361582893333455,-1.3820226147286152,-0.7233207982435745,-0.15001936774784982,0.7781789339954864,-0.01591259254130776,-1.2723236303595675
32783,payload,-0.04836011079136984,1.0474853641009423,-0.4694743977011744,-0.13865566625229006,-0.5721525664317706,0.4705935516453613,0.8467857860145788
32785,payload,0.03660936644293435,1.048428820444071,-1.1796354738230856,-0.1413770457052951,-1.123638137456351,1.016020330450138,0.8915052459953638
32790,payload,0.017052973217510096,1.0493522032479838,-1.1978901576352603,-0.13961093937753066,-1.0125838214751914,0.9063827982316165,0.8860842319747244
32791,payload,0.1437838534411925,1.046737624765165,-1.04705628231383,-0.14938470748136698,-1.3553284636981826,1.2445903973333876,0.9227478433222466
32794,payload,-0.09361582893333455,-1.4018025784330919,-0.6667647688056005,-0.15049317446403448,0.11761177734927142,1.2094389479747567,-1.2723222548191468
32951,payload,-0.09361582893333455,-1.4056416428080567,-0.37970367741941596,-0.1498005193800971,0.550405872720895,-1.2246844046024923,-1.272321616998728
32953,payload,-0.23288659190317845,0.664050654776008,-0.9086225841270299,-0.13218103729232597,0.21013370625161212,-0.30555310618313736,0.48422520361834726
32954,payload,-0.16610737936389902,0.6640054893127729,-0.889372896278297,-0.13129251291924993,0.3880304271056404,0.8329013724328947,0.483581645889739
32955,payload,-0.02828638544672398,0.6640180352747828,-0.9338189985396225,-0.13000240179134767,0.1433875558418258,-0.23925151403708683,0.4845191420056053
32956,payload,-0.1323104127728363,0.6641309489328702,-0.8860665706699873,-0.13064253326702438,0.24706625205592633,-0.3422808278273969,0.4840596807666597
32958,payload,-0.07329675805669858,1.0700154026779427,-1.5318979663053793,-0.14230605702640536,-0.7872540679351928,0.6831747516020432,0.7552867814096106
33051,payload,-0.09361582893333455,-1.3938986223669874,-0.6877025659417234,-0.14297026182253486,0.6330670666275178,0.9717519069559493,-1.272325636035824
33053,payload,-0.04958683845132043,-0.7641314765590057,0.9375777982697195,-0.1433838852375875,-0.7035836605671667,0.5996323204637337,0.9146426227778283
33055,payload,-0.09361582893333455,-1.3180783555576299,-0.7732855326491281,-0.14777726622022327,0.983015237304786,0.31750171458566745,-1.2723228081091484
33056,payload,-0.09361582893333455,-1.4053104294110008,-0.7096984649313574,-0.14849946583380724,1.0091867285900098,0.5968733628062879,-1.2723228234783153
33153,payload,-0.09361582893333455,-1.345267964425029,-0.7409309135871883,-0.14862530364526502,0.6189497453755131,0.5365660319955114,-1.2723225022627307
33207,payload,-0.09361582893333455,-1.388014566184443,-0.7032945218785035,-0.15020210613492335,0.7026434871588317,-0.29843293607241417,-1.2723229003241485
33274,payload,-0.09361582893333455,-1.3539598069053418,-0.7312526792023237,-0.15259959000365436,-1.3105973618496314,0.6676516452287387,-1.27232118666206
33278,payload,-0.09361582893333455,-1.3006796154425924,-1.2315106159788314,-0.1500839280163369,1.422463530104007,-0.4406640838673925,-1.2723231892644828
33320,payload,-0.04810609142744068,1.0445220078742536,-1.0735593069051617,-0.13125749718040952,-0.2886423374289664,0.19006808750870416,0.853851468397643
33321,payload,-0.03761385257831792,1.044148138206365,-1.0391127525273358,-0.11357783179150635,0.15906633838382436,-0.2548467940498434,0.8529246630741437
33331,payload,-0.06108276356767548,1.0560818572699817,-0.24735066731554387,-0.1480322245686552,-1.0755177117865542,0.9678593420015126,0.8247677886776364
33373,payload,-0.09361582893333455,-1.4055964773448217,-0.46712618817489676,-0.15060259864791084,0.6570052599157823,-0.3253565905335334,-1.2723217722273117
33376,payload,-0.09361582893333455,-1.404695677272526,1.0746728520014819,-0.1497742575759668,-0.9256378455604707,-0.3027518066572127,-1.272323665708651
33396,payload,-0.06450428048791643,1.0673707138863002,-0.38759769968799374,-0.15194523338407373,-0.7796052410557495,0.6746342042669075,0.7561673286151308
33408,payload,0.04903153289849454,1.0493873319416114,-0.691818485078316,-0.13921263534822073,-1.2412348401251656,1.1323892574415355,0.9033433620267771
33409,payload,-0.0064995782941168236,1.0496357419894031,-0.8029939263416456,-0.1306086117700227,-1.0829652793340994,0.9767213026110073,0.8847329963539727
33412,payload,-0.03221439219626271,1.049038554197742,1.1249754024116423,-0.1368282823815549,1.128212664195494,-1.2153066430497146,0.8883427064328303
33433,payload,-0.07029158506953177,1.0685324699683973,-0.7123107145531901,-0.13688627719900937,-0.659310496618732,0.5570662325454163,0.7725262681296847
33434,payload,-0.09183422385305481,1.0687332053605525,-0.7129737269990136,-0.1362450514814939,-0.617998858877846,0.5162130656700888,0.7715543035836266
33436,payload,-0.09361582893333455,-1.4054158154918823,-1.1443550575258419,-0.1530372867391598,-1.2729696449230596,-0.21430830424252614,-1.2723237056684846
33446,payload,-0.04160691306739947,1.0510835460053214,1.8795408391621264,-0.13576686779795422,-0.9246753009296523,0.8198109988667142,0.8527183381586614
33459,payload,-0.09361582893333455,-1.3391505533491044,-0.7523487062486507,-0.1489842149683795,0.9150391687556197,0.028858159483466168,-1.272323456687984
33492,payload,-0.0801475363899832,1.0549150828030807,0.11389695430078234,-0.15155021208028008,-0.778595055327042,0.6737007585299964,0.8290661573048277
33498,payload,0.0276536349658709,1.0566338795984083,-1.5320503718017107,-0.14377015260667103,-0.0417826967123573,-0.0554550861241893,0.8709527986042828
33499,payload,-0.027431393441303877,1.0559689436118944,1.746930584112217,-0.14581966757067524,1.2386097274792462,-1.3236604468011859,0.8524727942035552
33595,payload,-0.09361582893333455,-1.3263034882511824,-0.7596321357962574,-0.14833314107431517,0.790301162739976,0.564658899415751,-1.2723225668132307
33749,payload,-0.09361582893333455,-1.3815734692886685,-0.7208289198417744,-0.15056539442539285,0.681097071438056,-1.076592757284023,-1.2723241421528193
34111,payload,-0.09361582893333455,-1.4055588394587928,-0.28848170734775064,-0.15023165066456998,0.27012746023611134,-0.1566646618851198,-1.2723247968793214
34661,payload,-0.09361582893333455,-0.03833753752886036,0.5543896095955485,0.00553148659974804,-1.042327422834786,0.9435474109733574,-1.1181935777087084
34713,payload,-0.09361582893333455,-1.4053305029502163,-0.3652261260035813,-0.15232055833476965,0.5308389932307718,0.8896038705318497,-1.272324471052987
34941,payload,-0.09361582893333455,-1.4056592071548701,-0.3679208881552747,-0.1516519765712851,0.08591878004544304,-1.312538970119252,-1.272328400948916
35362,payload,-0.09361582893333455,-1.4049215045887005,1.450843592694892,-0.14923260786577883,-1.3202811441960476,-1.3224806483749463,-1.2723227696862316
35491,payload,-0.09361582893333455,-1.3708265982311685,-0.7136639200429091,-0.15092430574850732,1.1521955817797356,-1.0853353908096242,-1.2725537774834585
35493,payload,-0.09361582893333455,-1.4051674054440904,1.0469602907959534,-0.15210936965988828,1.5743170989569206,0.5388245857527586,-1.2723256068344073
35496,payload,-0.09361582893333455,-1.2783578398349529,-1.059902027109709,-0.14977644605964432,1.269394627121272,-1.1384397924031056,-1.2723201538540565
35498,payload,-0.0260590693166622,0.6638775205002742,0.030379713046837235,-0.14449891767128759,-0.7258067743314273,0.6220398297255527,0.4806795168772747
35500,payload,-0.012407077404030364,0.6638800296926763,-0.011784189712099146,-0.14478779751672116,-1.101550168847327,0.9937610177279937,0.4816784865861678
35681,payload,-0.05558417367774547,1.0460676703938474,0.595894382851243,-0.15124710709094258,-0.32607560089476645,0.22579403903737177,0.8406646926178201
35682,payload,-0.032164827442325315,1.052634226909719,0.32898576346403463,-0.14039988774327922,-0.9585520105979434,0.8528655634204706,0.8403179042769792
35683,payload,-0.06648098483088224,1.049555447832541,0.36010948972757834,-0.15190693491971702,-0.8199494728292978,0.714600116534573,0.8417803373558301
35684,payload,-0.060711027913145005,1.0567869403349262,-0.26872432475646174,-0.10648823891815712,1.4986999816667421,-1.5832709525398887,0.8538648626264352
35685,payload,-0.03551354613022071,1.0555649636351825,0.14166970111632693,-0.09812385430264832,-0.0024661514789859865,-0.09349444337608688,0.8676320457657514
35686,payload,-0.039172044530224846,1.057682722022418,0.45840132750485724,-0.08402235972650207,-0.9197332662241469,0.8199322505809937,0.8725506463372268
35696,payload,-0.09361582893333455,-1.4050017987455625,0.9476860685455064,-0.15142437426882227,-1.015606600522883,1.065907712354452,-1.2723174027732147
35752,payload,-0.09361582893333455,0.002750488052872576,-1.2251134680754954,-0.09663130843457479,-0.8544007924741686,0.8432837910468427,-1.1181862619853522
35755,payload,-0.09361582893333455,-1.4055287291499696,-0.2985385286343301,-0.15127884010426673,0.19612916800685526,-1.2934437497506768,-1.2723281227669985
35756,payload,-0.09361582893333455,-1.3837564666783544,1.0849869182340985,-0.14955540920821409,-1.0779299069674237,-1.2419146581276315,-1.2723249644032384
35873,payload,-0.09361582893333455,-1.4048161185078192,1.1347837153729936,-0.1500357813754313,-1.0732727465819485,-0.6006076050990488,-1.2723226021623144
35931,payload,-0.10832850658022668,1.0586863989831932,-0.9980069516219101,-0.13477220196651812,0.16116740802745955,-0.25679740694542863,0.72469216813135
35932,payload,-0.017094044448235493,1.0633083313875626,1.6026773257311073,-0.14619170979585483,0.192852627192857,-0.28806206524077893,0.8208815765311595
35933,payload,-0.028150082373396144,1.063132687919427,1.6022356410124399,-0.14811100998104615,0.30611885129029154,-0.4002391472528132,0.8197744401638426
35935,payload,-0.03620125709110209,1.0633534968507976,1.594459077756958,-0.14593456296374538,0.465150669647582,-0.5579000568474055,0.8178332975016518
35942,payload,-0.09361582893333455,-1.3677101812679615,-0.7131319569092176,-0.1492424560423277,0.8200000398035934,-0.10575915050693832,-1.2723267994817444
35943,payload,-0.09361582893333455,-1.4047985541610055,-0.6671899510182957,-0.14924573876784397,0.8769758760769202,0.9371162585406009,-1.2723217092137284
35946,payload,-0.0745711917923139,1.064831411175539,-0.2499939804780299,-0.1482696750476669,0.07489910242352733,-0.1711965836099523,0.7835088979188232
35951,payload,-0.042852227510076585,1.0754402766509323,-1.1619787631684917,-0.1415597840923686,0.3189702805126744,-0.41323713856049554,0.7480404129549778
36032,payload,-0.09361582893333455,-1.4047584070825745,1.4453987364597158,-0.14751574242075877,-1.5120618421491547,1.2061160736143932,-1.2723213849243107
36033,payload,-0.09361582893333455,-1.4055538210739889,0.5366688303883564,-0.15101403357928594,-0.5093703498198092,0.6706579178907066,-1.272323104734066
36036,payload,-0.05864789503050084,1.064091199416967,0.8560923067216442,-0.15187410766455411,-0.8486060793431804,0.7429451105352975,0.7863446843862453
36037,payload,-0.06978230722282501,1.0590753238054933,0.8164037798585354,-0.13995343707306368,0.9155253024075483,-1.004551917328761,0.8094463462990973
36088,payload,-0.05435125042355273,1.052912747266334,-1.1316452157203218,-0.14044912862602357,-1.4491901769452384,-0.8770836469048607,0.8229168876147296
36095,payload,-0.08563373509142884,0.27886452915452115,0.04530768580214817,-0.14571133762863764,0.7487610421826836,-0.8389673044375477,0.7207016362288778
36097,payload,-0.09361582893333455,-1.4055237107651657,-0.49460771429681455,-0.1503213784953486,0.7376869175917518,-0.10814184292404229,-1.2723279782968315
36101,payload,-0.09361582893333455,-1.4007361716622682,-0.7862021411471232,-0.14660533321090746,0.9038065645941595,1.113077516154605,-1.2723187060785521
36106,payload,-0.09361582893333455,-1.405586440575214,-0.4093732416861165,-0.15050630536609963,0.48790075229053304,1.0127051546113162,-1.2723214448640607
36108,payload,-0.09361582893333455,-1.397554515696611,-0.6950539469845098,-0.15129306524817066,1.2969700723932658,-1.7203171460766462,-1.2712651527740706
36110,payload,-0.060667658753449774,1.053572664868044,1.4143449031626423,-0.12508706745162168,-1.2557867648619938,1.1476448401912724,0.8449310334384931
36111,payload,-0.09361582893333455,0.22353181830698643,-0.8075835644732045,-0.14638648484315475,1.3045634800363897,0.3531285476494879,-1.0989087653560323
36112,payload,-0.09361582893333455,0.2232006049099308,-0.8097230658357161,-0.15037499634544801,0.2399871738165429,-0.3287949427170196,-1.0989130087829624
36121,payload,-0.4576069906610951,1.1090584364520966,1.4516395959241384,-0.13057359603118227,0.4288112068986206,-0.5228188564978412,0.5793608481560913
36122,payload,0.1395646537622716,1.1129501938675024,-1.4082437183201402,-0.1444201322588966,-0.4357784653235651,0.33487631538971036,0.5968230264172829
36131,payload,-0.09361582893333455,-1.4059201631646718,-0.7657662143396837,-0.15276919748866272,0.9692032079861927,-0.6502207271734458,-1.2723223516448972
36287,payload,-0.09361582893333455,-1.3048398564450054,-0.9448455847359793,-0.14786808829284065,0.9956022098205193,-1.3571336184637632,-1.2723202983242239
36395,payload,-0.09361582893333455,-0.5425246220046541,-0.6792940537810719,-0.15252408731677966,-0.5472528007799915,-1.2732582262687822,-1.2723167357513794
36397,payload,-0.09361582893333455,-1.4056014957296257,-0.5335138282297124,-0.15077986582579053,0.5917282054021233,-0.13521658087041427,-1.2723220504092294
36402,payload,-0.09361582893333455,0.2371140767786764,1.555296689613669,-0.15113221169787242,-1.6281243070124822,-0.7981699518433966,-1.0989050644606875
36411,payload,-0.09361582893333455,-1.3810942135398983,-0.7062203191138077,-0.1515589660149902,-1.3252727645340496,-0.303219491840861,-1.2723273235703294
36413,payload,-0.06670495556273687,0.18394679897401403,1.2388223081711758,0.42480884923327245,-1.4364583366012302,1.344421937738384,0.6417662891299386
36414,payload,-0.06646611540470103,0.1839744000904356,1.2376302447985963,0.42563500182153896,-1.4444785695907472,1.3516248669556787,0.6417770075868056
36415,payload,-0.06793602013865696,0.18396938170563168,1.2427236947301292,0.42639221717396336,-1.4412700874880189,1.348778338615698,0.6417808176032346
36499,payload,-0.09361582893333455,-1.4056265876536451,0.03588184268509339,-0.1506310489357187,0.0690042457602419,-1.1180050292863037,-1.2723253178940728
36508,payload,-0.08090246954839217,0.9030035564049561,0.8969952238771763,-0.15070655162259336,-0.8164259761201199,0.7112310510449609,0.805022363935428
36516,payload,-0.09361582893333455,-1.4050720561328167,1.377659832386472,-0.14985632571387406,-1.2417851434191485,-0.5702196159442405,-1.2723226621020645
36519,payload,-0.07908251373975336,0.675725927022225,1.6813758352411738,-0.1120021235436868,-0.8786559449034903,-1.5733706538374796,0.6816907888747205
36581,payload,-0.09361582893333455,-1.3763643858622454,-0.708515138179587,-0.1497676921249342,1.0584233171246349,0.5327591130932241,-1.2723180037076331
36582,payload,-0.09361582893333455,-1.4049390689355141,0.6173563772358944,-0.15029183396570198,-0.4829402354317593,0.6638129699250928,-1.2723247354026543
36585,payload,-0.09361582893333455,-0.043747356347438454,0.5356777092943797,-0.013665892219520196,-0.9994086272406245,0.913539536319662,-1.1181925064777885
36590,payload,-0.09361582893333455,-1.2993597802391732,-0.9326754719493144,-0.1448589232362408,1.4497472951848438,0.27427644076035584,-1.2723246355030708
36592,payload,-0.09361582893333455,-1.4046906588877224,-0.41914952037116887,-0.15167386140806038,0.8091582870982834,0.516259256799338,-1.2723248660405715
36596,payload,0.012595243160265427,1.0472369540531503,-0.8309074298257765,-0.14392115798042043,-0.5408406979110544,0.43910274927972837,0.9028274851875707
36605,payload,-0.07875166900722125,1.0391197166328814,-0.8955205651207593,-0.15124163588174877,-0.7916983017811235,0.6867285816086526,0.9083760663657784
36744,payload,-0.09361582893333455,-1.2926251078323718,-0.7868302071097116,-0.15193976217487992,0.9298273544472855,0.6498170577625892,-1.272325055081322
36745,payload,-0.09361582893333455,-1.4045200338043904,-1.1070399793157917,-0.15016709039608292,1.5523720536415633,0.5063329755867263,-1.2723156768157926
36792,payload,-0.09361582893333455,-1.4044021017614994,1.1492447642828565,-0.15045378175783897,-1.2658477869223068,-0.09925871138030803,-1.2723205534523914
36795,payload,-0.06331255793543414,1.0486094822970107,-0.47805181786412976,-0.1410225113495357,0.1638187809650777,-0.2593282959022071,0.8461297592810146
36798,payload,-0.04133740471786488,1.0471140036254556,-0.908608993827994,-0.15180735891238953,-0.6767870014055625,0.5729117145082725,0.8394331643627787
36799,payload,0.17636648356078896,1.0545838694060246,1.906897140385784,-0.1525142391402308,-1.5729753610031025,1.4598333611130536,0.9204331376938805
36828,payload,-0.09361582893333455,-0.043702190884203594,0.057715628821941624,-0.09406640556451297,0.48596010675203427,-0.5590144178405421,-1.2723489387663973
36830,payload,-0.09361582893333455,-1.4052000249453156,0.5968903576234467,-0.149791765445387,-0.5079693126349513,0.545814843312468,-1.2723223762355638
36831,payload,-0.09361582893333455,-1.4055939681524199,-0.1348618207239572,-0.1458831335973235,0.1671439351442688,0.7055254842674938,-1.2723199079473893
36834,payload,-0.011812300356781586,1.0507448050310597,-0.7422064602252739,-0.15122959922152235,-0.7713973604765882,0.7662081180034189,0.855831401299706
36868,payload,-0.09361582893333455,-1.2066074831015385,-0.8594383211803961,-0.1481635335893068,0.8415911798203467,0.9592292993534561,-1.2723168464093797
37152,payload,-0.12355820656662829,0.6630294134684191,-0.22900958803092689,-0.15132260977781725,-0.8573594018798055,1.278704470914297,0.4839294240049169
37153,payload,-0.2728760549392947,0.6630795973164584,-0.10205969252947727,-0.14576276699505952,1.5748129552818875,-1.656255823699181,0.4805588212741451
37154,payload,-0.10459101435363484,0.6631172352024872,-0.25580189184459423,-0.13669150215170944,0.1615689544239525,0.3751838495507816,0.48509837823459473
37165,payload,-0.05234387788908814,1.0630774856865846,1.1642474836828647,-0.11615805404731089,0.6735610275658599,-0.7668918211353487,0.8510846249382713
37166,payload,0.018301385457308278,1.0514423605187986,-1.1972747112360622,-0.13343503843954904,1.1730468263782543,-1.2599753896640633,0.8647285273806161
37167,payload,-0.001186856231452077,1.0521875906621736,-1.1672382088953919,-0.13351820081929505,1.231597735683829,-1.3178403645157886,0.864335785231297
37168,payload,-0.03336367492818611,1.0467225696107532,1.3826969796505704,-0.06395615288725555,0.5531593337254181,0.4691722121057561,0.9029057265414833
37179,payload,0.05191558201822682,1.0489783335800953,-0.7890988163130646,-0.13416380350416557,0.7494795477202338,-0.8405974663739669,0.9041880437448514
37180,payload,-0.03479175940100736,1.049836477381558,-0.9370185432269358,-0.14304138754205448,1.6474228498012355,-1.728001232890287,0.8775286610333892
37185,payload,-0.09361582893333455,-1.4043694822602741,1.1439057182330312,-0.1496243464440562,0.8414706186746687,0.5212478987582502,-1.2723249121480718
37188,payload,-0.10193775111942353,-0.10115767850377766,-0.6964770454406997,-0.15231289864189831,-0.4974814652282455,1.17253704728062,0.5135629049258199
37189,payload,-0.1020393588649952,-0.10121288073662021,-0.7018481257668236,-0.1526160036312358,-0.301525851472376,0.9382854714997211,0.5135666626870816
37190,payload,-0.0981547212751517,-0.10117273365818928,-0.7007667262578228,-0.15240372071451566,-0.31831399100807567,0.9791501861573605,0.5135729748038513
37191,payload,-0.1396893655152663,-0.10133332197191333,-0.5542730100070775,-0.15211265238540456,-0.24617272932918655,0.9005992839235413,0.3689613975166074
37192,payload,-0.0955022944461631,-0.10138350581995212,-0.28961940952418597,-0.15243545372783981,-0.5520762188744263,0.6889063008897133,0.5135641974727404
37193,payload,-0.08612659461339384,-0.10105229242289616,-1.1266352490542952,-0.15249891975448812,-0.5718589417060058,0.6450189542118296,0.5135719112575149
37207,payload,-0.09361582893333455,-1.4034987924968017,0.9198123652228378,-0.15041548329348225,-1.3887102893088106,-1.9049507882071852,-1.272324059159319
37210,payload,-0.09361582893333455,-1.3214557285306383,-0.8585898982262967,-0.14275797890581474,0.39261855651254185,-0.6083590539761781,-1.272321775301145
37214,payload,-0.05883686065488718,1.0775705810001777,-0.5365134013740686,-0.1281421906654496,-0.2852773202903169,1.4670006846682189,0.7480196276939125
37216,payload,-0.08608942104794079,1.0501325620849868,0.8195877927755221,-0.1516005472048632,-0.8088228458039578,0.7036210625011573,0.8514987701891575
37218,payload,-0.09361582893333455,-1.2833486235224074,-1.0397893552721955,-0.15123288194703866,0.965292748890079,-0.21346724076411394,-1.2723231216401492
37224,payload,-0.012053928532226407,0.39992804416322064,1.7072789452036339,-0.1345533535987654,1.0615345724969774,-1.1496305557789135,0.8684926545512924
37237,payload,-0.09361582893333455,-1.271485161846045,-0.8119460504637341,-0.15026557216157163,1.5156534066440976,-0.08106999192324851,-1.2717424376356556
37238,payload,-0.09361582893333455,-1.4055437843043812,0.2955817791693927,-0.15036843089441543,-0.17433481504910067,1.0885702351423339,-1.2723226590282313
37256,payload,-0.09361582893333455,-0.2079463979378527,1.1183083899988788,-0.10119976811141275,0.4329209807920245,0.7156413415730651,-1.2723381803496967
37258,payload,-0.09361582893333455,-1.4046354566548795,1.916282212605731,-0.1504318969210637,-0.22760728516203602,-1.3697168519233955,-1.272318632306552
37264,payload,-0.09361582893333455,-1.4055036372259502,-0.2614146853464285,-0.14957948252866687,0.44586866447748885,0.4043006203360448,-1.2723233583253168
37265,payload,-0.09361582893333455,-1.4053555948742358,-0.320337368287943,-0.15042423722819237,0.3032992761091063,-1.1745362352809592,-1.2723236549502344
37384,payload,-0.09361582893333455,0.15616251150735586,-1.1338749954978578,-0.11472022027117554,0.2144068210520639,1.4598025670268875,-1.272286606036951
37387,payload,-0.09813737361127362,1.072434264153411,-0.3167378805147157,-0.146667704995717,0.004163739266015387,-0.10110250728950476,0.7582740448472596
37388,payload,-0.058105780534310564,1.061963404260124,-1.1815352034811781,-0.13820046164736444,1.3891935152333228,-1.3724286561363999,0.7645571477041948
37389,payload,-0.08269640386121385,1.061559424283412,-1.1495737323556343,-0.138568126905189,1.403473205125071,-1.4872800120689236,0.7639308710666408
37392,payload,-0.09361582893333455,-1.3679033890829106,-0.7179370983540602,-0.1480880309024321,0.7678340098824471,0.397885827261564,-1.2723226820819815
37393,payload,-0.09361582893333455,-1.4058825252786427,-0.17372813449539265,-0.14943723108962761,0.32826223913563607,1.0957365963823067,-1.2723241913341528
37481,payload,-0.09361582893333455,-1.2983159561999669,-1.0186418792366612,-0.15055007503965018,1.1418020443015038,0.873537056074674,-1.2723212742663104
37602,payload,-0.09361582893333455,-1.40477848062179,1.158427923488555,-0.15037609058728676,-1.055871106377515,-0.5410460685626088,-1.2723185216485515
37605,payload,-0.09361582893333455,-1.3597560413538183,-0.7259379015436342,-0.14441575529154155,0.41899519619887976,1.3323025402016284,-1.2723224039000638
37606,payload,-0.09361582893333455,-1.405754556466144,-0.300055788448126,-0.15112236352132355,0.41073189638339885,1.010538983112568,-1.2723229787068988
37677,payload,-0.09361582893333455,-1.3869933248768542,-0.7024820161432846,-0.15017912705630931,0.790367276916638,1.0078185180628296,-1.2723248706513215
37730,payload,-0.047601150496703444,1.0510107794256651,-1.2877589222172066,-0.1430359163328607,-1.3256150026250073,-1.1598609285924153,0.8239190771640498
37739,payload,-0.061491672787659005,-0.1015164930172549,1.8679424896706147,-0.15233040651131852,-0.7919608139531649,-1.1775925483329468,0.513568078187336
37740,payload,-0.034463392906172105,-0.10074617094985984,0.9624684309540041,-0.1521268775293085,-0.8044622269461589,-1.1781728243941396,0.5135600063009774
37741,payload,-0.05556868469214005,-0.10129066570108043,0.6213752228079444,-0.1519704009463653,-0.7708421958460858,1.0049027030289748,0.513572570594767
37742,payload,-0.09007814462105283,-0.10092432361039747,0.12471483233337356,-0.15200432244336695,-0.6721240074162641,0.7265039554681652,0.5135713948535132
37743,payload,-0.10110320457500262,-0.10135590470353084,0.14880363737453853,-0.15207216543737032,-0.5244375762276822,0.5750586397031667,0.5135609991491471
37744,payload,-0.10139068014783952,-0.10142867128318699,-0.2949196261481941,-0.15248250612690667,-0.20930240863231933,0.44288272335662016,0.5135637363977391
37748,payload,-0.09361582893333455,-1.3799399850350067,-0.7148637493006517,-0.14919540364326087,0.8407064165738369,-0.4292606488339996,-1.272323558124484
37749,payload,-0.09361582893333455,-1.4055939681524199,-0.22668176395320308,-0.15199994547601192,-0.40389684816278876,-1.7361972713864395,-1.2723647336590302
37753,payload,-0.09361582893333455,0.014561256688794351,1.731152246931516,-0.00048465502977411586,-1.0486918846058344,1.008983881761179,-1.118182341310923
37763,payload,-0.09361582893333455,-0.036247380258046184,0.0840080037782165,0.01572216084415325,0.6055178725727279,-0.7320463880079937,-1.272329359984919
37765,payload,-0.05393924340644811,1.05995103195377,1.4443784932963764,-0.1428849109591113,0.7789820267884723,0.23436249351309582,0.8241344575925604
37775,payload,-0.09361582893333455,-1.4044372304551265,-1.4783861638514508,-0.14898530921021827,-1.5934095029282662,0.4340236496927036,-1.272323741017568
37776,payload,-0.09361582893333455,-1.4055663670359986,-1.0612270812657112,-0.15285564259392503,-1.0522814954916748,-0.5591491419675187,-1.272323562735234
37779,payload,-0.09361582893333455,-1.3959661969061843,-0.7006745063715075,-0.15075141553798266,1.2187793635497781,0.4857355812023602,-1.2723174043101315
37781,payload,-0.0014501689867444975,1.0866689126496045,-0.9312038367108536,-0.15252189883310213,1.0674547081101629,-1.1537136591415031,0.6924422510272982
37789,payload,-0.0642511904631236,1.049675889067834,-1.1634096275098447,-0.11884660624515297,-0.5152807627599563,-1.8415197822809328,0.8334447099486038
37790,payload,-0.06309973927321544,1.049156486240633,-1.0792517007299205,-0.14039441653408538,1.584280894286847,-1.6657557992814305,0.8186472839199631
37791,payload,-0.06960046653181719,1.054408225937889,-0.0739530126519076,-0.13054514574337442,0.11500318417302291,0.5235064525154968,0.8298175174426081
37792,payload,-0.03503958317069435,1.0590125939954451,1.8366624749681586,-0.09552831266110111,-1.6249547156019082,1.5113893975614943,0.8494543989818085
37793,payload,-0.05302229545860627,1.0590853605751012,1.6260235180035238,-0.10427239919466087,-0.8528733605398091,-1.5599357714323154,0.8431693181131172
37809,payload,-0.09361582893333455,-1.4055237107651657,-0.8342593800094212,-0.14985085450468025,0.8877534591401756,-0.24158031680339978,-1.2723236641717344
37810,payload,-0.09361582893333455,-1.404627929077674,-1.3466757807448484,-0.15006970287243296,1.4720851364909595,0.7914227006823187,-1.2723211420914766
37816,payload,-0.09361582893333455,-1.4043644638754702,1.898179934289888,-0.1509702639057354,0.8200894883955481,1.4027161051660497,-1.272323461298734
37818,payload,0.1906814040573335,0.1703043198846779,0.37095260688695003,4.912737797947411,1.0863604458336633,-1.629240749294756,-0.481233335947211
37826,payload,-0.09361582893333455,-1.4051122032112477,1.3771249570458433,-0.1499154147731673,-1.2627754222421184,-0.20214464020690698,-1.2723253978137399
37834,payload,-0.09361582893333455,-1.4049942711683567,1.106569283838782,-0.15097135814757415,-1.0960976938072966,-1.1608732841751268,-1.2723219551203957
37836,payload,-0.09361582893333455,-1.4045576716904196,1.727588676377169,-0.14711634414961006,-1.5841807416800553,0.6805774628969693,-1.2723178653851328
37839,payload,-0.06412975681597698,-0.905168163087131,1.0272533864582263,-0.13275223153216056,1.1665705538672624,0.31587251496444124,0.7463610410141106
37841,payload,-0.06565015564300664,-0.9048444772672811,-1.4279700373707755,-0.14010772517232933,-1.0139556906409337,-1.1760547686550262,0.7429921073748441
37843,payload,-0.09361582893333455,-1.4056040049220277,-0.07620414861364284,-0.15052709596103614,0.1474292710239595,-0.502436058401445,-1.272321944361979
37846,payload,-0.09361582893333455,0.025027098197277216,1.8138181530244255,-0.14873035086178635,1.8322829490854886,-1.911646577317932,-1.1644247320214998
37847,payload,-0.09361582893333455,0.02504466254409096,1.8139181387959038,-0.14710430748938366,1.6479469018780144,0.009886115459555535,-1.164424283241832
37849,payload,-0.07616562797053754,1.0727077661252222,1.950428809669121,-0.15237527042670784,1.5451743587911086,-1.6265020002563562,0.7552830697558487
37867,payload,-0.09361582893333455,0.23007328289883863,-0.7896482526883739,-0.1253989263756693,0.7011325837686382,-0.785724329456319,-1.0989086516241986
37868,payload,-0.09361582893333455,0.23024139878976857,-0.7890182452544945,-0.12857332194992246,0.7127132596248795,0.3924497087380504,-1.0989098826944526
37869,payload,-0.09361582893333455,0.23039445952628643,-0.7883775597285155,-0.12222890776877121,0.8256304397602297,0.3471256254774788,-1.0989117131622081
37875,payload,-0.05620683089908403,1.0311981962199637,-0.5530848295770802,-0.1439156867712266,0.8661273175004836,-0.9552101681387031,0.9177945560784116
37930,payload,-0.08159730544265205,1.0707581236289165,-0.8076282183128939,-0.1354615743249392,-0.8404827860194548,1.2844273593652324,0.7721447301029007
37931,payload,-0.06954470618363762,1.0706728110872508,-0.7967122959801152,-0.12680721562215802,-0.5588101422209404,1.1093081275448335,0.7730226522547464
37933,payload,-0.09361582893333455,-1.4052878466793834,0.7707724093741489,-0.1517515525786126,-0.9690670814891575,0.999204834773049,-1.2723227712231482
37948,payload,-0.09361582893333455,-0.20443854695994346,1.1158029212980431,-0.0342463927229856,0.5107422280600467,-0.915491570875559,-1.2723178300360494
37951,payload,-0.09361582893333455,-1.193461824107786,-0.8016960527837155,-0.14842724587244882,0.6541030420137689,-0.963438925351407,-1.2723180590366336
38011,payload,-0.06801625308409312,1.0485141329857368,-0.3667715371510944,-0.1513816988371105,-0.6891066004127353,1.475280444586136,0.8516355696051715
38012,payload,-0.06984860008121628,1.0572511409292844,-0.23487283132928,-0.15132042129413972,-0.6778808021224016,1.4652944998315771,0.8152983040698427
38014,payload,-0.09361582893333455,-1.4055186923803618,0.19985559570296574,-0.1502250852135374,-0.3217353996503485,1.0178198598604709,-1.2723212419910601
38038,payload,-0.05192567527774135,1.0635241219341294,-0.3021797580403107,-0.14734941766126672,1.0945372138591014,-0.4490737563363227,0.7838235693119797
38040,payload,-0.06829784284239997,-0.10113760496456212,1.9214212871125995,-0.15276810324682394,-0.6505678690224496,1.3097651183887964,0.5135696227885909
38041,payload,-0.0680295736117138,-0.10100963615206326,1.9287736388910308,-0.15213781994769612,-1.16317830416961,-0.9906368396424435,0.5135673404673338
38042,payload,-0.051011825127020585,-0.10100210857485753,1.500969469217586,-0.15199338002497934,-1.0421426920470533,-1.153514459896616,0.5135688297395883
38043,payload,-0.09785454473411834,-0.10099458099765164,-1.1224843834344675,-0.15272542781511217,-0.7195385670234608,-1.5215057142121853,0.5135633767592378
38044,payload,-0.048620325749541185,-0.10090174087877996,1.4410304260553133,-0.15213563146401862,-0.8625289471344134,-1.1264377973198587,0.5135744671499396
38045,payload,-0.054983201036254536,-0.10145878159201006,1.4439105987152825,-0.15159726447934693,-0.3520079144232418,-1.8591888515339394,0.513592547437663
38070,payload,-0.09361582893333455,-1.4058248138533982,-0.21458154413300864,-0.15198681457394675,-0.28467743136383705,-1.846782684069762,-1.2723232338350663
38077,payload,-0.11310159238439803,0.33762981520790675,-0.35250463537031623,-0.144552535521387,-0.05898307758489234,-0.03861168330651198,0.5022948481939502
38087,payload,-0.09361582893333455,-1.4050996572492382,-0.8921492002242061,-0.1504264257118699,1.0850439959042406,-0.7000253499711881,-1.2723220350400628
38091,payload,-0.09361582893333455,-1.323332604447288,-0.8511647412744581,-0.1375132777726209,0.777104578624724,0.8916738105113289,-1.2723184555611347
38093,payload,-0.09361582893333455,-1.274318040067833,-1.0758395649362595,-0.0911393086458204,1.838551156393455,-1.0265908598717788,-1.2723241836495693
38098,payload,-0.09361582893333455,-1.405556330266391,-0.48238809399223315,-0.15131495008494592,0.7164292652602209,1.0368669644694113,-1.2723227666123982
38107,payload,-0.09361582893333455,-1.4055538210739889,-0.2722733342761271,-0.1495160165020186,0.49599001625862366,1.077110023512572,-1.2723231016602325
38245,payload,-0.09361582893333455,-1.404256568602187,-0.628878898036042,-0.14940987504365852,0.7295850141487108,1.0994116781031946,-1.2723229894653156
38250,payload,-0.09361582893333455,-0.004516133143139506,1.4626118209243515,-0.1292594115828272,1.0780086696935316,-1.1670657824400958,-1.1402114136694004
38251,payload,-0.09361582893333455,-0.0070479082766947585,1.4543858070650393,-0.13876290195248892,1.1432332217727814,-1.23064402259083,-1.1402119531271522
38254,payload,-0.09361582893333455,-1.2456178973744672,-0.9680607276962641,-0.1495247704367287,0.9541408429148389,-1.182079824076467,-1.272325088893489
38257,payload,-0.0143277116191045,1.0350196962481149,0.378888370788281,-0.14771489443541375,0.3324886851055028,-0.42634002222418144,0.9192057206909354
38331,payload,-0.09361582893333455,-1.4047533886977708,1.1547721330478935,-0.15123069346336113,-0.6339352922553669,1.4675261087634286,-1.272326407567993
38332,payload,-0.09361582893333455,-1.4048738299330636,1.3464972766971108,-0.1500445353101414,-1.128871852353014,-1.6149205369123154,-1.2723215386159776
38337,payload,-0.04844994690788137,1.0581143031155515,1.9559843297678756,-0.1513455888564313,-0.873311391534188,-1.1384484532398396,0.812976553215454
38338,payload,-0.05577004150501072,1.0558861402626305,-1.3719187904684216,-0.14563911766727924,-0.6683467489407794,0.5651621902615289,0.8206509959967673
38339,payload,-0.05031791857189703,1.0563553592417925,-0.053595715431747334,-0.1468843648797922,1.2538607124075483,-1.3386552421337032,0.8414379845565033
38342,payload,-0.09361582893333455,-1.404665566963703,1.2052164108622858,-0.15013316889908127,-1.200680598613984,-0.36392907040218203,-1.2723236180642343
38352,payload,-0.09361582893333455,-1.3767558198769476,-0.7044341655262298,-0.15127774586242795,0.6274395834727932,0.8949880240349577,-1.272328148894582
38354,payload,0.057847863505109044,1.1218703728563915,0.9897334830269924,-0.12541752848692828,0.12361941701980392,-0.21958179149847487,0.5998072529075889
38356,payload,-0.09361582893333455,-1.4055337475347733,-0.3575709047037777,-0.14975893819022412,0.5343488781976958,-1.7152120639794184,-1.2723237609974847
38358,payload,0.07693339156812805,-1.254836670259187,-0.12724834105690683,-0.14334230404771447,0.9018600854518382,-1.8729903760275193,0.8905144188709965
38551,payload,-0.09361582893333455,-1.405548802689185,-0.2441899520540473,-0.15085099154531018,0.31770924981957155,-0.4208076721813987,-1.2723232522780665
38552,payload,-0.09361582893333455,-1.2953952562441111,-0.9371525047460042,-0.1504559702415165,1.1388094055402318,0.5109203321102861,-1.2723159780514604
38652,payload,-0.09361582893333455,-1.4045250521891943,1.4448056169803623,-0.15075907523085402,-1.5472024993124598,0.11364101490515464,-1.2723182880372177
38709,payload,-0.06875600703660878,1.0771691102158678,0.13831192651880966,-0.14023684570930345,-0.3895481272924665,0.2894713976529529,0.7635912232406558
38711,payload,-0.06458544277248893,1.0770311046337613,0.13458624311167733,-0.13956498122030261,-0.410880644206394,0.31066927671755856,0.7642626437316015
38733,payload,-0.3051024383899661,0.6634986324475814,-0.1322913127348777,-0.1336188710684613,1.469217920211885,-1.552647196162871,0.48308378325083917
38734,payload,0.03056556425969299,0.6634710313311603,-0.23020068066786015,-0.13634243900514384,1.333436902159032,-1.418355148707596,0.48687331719101234
38736,payload,0.04351125842871691,0.6636015093360613,-0.17381550070348084,-0.12701512157152312,1.2357327885271332,-1.3226490535336675,0.4853404118720226
38740,payload,-0.09361582893333455,-1.405511164803156,-0.2830368511125744,-0.15042423722819237,-1.2991119681891679,-0.6649759060229827,-1.2723216784753948
38741,payload,-0.09361582893333455,-1.3523087583048665,-0.7334805175085689,-0.15024915853399018,0.9729444925714344,-0.27716865725951273,-1.2723242866229865
38745,payload,0.1309217997944379,-0.15551682269936032,-0.9410024423157507,1.6012709255197084,0.6305148649548925,-0.8738204360864441,0.4727472962841508
38749,payload,-0.09361582893333455,-1.4047634254673784,1.1380191772791877,-0.15111798655396846,-1.1127973570183454,-0.0006598967371491031,-1.2723226221422312
38755,payload,-0.07758194081429867,1.0586211599807431,-0.312649141976195,-0.15153926966189246,-0.6755152757721177,0.571669365594508,0.8152091690505624
38759,payload,0.10020094574461494,0.21638061996146354,0.2352127001161982,-0.03003027891822953,0.4090420958092953,-0.5083658446188093,0.9075911245987253
38764,payload,0.1349086646892773,0.2160619525264174,-0.5509676551344133,-0.07959833997238093,0.38451568080219733,-0.4812237446089492,0.9417564548429704
38767,payload,0.21981928377828083,0.21587125390387044,-0.9535288150842858,-0.10622780936053138,0.4620588596213165,-0.5572504940923387,0.9707118788667405
38771,payload,-0.0732549377955639,1.0697293547441218,-0.45757803236651884,-0.15153817542005368,1.5273663108536635,-1.6089253132618482,0.7582039783531224
38775,payload,-0.09361582893333455,0.010345813453538655,-0.8876974065542973,-0.13800021539087068,1.6795339220457228,-1.7606804945188934,-1.1402101211224795
38778,payload,-0.09361582893333455,-1.403814950739446,0.9997262357609741,-0.1495937076725708,-1.549318152965653,1.4652714042669528,-1.2723237302591512
38779,payload,-0.09361582893333455,-1.4037873496230246,1.0376538481632858,-0.14911442974719236,0.07393558552540502,-0.03487790035886936,-1.2723193331405542
38782,payload,-0.03172184245400982,1.043101804974757,-1.1519277662957847,-0.13523834898983142,0.670532414914345,-0.7622573111673472,0.8478446401446607
38833,payload,-0.09361582893333455,-0.061959074800703756,-0.09546839749705692,0.040427953079757356,-1.0099781451008545,0.9191180774916945,-1.1181786773015783
38857,payload,-0.09361582893333455,-0.007562292719092124,-0.5180393313060284,-0.1473920930929785,1.1226201826637079,-1.2092276979774834,-1.1644281178489273
38860,payload,-0.045615462542086475,1.0444417137173918,-1.2109795570781405,-0.12675140928838108,0.9136634105206624,-1.0040110961904685,0.8561736265349497
38861,payload,-0.008237442479046819,1.0427229169220642,-1.0955319082393054,-0.13765334072798263,0.5050427971248366,-0.5979477659064498,0.8648398892887995
38867,payload,-0.09361582893333455,-1.4045551624980175,1.0540000656965591,-0.15160164144670196,-1.0142444540301792,0.033201087948082346,-1.2723247676779044
38953,payload,-0.09361582893333455,-1.3021700757293435,-0.8087348569486758,-0.14191541268996677,1.2854477325752565,0.6075685338578596,-1.2723247231073211
38977,payload,-0.09361582893333455,-1.148978861206231,-1.0393020459781932,-0.1479621930909743,0.48708015868607757,1.0874712711922803,-1.2723221810471466
38978,payload,-0.09361582893333455,-1.405631606038449,0.07948728787748291,-0.15246828098300275,-0.7436799641782315,-0.4608775144898751,-1.272325036638322
38991,payload,-0.09361582893333455,-1.404743351928163,1.2008102417677118,-0.15063214317755744,-1.0214158976634289,-0.245312175120657,-1.2723243849856534
38992,payload,-0.09361582893333455,-1.404294206488216,1.801172379771503,-0.15000185987842962,1.8237717211075237,0.7334634189417095,-1.2723172936521312
39008,payload,-0.09361582893333455,-1.4057169185801148,-0.23458452284258938,-0.150837860643245,0.33332580725412364,-0.10503933874280548,-1.272323488963234
39011,payload,-0.07987678892160018,0.18363816830857604,0.5758651942792358,0.31365138628431305,-1.3845616247232524,1.2932614128341395,0.6414933127491632
39012,payload,-0.07686789857788805,0.18364820507818358,0.5778522901454161,0.31383959588058036,-1.3870204887347068,1.2955209289065783,0.6414918173292419
39013,payload,-0.045559702193906905,0.18365824184779145,0.5635426759962396,0.313952302789973,-1.3910660929860563,1.2992277670288261,0.6414789963703683
39017,payload,-0.09361582893333455,-1.4053781776058532,-0.3835837077941708,-0.149287319957717,0.3938961157498103,1.1043416188353532,-1.2723222440607298
39019,payload,-0.0728395232016261,1.0580992479611397,-0.23552710715429487,-0.1513280809870111,-0.7261460956204735,0.6218050248185362,0.815272480795928
39020,payload,-0.09361582893333455,-1.4043970833766954,1.902341478001815,-0.15065949922352653,1.4832137080509067,1.3626655091614273,-1.2723216984553116
39022,payload,-0.09361582893333455,-1.3814580464381792,-0.7020277118612268,-0.1485333873308089,0.7715539045870045,0.9580697095462627,-1.2723207271239751
39030,payload,-0.06041054159239953,1.045201999015179,0.9919399651490381,-0.1514987827138582,-1.081313397184846,0.9733050836769529,0.8411612750051324
39034,payload,-0.09361582893333455,-1.404218930716158,1.919129380253756,-0.14881679596704867,1.6211764939336146,1.2081282746823112,-1.2723234336342337
39035,payload,-0.09361582893333455,-1.4051950065605119,0.796486225885752,-0.15056320594171535,-0.9601348617686227,-0.26813155528494775,-1.2723147976994567
39057,payload,-0.09829721994272173,0.6640029801203713,1.2750249233315711,-0.12369628607455317,0.9595456768569801,-1.0498808121652958,0.48394415074046293
39058,payload,-0.23308794871604913,0.6640105076975772,1.223227440027459,-0.13569902480395088,0.842405939820979,-0.932675633271449,0.48552597150635673
39059,payload,-0.0741771519985116,0.664095820239243,1.2899092129828382,-0.12500171658819811,1.0504380857580564,-1.1396956137295675,0.483857147424606
39070,payload,-0.09361582893333455,-1.3217417764644592,-1.2501885405324102,-0.1489273143927638,1.7376920353605398,-1.416165881644223,-1.272317952989383
39072,payload,-0.0583907778694506,-0.10117022446578731,0.6217450730888506,-0.15184237465122996,-0.659963860246924,0.5559268513572695,0.5135945208386691
39073,payload,-0.06148237939629574,-0.1010046177672595,0.5551962909168947,-0.15163884566921992,-0.6518823744172643,0.5479482960946647,0.5135772720228652
39074,payload,-0.08421773202737984,-0.10134586793392315,-0.28208941312264185,-0.15213125449666354,-0.5367542584329431,0.4339437775317102,0.5135676893474183
39075,payload,-0.09013297563009608,-0.10106483838490597,0.1857051821996385,-0.15199556850865686,-0.6335969432336246,0.529813466288396,0.5135621748904008
39076,payload,-0.0448038396963616,-0.10160180555892069,1.010540230850983,-0.15146486121685654,-1.1330769084421957,1.0242028965335925,0.5135812188248774
39077,payload,-0.03262949701048841,-0.10107487515451367,0.9873134390629533,-0.15159288751199188,-0.8917864148420799,0.7854005322064561,0.5135816768260455
39078,payload,-0.09361582893333455,-1.4048412104318384,0.800905014543716,-0.1501681846379217,-0.9328860983107251,0.12659666434435887,-1.27232444646232
39079,payload,-0.09361582893333455,-1.4056943358484975,0.26466287812703293,-0.15198900305762428,-0.2466996982078772,1.1630380340135638,-1.2723245217712371
39084,payload,-0.06493890142400498,1.057870911452563,-0.28008581475048927,-0.151684803826448,-0.7575376900601061,0.6528396897828329,0.8130387384009
39086,payload,-0.07677837224108863,1.0669190592539513,0.8466868490531431,-0.1521235948037922,0.5630307636614788,-0.654435667717434,0.7756995138537522
39088,payload,-0.07262174806401366,1.0635617598201585,0.7894027678811024,-0.14153571077191582,0.44711122209181814,-0.5402916134515385,0.7793558048030894
39089,payload,-0.06742550317310178,1.0633610244280034,0.7952417427883195,-0.1417195434008281,0.4233548427893751,-0.516726439012912,0.780240019091788
39090,payload,-0.05102421631550494,1.0627236895579115,0.7982820868297842,-0.14391130980387154,0.2608646696322654,-0.35553479497633506,0.7822453295619308
39091,payload,-0.06667242869296544,1.0628968238336447,0.7883864076603443,-0.14248113572060755,0.366288585656789,-0.46010766233572203,0.7813308764377201
39120,payload,-0.09361582893333455,-1.2994174916644177,-1.0255651658598162,-0.15064746256330014,1.1739471459016253,0.048782895548140866,-1.2723225176318975
39122,payload,-0.09361582893333455,-1.4043644638754702,1.222313007049471,-0.1497348648697713,-1.1114945188311767,-0.4872189682594164,-1.2723222425238134
39127,payload,-0.09361582893333455,-1.4046906588877224,1.1285748901848702,-0.1494886604560495,-1.229613329042162,-1.291737564914035,-1.2723222010270632
39150,payload,-0.07321373709385344,1.0509781599244399,-0.25711626790849657,-0.1355600560904279,0.9267433225594508,-1.0160871895435524,0.8428629522176532
39151,payload,-0.003990362626036097,1.0555674728275843,0.3829343969584032,-0.1387267919718097,-0.013177620365578985,-0.08370096166006642,0.8681551415025637
39155,payload,-0.09361582893333455,0.2338596542333629,-0.7828831959754229,-0.1250618998893301,0.6585890833537654,-0.7519268575738052,-1.0989097090228686
39157,payload,-0.09361582893333455,-1.4048688115482597,1.3964969575858999,-0.14969437792173707,-1.515452138237704,1.3367782681628362,-1.2723250919673221
39159,payload,-0.07706553803421343,1.0617526320983612,-1.1371201647605063,-0.14720607198038868,-0.6947729742596142,0.5911456627793881,0.7614771405669207
39160,payload,-0.06877056668307789,1.0510935827749288,-0.41878743597542634,-0.15132479826149478,-0.741275547135793,0.6367844231079701,0.8252343581561877
39163,payload,-0.09361582893333455,-1.404261586986991,1.7469412622043163,-0.14627377793376212,-1.5503011152098523,0.5820267640134449,-1.2723247569194878
39166,payload,-0.09361582893333455,-0.03621225156441901,1.121163323532067,0.0016939804712041591,-1.155057927647796,1.057295953695057,-1.1181809949719188
39168,payload,-0.09361582893333455,-1.4057645932357516,-0.277064885421934,-0.152730899024306,-0.010247206711753878,-0.5401578516397544,-1.2723229418208988
39172,payload,-0.09361582893333455,-1.404620401500468,1.334231061081549,-0.1507120228317872,-1.2489808937349944,0.15579426960580797,-1.2723226252160644
39177,payload,-0.06352878417448603,1.053030679309225,-1.2520814750409845,-0.14073253726226334,-1.5512325472869475,1.4384632276289566,0.8115286916435656
39188,payload,-0.09361582893333455,-1.4035916326156734,-1.3810339981789408,-0.14940549807630346,1.4029394303752536,-1.6387205162579588,-0.6577941064641443
39189,payload,-0.09361582893333455,-1.4046078555384582,1.8174632653729874,-0.14755294664327673,-1.626499648347737,-1.8109797473256792,-0.6577960583483171
39190,payload,-0.09361582893333455,-1.4045702176524293,1.7593210538903927,-0.14998654049268692,1.8206040742315575,-1.700829301109453,-0.6577948395733967
39191,payload,-0.09361582893333455,-1.4043619546830683,-1.4531023832307701,-0.14747634971456328,1.7163478512389665,-1.877343889959255,-0.6577948918285635
39197,payload,-0.045160086365286636,1.0514900351744352,0.9578147242698472,-0.1270129330878456,1.5205176599652939,-1.6035305742916204,0.8568140735442145
39199,payload,-0.09361582893333455,-0.5158795078884755,-0.8985977971167494,-0.13345364055080802,0.21430764978707048,1.4349411540237058,-1.2723274957049964
39202,payload,-0.07763398380593294,1.060096565113082,0.8084146254967062,-0.14307968600641122,0.47809349199652684,-0.5708970858398955,0.8247801393400088
39206,payload,-0.09361582893333455,-1.286234194784636,-1.0941476392089324,-0.09457741650321556,0.15146612486957375,-0.20591402881667917,-1.2723209883998092
39208,payload,-0.055804117273342675,1.0552462962001363,-0.941405297608601,-0.14341780673458918,-0.34191480754190173,0.24204658032673648,0.8361065727778119
39209,payload,-0.03872286394766718,1.055105781425628,-0.9180464857727939,-0.14725531286313304,-0.4726886489798905,0.3712835860748033,0.8395285961296621
39210,payload,-0.0533785421275313,1.0556327118300348,-0.9445320371225078,-0.1452823948278423,-0.3515091412963632,0.25141471872758697,0.8348802777240374
39215,payload,-0.09361582893333455,-1.3312340513209902,-1.5126599272843915,-0.151041389625255,1.6555714220748616,0.7521573538749327,-1.2723247123489043
39216,payload,-0.09361582893333455,-1.3648873398157813,-0.7186098181563381,-0.15059056198768442,0.5880763694088362,-1.2915171947349087,-1.2723231431569828
39222,payload,-0.09361582893333455,-1.4056893174636935,-0.23082486368786723,-0.15136419096769027,0.16429616421127152,-0.8685421372545319,-1.2723222133223966
39227,payload,-0.09146509034810604,1.0434681470654397,0.848870033519699,-0.14882007869256494,-0.3228583683863037,0.22279738952733086,0.8858826715009235
39233,payload,-0.09361582893333455,-1.4046053463460564,1.6959184259452516,-0.14968343550334942,-1.6375757174732766,0.8371548055845911,-1.2723285869158332
39234,payload,-0.09361582893333455,-1.405636624423253,-0.26244463586622213,-0.14543996565262426,-0.08779816366930392,1.4280740728086603,-1.2723247999531546
39237,payload,-0.09361582893333455,-1.4055186923803618,0.39787596001274994,-0.14945692744272535,-0.20572252041951758,0.9387656667808741,-1.2723231769691496
39239,payload,-0.08659126418155694,0.18454398676567554,-1.3755202197129397,0.30255686828108913,-1.529050268749449,1.42484165607641,0.6414736924709349
39240,payload,-0.04066208494546784,0.18456907868969485,-1.3707898249127948,0.3026772348833531,-1.5334507505667057,1.4288535481147402,0.6414274066884559
39241,payload,-0.06316386367362194,0.18456406030489092,-1.3816882740039558,0.30354606290333136,-1.5326525191102394,1.4281423971873417,0.641435910448399
39249,payload,-0.24826095901513484,0.6635563438728264,-1.0241585699095987,-0.13361996531030007,-0.7253945329945919,0.6227269227731342,0.48378334622295716
39250,payload,-0.20057037233599548,0.6636240920676787,-1.0154132124799853,-0.13126187414776455,-0.4194414578168552,0.3197439089846387,0.4839969545865456
39251,payload,-0.08219734874500668,0.6637144229941481,-0.9966197703846009,-0.132727063969869,-0.713770105109677,0.6113080906966586,0.48381760716939803
39253,payload,-0.07848185087797455,-0.6602684754655901,-0.9144237003440762,-0.0034358252689195025,0.28274943437478384,-0.38215724478214214,0.6569045710010686
39256,payload,-0.09361582893333455,-1.2800389987442513,-0.8718763570051976,-0.05249725235172334,0.18628301702069514,0.33070082976862275,-1.2723227850553982
39260,payload,-0.06958002107081801,1.0652228451902415,-1.1819953321771084,-0.13728020426096424,1.7387518067217447,-1.8184097829284493,0.7494190840752323
39265,payload,0.05871524669901352,0.6243251206685269,0.41444738821576127,0.19655656711822236,-0.915161665361411,0.8424504260899716,0.9062839831172793
39269,payload,0.020850872487963152,0.6262145425471868,1.109869785033219,0.3204717956653264,0.24278147004782788,-0.3488534405934789,0.8590780947345877
39270,payload,0.02740890899330501,0.6265708478682613,1.856450921100101,0.46222316618427683,-1.1785274880956012,1.1136626037917619,0.8075548690991459
39285,payload,-0.09361582893333455,-1.4044522856095383,-1.3644266527570486,-0.15062886045204116,1.3739746151260481,0.9186696386118999,-1.2723261585874923
39358,payload,-0.03571490294309139,0.4751686875277309,0.47200230463287535,-0.1355841294108807,-0.2616356685297289,0.16295870621539518,0.8670881248080401
39360,payload,-0.09361582893333455,-1.405420833876686,-0.36856060294560844,-0.14993729960994256,-1.0622083446640551,-1.0737539274655834,-1.272326725709744
39375,payload,-0.09361582893333455,-1.2634984024306768,-0.8180383873744073,-0.1528359462408273,1.5327983682803124,0.2630269761577939,-1.2723201231157233
39410,payload,0.23797237490785256,1.1057262289423229,-1.1584734367528702,-0.14281487948143043,1.7403754931191853,-1.8199504495519483,0.5955045624707177
39416,payload,-0.050135148541752876,1.0469132682333004,-1.4241414559852283,-0.11492593773686309,0.5020268239482721,-0.5964378933691173,0.8654698929492819
39417,payload,0.020476039036311577,1.0484388572136785,-1.3506189089365557,-0.1081832195264019,0.8836086836238335,-0.9760741238314448,0.87921974581621
39418,payload,-0.045054761263169665,1.0379002491255396,-0.4659632468716804,-0.13001881541892912,1.6932253902186378,-1.7736380685884832,0.8977745750050894
39419,payload,0.02878123311794669,1.03926023140739,-1.0446643896835084,-0.13879354072397426,-1.0689014327838071,0.9621326042898064,0.8931028877814742
39420,payload,-0.02455353991581376,1.0454102619845396,1.262382062285585,-0.024466059168116724,-1.543127727041995,1.4324449084138644,0.8359192210986391
39422,payload,-0.0012519099709949106,1.0431068233595608,-1.2518358789226927,-0.13897409062737026,-1.12118510704872,1.0137867968879015,0.881993835837688
39423,payload,-0.011028557685146496,1.0455256848350287,0.5439920600974255,0.025124980964648692,0.5203579516951928,-0.6242497647530908,0.8141153054956206
39425,payload,-0.044438299636073285,1.0482305942443182,-1.4718667032567918,-0.10412467654642778,1.1972883670653218,-1.2866805985764416,0.859550593637658
39427,payload,0.014735820970936767,1.048719886762696,1.6656052639456365,-0.055161731229112665,0.6495596369028446,-0.7481276371930595,0.8499305788003066
39430,payload,-0.01976434556661276,1.0444166217933721,1.0351736185892306,-0.009969543288176832,-0.920562610234337,0.8278771248118538,0.8313672950328174
39439,payload,0.5826952385424499,1.0462081851683558,-1.0086365069392889,-0.1434703303428498,0.03621453093766282,-0.1327087874782604,1.074016024955935
39440,payload,0.047203832597053005,1.0499594278092532,-1.4780997968360512,-0.08744514819815455,-1.280701114523331,1.1744741877635083,0.8678509165320235
39441,payload,-0.0040616119598211025,1.0499870289256743,1.9351387525180677,-0.07806202443075685,-0.9230010566324104,0.8237256970705831,0.8575397733212479
39444,payload,0.058699757713408074,1.0484037285200516,-1.283905101704878,-0.1137627586622574,0.5136823643869104,-0.6081050027653074,0.8906965081474864
39446,payload,0.07571595729954074,1.0494249698276406,-1.4190412109041772,-0.09929250458644782,1.6160993140728734,-1.6989258416583095,0.8728038364527737
39451,payload,-0.04196625753344561,0.7957305628373073,-1.3792099859011915,-0.14910895853799855,-0.7363529577763648,0.6321787825957489,0.9215578348710856
39452,payload,-0.028661218898375546,0.7852847948680394,-0.5884399925190216,-0.14980817907296845,-0.7320263682742009,0.6278368164463255,0.9534151343160688
39453,payload,-0.028379319360356606,0.7852772672908338,-0.6022059947067614,-0.14981146179848476,-0.7361546152463779,0.6319218444393004,0.9534128473840618
39455,payload,-0.06995826209930277,1.0552462962001363,1.3201223892109752,-0.13891390732623826,1.1258763058643253,-1.212826756798149,0.7922888909694478
39460,payload,-0.09361582893333455,-1.404740842735761,1.1535121181801347,-0.1514593900076627,-0.9669465664994452,1.0050653342965392,-1.2723212788770604
39467,payload,0.1179296386685977,1.6166304214781044,0.7865876345093761,0.02361930419450999,0.6325750993717658,-0.7377500301550758,0.8894073240004302
39469,payload,0.11411625041253917,1.6173455413126567,1.2298760084629596,-0.0007078803648818892,0.8355174259731519,-0.9390095918697438,0.9025204399749384
39472,payload,0.2513548584709498,1.6172075357305502,-0.9739230002589719,-0.09464744798089644,1.2291145649897786,-1.319051919343387,0.9668117253491355
39473,payload,0.19645260009391918,1.616791009791828,-1.1290252002133259,-0.07762651617892895,1.1669050138197892,-1.2593498847888138,0.9523557929834029
39474,payload,0.18906745175724696,1.6164748515491847,-1.1056828908834908,-0.0801815708724419,1.134094881383829,-1.226759156157935,0.9528931559176766
39476,payload,-0.09361582893333455,-1.405556330266391,-0.3199413081446105,-0.15249454278713306,0.12214545978715681,1.3362297485030017,-1.2723245555834037
39481,payload,-0.09361582893333455,-1.4054810544943328,-0.6999076252116236,-0.149828969667905,0.7297026584924775,-0.2202900554802958,-1.2723251549809058
39483,payload,-0.28503490863956243,0.6635688898348362,0.7743485994918864,-0.13236486992123825,1.6616179524375492,-1.7425418154518537,0.4838045280085236
39484,payload,-0.05592802915818618,0.6636567115689039,0.78754963353399,-0.13033505131033182,1.6592213135335412,-1.7402495806628628,0.48376540272081725
39485,payload,-0.06891182623179946,0.663528742756405,0.7689309238547818,-0.12999802482399264,1.8152575763276477,-1.8940698903234239,0.48376192775222293
39487,payload,-0.09361582893333455,-1.4056868082712917,0.022768174851077502,-0.1504286141955474,-0.039158547259247174,-1.2971101706348307,-1.2723234443926503
39490,payload,0.0070625775020034766,0.6619479515431841,-1.4405119419096375,-0.14063514973861338,0.8773142250986629,-0.9666241886392155,0.8812021654494474
39491,payload,-0.0071470178924240915,0.6619404239659785,1.9556455430276234,-0.13659739735357576,0.46077060544370585,-0.5540873640539623,0.885225435213939
39498,payload,-0.09361582893333455,-1.4046429842320856,1.1259199281946388,-0.14775975835080304,-1.2681141420075976,1.2317194316311397,-1.272323459761817
39500,payload,-0.09361582893333455,-1.4051122032112477,-0.30253990096476263,-0.15169793472851317,0.9729814387289811,0.6046151885314893,-1.2723216446632282
39504,payload,-0.09361582893333455,-1.3089047481361449,-1.3677048270316414,-0.1485366700563252,0.9435791031930396,0.8478095593980701,-1.2723213280583936
39508,payload,-0.09361582893333455,-1.404457303994342,1.1219243802780787,-0.14961559250934608,-1.1298100903012358,1.3007232048382684,-1.2723233752314003
39509,payload,-0.09361582893333455,-1.4056265876536451,-0.3289652667044604,-0.151300724941042,0.6060681758667109,0.7224978373209914,-1.2723182035068006
39522,payload,-0.09361582893333455,-1.4039454287443467,1.236140165582872,-0.14752340211363013,-1.4548458558517747,1.107215092000729,-1.2723169140337132
39533,payload,-0.09361582893333455,-0.060147437886504625,-0.040278193112192835,-0.06329632505848111,0.5779229819546571,-0.6768961043148508,-1.1181987801716413
39574,payload,0.0028650624029301435,0.22433475987560672,1.5703877459574112,-0.13942491826494086,0.9201970468025815,-1.0092855457616097,0.94723053705936
39612,payload,-0.09361582893333455,-1.405064528555611,1.2328804352855434,-0.15240809768187075,1.6246620722179421,-1.7934069095919418,-1.272324040716319
39613,payload,-0.09361582893333455,-1.4054158154918823,-0.30929816252819564,-0.151180358338778,-0.2308186840666758,-0.7796232511346557,-1.2723260648355752
39616,payload,-0.09361582893333455,-1.4045852728068409,0.1359365363944603,-0.14983334663526002,-0.38908532805583057,0.018704771885379178,-1.2723266857499107
39617,payload,-0.09361582893333455,-1.4033858788387146,1.3088172018843816,-0.1487314451036251,-1.4028421945703728,0.9689977608744663,-1.272318580051385
39620,payload,-0.09361582893333455,0.23404282527870432,1.550297401039742,-0.13837116337421154,1.5192401007280258,-1.6023170948336365,-1.098909463116201
39624,payload,-0.059062999844726544,1.0520320207332539,-0.6783893281595378,-0.13851450905508958,1.6744509085811576,-1.754876771591772,0.8201724354943446
39634,payload,-0.10233179091322585,1.0575748267491345,-0.8892826178632728,-0.15160273568854074,-0.8255536215687298,0.7201671099242926,0.8162350778348736
39635,payload,-0.09361582893333455,-0.6753411942240309,0.8180569426626904,-0.13011182597522403,0.10302874005871958,-0.19384659630032935,-1.272325986452825
39727,payload,-0.09361582893333455,-1.284131491551812,-0.8463887218989783,-0.14990884932213472,0.972245432379961,1.065261998860156,-1.272319014998803
39728,payload,-0.09361582893333455,-1.4053204661806087,-0.9771895257058194,-0.15275606658659757,-1.603754427041305,0.15453652364896048,-1.2723212819508936
39731,payload,-0.0893678197411875,1.0612834131191988,-0.2482854857420859,-0.1518434688930687,-0.862552281549706,0.7567524089200336,0.7898456499260106
39741,payload,-0.09361582893333455,0.012930281627534818,1.7262762417845576,-0.10937594313065421,1.5118003113189122,-1.596911770396289,-1.118173485597062
39761,payload,-0.01984488829176103,0.6627860218054312,0.19578627187735345,-0.13243052443156406,1.4946991017113704,-1.5778714019936975,0.48376229507530766
39762,payload,0.12769079739714384,0.6629039538483226,0.211422881653823,-0.13185714170805193,1.4434751988076617,-1.5273565905837487,0.4837636475619786
39763,payload,0.07594209648938012,0.6628086045370489,0.197297707277277,-0.13108788969540114,1.4379186911661186,-1.5219262459513914,0.4839203454381382
39766,payload,-0.024987231512765988,1.0509756507320378,-0.0191773123876389,-0.1513061961502358,-0.6700394663167946,0.5662852120913995,0.8474213271858285
39767,payload,0.0067125264273205885,1.048022331274957,-0.028662370379064446,-0.14864281151468525,1.609775687528587,-1.6905575487426654,0.8716734449993003
39768,payload,-0.027691608399475223,1.0503483526315538,0.11645872566905303,-0.14668740134881475,1.8500307164500949,-1.9281714538068282,0.8701687989671497
39769,payload,0.07726795365720548,1.0445496089906754,-0.2925112310119003,-0.15065512225617148,1.4703904745803367,-1.552559625480336,0.8746866592749474
39773,payload,-0.09361582893333455,-1.4043870466070878,1.8914304093472634,-0.151282122829783,1.0383994720016987,1.3005827068201352,-1.2723225591286476
40001,payload,-0.09361582893333455,0.23246454325788538,1.5488063510883723,-0.14724546468658417,0.3753656732055987,-0.46952487881139965,-1.0989051090312707
40010,payload,-0.06743541612388926,1.0416941480372695,1.0154395336534319,-0.1442669384014697,1.6250801471586007,-1.7058795312406976,0.8563744554364143
40011,payload,-0.03652652578881626,1.0415762159943784,0.8682032046339382,-0.1281334367307395,1.4332595862460356,-1.5174014399153564,0.8601850466719041
40012,payload,0.030881539566043902,1.0472319356683466,0.5218893801867951,-0.10201169555577533,-0.9029179032039392,0.8015895606931035,0.8597829539215557
40013,payload,-0.06209574322627103,1.0429562718154446,1.3349096052976996,-0.15125695526749144,-1.1770515863283462,1.0680748461683929,0.8687260983614438
40014,payload,0.013186922410393117,1.0541096320420587,-0.1414987403317125,-0.1217726089220068,0.2756946628179969,-0.37084426737686244,0.9009579321039383
40015,payload,-0.04884026934513838,1.0436688824575948,0.6409083654651407,-0.11691964636709033,-1.5886842838315212,1.4756778807607172,0.856037990564856
40016,payload,-0.05872843775564911,1.046444049254138,0.47508439030709243,-0.10245924046782963,-0.8976627984265918,0.7963526414144761,0.8472254825051291
40018,payload,-0.046473552344627654,1.0501425988545947,0.34274108755967464,-0.08081951386444108,0.2640488450523972,-0.3603973736450047,0.8390479177560666
40019,payload,-0.05766899114023725,1.0516506234881589,0.27993449130082354,-0.06807487916836166,0.9647181389134994,-1.0604816763279838,0.8339541194424561
40020,payload,-0.03839139965571083,1.0518664140347258,0.29471102929544846,-0.0681098949072021,1.0051139008541525,-1.1004581740627692,0.8365617659991609
40021,payload,0.1863042167252371,1.0546616543704845,-0.5424552742597012,-0.14541917505768776,-0.5009757939183075,0.39949866752451496,0.9530971600889855
40024,payload,0.10256146715088346,1.0551609836584706,-0.7594942913346073,-0.14942957139675628,0.13035139583171046,-0.22607741904914178,0.9213707367831636
40025,payload,0.0842287037882887,1.0555223073643494,-0.9443893389826307,-0.1451116931009952,0.6955780206617027,-0.7862074116830501,0.9038863762036522
40030,payload,0.0424177360449731,1.0551007630408236,-1.0721876574381792,-0.14649919175254741,0.8057359061887066,-0.8951713232666878,0.8993411910543517
40032,payload,0.06228390898250611,1.0548096967221987,-1.0742427047995393,-0.14506245221825084,0.08703688744487859,-0.18316489766145497,0.8995600725790407
40037,payload,-0.02495315574443402,1.0525840430616804,-1.479208376943124,-0.141048773153666,1.3988481295606234,-1.4824886447245131,0.8713996110190222
40039,payload,-0.03468953209601148,1.051821248571491,1.9532720943745645,-0.1414459829411372,1.399383848845048,-1.4829890486247126,0.8715308975149348
40042,payload,0.10394308466688844,1.0556678405236617,-0.8253625878191219,-0.14410389636749393,-0.06666204475075532,-0.0307822868987748,0.9234615274847422
40043,payload,-0.006803162411983392,1.0470914208938382,0.49583580619929435,-0.09735350804815876,-0.8433159729428942,0.7431702922903873,0.8553520984665313
40044,payload,-0.000545612227386997,1.0472018253595234,0.49739189543890705,-0.09837005871637013,-0.8237306203739978,0.7237084298333973,0.8554633251260478
40045,payload,0.06630484964567745,1.0457766040752225,0.6476307098096932,-0.10933545618261996,-1.3355185173820951,1.2270599014681283,0.8737885328165383
40046,payload,0.08627324988820632,1.0456887823411545,0.6432012430596292,-0.11151409168359823,-1.4120991515703958,1.3022340396907937,0.8758839327312143
40053,payload,-0.06461363272629081,1.0549276287650902,-0.34403399612835744,-0.15174826985309628,-0.654338321626807,0.5506899320786431,0.8187666777546719
40055,payload,-0.04718294788535666,1.0612683579647872,1.265317566877344,-0.13867536260538782,-1.5083662541271938,1.3961896835292171,0.8497832791695934
40056,payload,-0.04721392585656753,1.061270867157189,1.2656728561235686,-0.1386841165400979,-1.506550058803589,1.3943959280100404,0.8498089026443408
40059,payload,-0.054376032800521425,1.058764183947653,-1.5315145257254372,-0.15177015468987157,-0.960696832270252,0.8539019768829988,0.8131074185961991
40061,payload,0.1336819370293267,0.6644144876742888,-1.374219433948073,-0.1192941511572073,-1.322991825439201,1.2140734579427583,0.4839277564503282
40062,payload,-0.03227634813868446,0.6644119784818868,-1.3732360787392601,-0.1265982154309542,-1.2577682456272545,1.149377007538117,0.4838745852811608
40063,payload,0.1097948234286224,0.664422015251495,-1.373518562812078,-0.12825380333300349,-1.3833044830993655,1.2730499068420427,0.483867444766305
40069,payload,-0.027087537960863186,1.0655666045493069,-1.1753729736040344,-0.14645213935348056,-1.5350442966777276,1.4223502220425324,0.7581787744566263
40071,payload,-0.00444573880283595,1.0623673842368362,-1.4139924148123335,-0.14665129136813554,1.0546995333508626,-1.141615432538987,0.8628959878611835
40072,payload,-0.031477116481443926,1.0623021452343857,-1.4453782397001416,-0.14838128771522077,1.1497425513721045,-1.2354960157923798,0.8599897906302895
40074,payload,0.07637269028921126,1.0636044160909917,-1.061575575362418,-0.15037718482912552,-0.4428517099591253,0.3414903077090784,0.8966032293330709
40076,payload,0.0871158507051421,1.0624376416240902,-1.1618642163623316,-0.14806942879117313,1.218167807415652,-1.3032179851628432,0.8962648064296722
40079,payload,-0.09361582893333455,-1.4046781129257124,1.8971693984830027,-0.15268931783443299,-1.3542706368715862,1.3050411131078743,-0.6577954958368154
40080,payload,-0.09361582893333455,-1.4045300705739983,1.8550967448747364,-0.14817447600769443,1.6394745645922042,-1.6166421187920403,-0.657795357514315
40081,payload,-0.09361582893333455,-1.404625419885272,1.876845106274787,-0.15014520555930766,1.6677519868575832,-1.666034870687311,-0.6577952883530648
40082,payload,-0.09361582893333455,-1.4046053463460564,1.870208186667032,-0.15017584433079303,1.7488526917415146,-1.7397106841549557,-0.6577948610902301
40086,payload,-0.051882306118046125,-0.22663988133229,0.949055776541198,-0.1517986049776794,-0.9680296722759419,0.8608556664653868,0.8154718388681388
40105,payload,-0.09361582893333455,-0.019026792803546317,-0.6320163156420483,-0.11845486766687563,-0.46668198157666174,0.36728612876436323,-1.1182012930303995
40107,payload,-0.09361582893333455,-1.4044798867259596,1.1054577915247727,-0.15173732743470866,-1.079908470930773,0.6999892849639398,-1.2723309107338405
40109,payload,-0.03717396538712351,0.18434576056592236,1.4283817405954553,0.2632101202428283,-1.5023761152681308,1.3996203371911617,0.6413843545786535
40110,payload,-0.04695990649263837,0.18434826975832433,1.436850438366123,0.2630700572874666,-1.5021651332631938,1.3994230625766595,0.641381901659646
40111,payload,-0.057805294213565096,0.18432568702670696,1.4340916076618315,0.2631258636212435,-1.4984257932125595,1.3959895219691372,0.6413974921423619
40115,payload,-0.05452162926521253,1.0496257052197953,-0.23715891377425058,-0.15198462609026922,-1.4155798685182042,1.3040643631872928,0.8555882795252745
40118,payload,-0.07057224548870228,1.0536228487160826,-0.35408013932283733,-0.1462168773581464,0.5528355687132338,-0.6447413044662612,0.8493598540158445
40119,payload,-0.03728548608348266,1.0504236284036117,0.1021995897734386,-0.1364102819991472,-0.5106994392241818,0.4099186164309768,0.8698913117359434
40128,payload,-0.09361582893333455,-0.17657145614402128,1.1656298112419463,1.659434256217348,0.061848358403854116,-0.14094620552769868,-1.1413027705132506
40129,payload,-0.09361582893333455,-0.17617249455211312,1.1562136754813463,1.6604803514152058,0.0696799715364226,-0.1515961477652143,-1.141302152672749
40136,payload,-0.06233427360459476,1.0707229949352894,-0.9609830941054869,-0.12950671023838778,-0.3204558958784728,0.22174076744575558,0.7717438299998898
40137,payload,-0.09818384056808992,1.0707204857428874,-0.9610442504511485,-0.1279069286701154,-0.3066652564405644,0.2081586508161094,0.7719452444666068
40141,payload,-0.09361582893333455,-1.4051573686744827,1.116032985646008,-0.1519102176452333,-1.2626966685905059,-1.3773634084445212,-1.272322875733482
40143,payload,-0.044902969204236386,1.0320412848670144,-0.5411020687699819,-0.1422447794834346,-0.46720506138613666,0.36631803968051596,0.9169819067776052
40146,payload,-0.09361582893333455,-1.404334353566647,-1.0615901363970992,-0.151078593847773,1.1269001033352868,0.5188103543751629,-1.2723244403146534
40147,payload,-0.09361582893333455,-1.4051523502896788,1.9509665972166854,-0.14915053972787157,-1.4486544576608131,0.6551559824516411,-1.2723142705370383
40261,payload,-0.06846884124348399,1.0531260286204986,-0.2742720789700526,-0.14029374628491914,-0.32073688112928744,0.2212759692076857,0.8230115939569447
40267,payload,-0.09361582893333455,-1.4058248138533982,-0.21600852553177993,-0.15187629614823162,-0.12729943969040797,-1.0608964341760339,-1.272322880344232
40269,payload,-0.09361582893333455,-1.2496175500631563,-0.6496380798134072,-0.1315343403656167,1.8266408819212059,-0.09609269439635344,-1.272323422875817
40271,payload,-0.09361582893333455,-1.405586440575214,-0.7920585892959585,-0.151985720332108,-1.3178261692538085,-1.7704778254956843,-1.2723244326300702
40272,payload,-0.09361582893333455,-1.405383195990657,-0.8829883679383517,-0.15118801803164933,0.7893940373454772,0.06083781796698592,-1.272324311213653
40275,payload,-0.09110267906291003,1.1220610714789383,0.47361275506863176,-0.14566428522957078,-0.8407521040626232,0.7357181234381853,0.5954230228936279
40277,payload,-0.09361582893333455,-1.4056215692688412,0.325310558310464,-0.15169355776115812,0.14519305622508819,0.7873992608616761,-1.2723235381445672
40286,payload,-0.062340469198836936,1.0613135234280222,0.41092944223674926,-0.14062749004574204,0.45071055565069673,-0.5438964461633606,0.8266982851180439
40294,payload,-0.09361582893333455,0.022091343087010024,-1.1918444160355675,-0.08466905665321134,-0.9777572066510317,0.8759293716437052,-1.1181730521865605
40296,payload,-0.09361582893333455,0.18615739748012164,0.6673482922395199,7.171101947781689,0.9984985941187091,-1.7579148006550986,-1.1181487412386508
40298,payload,0.028480746797201226,1.0367761309294712,-0.2106413281482378,-0.14575510730218816,0.09076261575325913,-0.1868553764254264,0.908926785105928
40310,payload,-0.06704106655037484,1.0562148444672845,0.3477044589147213,-0.13996875645880635,0.8696090067155956,-0.9590748259525517,0.8423645762485853
40315,payload,-0.09361582893333455,0.19027247301929961,0.3517718412690422,-0.13051997818108285,0.35644340693793264,-0.45221571544045985,-1.0989124478083774
40332,payload,-0.09361582893333455,-1.4047684438521824,1.1512687481035626,-0.1486931466392684,-0.0465166662148373,-0.06809605849538308,-1.2723192593685537
40333,payload,-0.09361582893333455,-1.4055312383423715,-0.41349789744351784,-0.15266524451398017,-0.7965936676560438,0.6345297186114938,-1.2723245478988205
40336,payload,-0.09151676160408578,1.0618028159464,-0.39185340475752684,-0.1519463276259125,-1.1330535740269032,1.0244492492229216,0.7796723220331686
40338,payload,-0.047489629800344296,0.1844812569556271,0.7629822558196314,0.23739148405720162,-1.555459965524118,1.4479786002542883,0.6413428885668566
40339,payload,-0.041981746519051046,0.1845013304948425,0.7644801009205191,0.2377131911577981,-1.5572907448572808,1.4496693880478475,0.6413742032440384
40340,payload,-0.02885638011700405,0.1844611834164117,0.7677320653326848,0.23767817541895772,-1.5509457284323096,1.4438213986218622,0.6412421559743728
40345,payload,-0.09361582893333455,-1.4058097586989866,-0.12178309937317662,-0.1530066479676744,1.2272235050837763,-0.2031223524426815,-1.2723208577618923
40348,payload,-0.09361582893333455,-1.4049114678190928,1.8278773173770826,-0.15013973435011382,1.75319969885706,-1.7020649138168689,-0.657795993797817
40349,payload,-0.09361582893333455,-1.4046003279612524,-1.528000462689007,-0.1495915191888933,1.5142650089341891,-1.6032245580603444,-0.6577954574138986
40350,payload,-0.09361582893333455,-1.4046128739232622,1.9581636312918493,-0.15017803281447056,1.5916487359154763,-1.671342038975004,-0.657794922566897
40351,payload,-0.09361582893333455,-1.4045702176524293,-1.5238981338514506,-0.1500839280163369,1.6075540567392734,-1.6995503842183664,-0.6577949563790637
40358,payload,-0.05168714489941762,0.27896740604300035,1.1586453682731301,-0.14463241517561673,1.1057639844167386,-1.1924709035271481,0.721883119403262
40362,payload,0.11223588756003922,1.0295948222751252,-0.9474413318518397,-0.1449672531782784,-0.7518479817979346,0.6479328446152998,0.9444405107489152
40364,payload,-0.09361582893333455,-1.4044096293387052,1.574433772127533,-0.14896233013160423,-1.0762566349374858,0.42766178395382054,-1.2723274542082463
40367,payload,-0.09361582893333455,-1.2716181490433476,-0.8140690493202737,-0.15071530555730348,-0.1408392341639214,-1.5270111194295726,-1.2723141322145377
40374,payload,-0.09361582893333455,-1.2979370681472744,-1.117077385889463,-0.09442969385498248,0.1524345031042155,1.5040940860857013,-1.272324017662569
40376,payload,-0.05809958494006839,1.0562851018545385,-0.8943848044156146,-0.1518927097758131,-0.5542521531004585,0.45160899752394573,0.8225717268686439
40384,payload,-0.09361582893333455,-1.4055412751119793,-0.29665530148221,-0.15250329672184318,-0.48899357166557317,-0.07290186056768397,-1.272324592469404
40420,payload,-0.06299720218850745,1.049153977048231,-0.44726008319132055,-0.13698475896449808,0.9649816233528451,-1.053783000271659,0.8885102518668578
40424,payload,-0.09361582893333455,-1.4056165508840373,-0.3741209767225898,-0.1513816988371105,-0.030510229591438676,1.077506497371961,-1.2723234643725672
40425,payload,-0.09361582893333455,-1.4057972127369769,0.9891025048574673,-0.1526160036312358,0.18675359439576175,1.3260802101656863,-1.272320273733557
40482,payload,-0.09361582893333455,0.36892948122968006,1.8660845016452758,9.058933926173845,-0.033777047732398265,-0.5647084368356972,-1.3828787464319094
40483,payload,-0.09361582893333455,0.3689370088068856,1.86610488709383,9.059731628474305,-0.033717739426863,-0.5648710681032618,-1.3828787310627428
40484,payload,-0.09361582893333455,0.36896711911570923,1.8661534238761013,9.05889343922581,-0.0337663527920561,-0.5648373870715176,-1.3828790614998272
40485,payload,-0.09361582893333455,0.36894955476889546,1.8661029456225393,9.058403218882045,-0.03370412768460911,-0.5649201461780893,-1.382878794076326
40505,payload,-0.09361582893333455,-1.4056040049220277,-0.35935026314183743,-0.14945911592640287,0.29469859953918687,1.081712777079215,-1.2723229187671488
40534,payload,-0.09361582893333455,-0.0714287669256174,0.4928818576302731,-0.03413915702278678,-1.252873852019638,1.149116220120897,-1.1181905392244489
40536,payload,0.029794212776542258,1.0451066497039054,-1.136114482631848,-0.08467781058792145,0.49382186017102225,-0.5901857315622012,0.9528272390985527
40544,payload,-0.09361582893333455,0.01986067104168717,1.812733841308488,-0.1479840779277496,1.2339642343014177,-1.3198891335610285,-1.1644245014839991
40545,payload,-0.09361582893333455,0.019968566314970477,1.8117533983066105,-0.14799173762062093,1.124978903142865,-1.2121088696644013,-1.1644248826393335
40549,payload,-0.09361582893333455,-0.16638915337695726,1.3471923234192336,-0.11387765405532757,0.21318954238763493,1.39152822873582,-1.2723167634158794
40552,payload,-0.2544534554601884,0.6636341288372866,-0.5619990950089971,-0.13660505704644713,0.7085995966622601,-0.8000041246006665,0.48375884777121314
40553,payload,-0.17391073031191798,0.6637244597637559,-0.5512171341952866,-0.13742902115103608,0.5483621668481874,-0.6410633357997945,0.4837834061627073
40554,payload,-0.3551845244465849,0.6636240920676787,-0.5646647350913279,-0.13861517930425582,0.3880148708287788,-0.4819368201667332,0.48375016880276955
40555,payload,-0.06551354278996668,0.6645976587196305,1.5440031511148204,0.5111609439393003,0.45982945069357206,-0.5929061966119398,0.6658128458755135
40613,payload,-0.09361582893333455,-1.4051799514061003,0.8705523848958613,-0.15020757734411716,-0.7948144184899854,0.6243609339703243,-1.2723210760040597
40617,payload,-0.09361582893333455,-1.4053279937578145,-0.5476302659854498,-0.14985741995571283,0.6805594076190227,1.1127801607600634,-1.2723225237795641
40663,payload,-0.09361582893333455,-1.4055437843043812,-0.5574414911537373,-0.1524803176432291,-0.36603092574677204,0.6100926866082893,-1.2723282703109988
40664,payload,-0.09361582893333455,-1.4056541887700664,0.23740753341049908,-0.1507809600676293,-0.07601525621386025,-0.26503193804928893,-1.2723232369089
40697,payload,-0.06921695924822657,1.0672352174965958,-0.2535167801352692,-0.15184675161858502,-0.6825399070424848,0.5785768640476467,0.7726115700787866
40699,payload,-0.08794809932059318,1.0545939061756322,-0.5418446815387303,-0.14419909540746637,-0.35205555552113094,0.25202771350533154,0.8087721316936426
40701,payload,-0.014234777705471895,1.0453073850960604,0.8373124549252959,-0.14302825663998933,0.6002433224493037,-0.6919178444727634,0.9433590347423458
40715,payload,-0.05985293811060381,1.044544590605871,1.2490800717363575,-0.14538415931884732,-1.0195238654901229,0.9127148321995256,0.856801822781426
40716,payload,-0.08650266718389384,1.0446800869955755,1.2631935972851587,-0.14482719022291665,-0.9808422108061702,0.8745032205281361,0.8568016629420918
40717,payload,-0.06874051805100334,1.0448130741928785,1.279727166797999,-0.14556033225488824,-0.9686703964291837,0.8623934461433077,0.856747503535505
40718,payload,-0.07585275046130774,1.0441130095127378,0.7955455830453373,-0.13831863976595088,1.2960726696718055,-1.3811395332606422,0.8530497404267043
40730,payload,-0.09361582893333455,-0.04927761640130966,1.103760945616574,-0.02800155454916185,-1.3592671185461076,1.2535774589179323,-1.1181845145110967
40732,payload,-0.09361582893333455,-1.3326893829141142,-0.8377918870231145,-0.15109938444270948,0.9827799486172524,0.6207532143129242,-1.2723337156067662
40733,payload,-0.09361582893333455,-1.4050494734011993,1.6715131610836789,-0.14991432053132855,-1.4595545464043544,-0.2268953869629294,-1.2723234951109006
40746,payload,-0.09361582893333455,-1.4056441520004586,-0.4946348948948864,-0.15287315046334526,1.214509165551238,-1.9120353526557794,-1.2723228050353153
40748,payload,-0.09361582893333455,-0.02669237559146673,1.4358981466979635,-0.14294728274392082,1.0651659908768831,-1.1529928850621771,-1.1402082937285574
40749,payload,-0.09361582893333455,-0.02681783521156346,1.4353477395870087,-0.1481941723607922,-1.3865567172307671,1.2748523231979536,-1.1401746121997012
40874,payload,-0.09361582893333455,-1.4056943358484975,0.5286719101413638,-0.1529289567971222,-1.0352182043089835,0.5507495956205899,-1.2723247200334877
40875,payload,-0.09361582893333455,-1.4043418811438528,1.7972185734876962,-0.14887588502634191,1.8126275932707145,0.5135320555432508,-1.2723216323678948
40878,payload,0.14079138142222214,1.105931982719282,-1.0632209722814094,-0.14341233552539534,-0.5840064494003958,0.48178623965155454,0.5962504880711483
40880,payload,-0.09361582893333455,-1.365070510861123,-0.7178885615717889,-0.14960793281647475,0.873829619081639,0.9093265204060589,-1.2723252779342396
40882,payload,-0.09361582893333455,-1.4055613486511946,-0.31679418318215025,-0.15141233760859588,0.9386847095854235,1.1138560291454926,-1.2723163930189614
40887,payload,-0.09361582893333455,-1.302589110860467,-1.1314607759476916,-0.09018075279506349,1.8383907322883184,0.5975123400942345,-1.2723232292243163
40889,payload,-0.09361582893333455,-0.06007216211444636,0.6560207779930819,0.24040830880667285,-1.05625806876445,0.9811152337808363,-1.1691348867324862
40890,payload,-0.09361582893333455,-0.026454002313282453,0.6472618302644324,-0.14877193205165937,-1.147348820195513,1.0374510897913751,-1.1644277474520093
40892,payload,-0.09361582893333455,-1.405109694018846,-0.7061756652741182,-0.14872706813627004,1.141574533752401,-1.6732762925123135,-1.2723227082095647
40894,payload,-0.05524031819730478,1.0440527888950915,-0.583434879531222,-0.12198270335504942,-0.2613119035175446,0.16351588671196363,0.8522739279446797
40895,payload,-0.09361582893333455,-1.405393232760265,0.8302192895641922,-0.15250986217287577,-1.4378515956476574,1.1629793327868096,-1.2723230032975656
40908,payload,0.019949413525726722,1.0400355718595886,-0.6587620241447355,-0.14685482035014555,1.2999529884814998,-1.3842131679860985,0.9520155227061652
40920,payload,-0.11019771736309078,0.6639502870799304,-0.09050599687765608,-0.14295165971127588,0.5419918714733162,-0.6343559989067356,0.4838376055291279
40921,payload,-0.24317127834518834,0.6638298458446378,-0.1043215065833124,-0.1388438758485574,0.914714431476132,-1.0039735658979534,0.4838171691481468
40922,payload,0.07697676072782329,0.6638449009990489,-0.10353812291745612,-0.13858672901644797,1.1123015097678732,-1.1995391086174667,0.48384895412183015
40930,payload,-0.04823310110940527,-1.255561826863347,0.7516236780325397,-0.14374279656070196,0.7829255429729163,-0.8739060821385937,0.8516761042454655
40938,payload,-0.09361582893333455,-0.16553351876789638,0.9943211796872599,-0.08576767545932999,0.1804464963956412,-1.771754817756386,-1.272348837329897
40940,payload,-0.09361582893333455,-1.405674262309282,0.03121551643754639,-0.15120224317555328,-0.014512543373774982,1.1457163605451186,-1.2723246600937375
40941,payload,-0.09361582893333455,-1.405420833876686,-0.8395906601740829,-0.15074922705430516,0.7807058567182108,-0.0683712806404929,-1.272323731796068
40946,payload,-0.09361582893333455,-1.3281176343577834,-1.418291802985911,-0.15005876045404534,1.8477750563051465,-0.8344030434786126,-1.272321775301145
40959,payload,-0.0644748514152661,1.044484369988225,-0.9750005168253912,-0.13639167988788822,0.9952113583643685,-1.0837783648278494,0.843921594253234
40960,payload,-0.06106417678494895,1.0444166217933721,-0.9635904900490924,-0.13624067451413885,0.9979998209918305,-1.0865536818435715,0.8440621391351759
40961,payload,-0.05922098749790199,1.0442459967100406,-0.9306796394623253,-0.1361432869904889,0.9299265257122791,-1.0191781459424771,0.8450830329603881
40965,payload,0.015866516920133644,0.21909054775555645,0.8691389937961258,-0.009299867282853513,-0.5984037836359111,0.509009174137601,0.8647054121538763
40966,payload,0.039564664896451676,0.21897763409746906,0.7299044387018518,-0.02019195054590619,-0.605047286123166,0.514575205212128,0.8708482083509539
40967,payload,-0.0017444597132477918,0.21929630153251553,1.0264001098259,-0.011394246162247018,-0.661860753756749,0.5719850049777105,0.8639435640967292
40968,payload,0.029896440081538137,0.2192887739553093,0.858172593209785,-0.024114807537873616,-0.6864036973080125,0.5950998159061577,0.8710886897025436
40970,payload,0.31077060725340466,0.21886722963178395,-0.35265412865971135,-0.11204261049172105,-0.9155496000156499,0.8130132043455425,0.9436486989643409
40971,payload,0.0021649602535644182,0.2193163750717309,0.9950793242263352,-0.009016458646613759,-0.6422248432880522,0.5526886607338631,0.8633750601568572
40972,payload,0.2751149623896896,0.21866900343203077,-0.4356869728265907,-0.11057960915329414,-0.8722341193615144,0.7703614703750749,0.9452030550293147
40973,payload,0.027390322210578497,0.2191256764491836,0.7945117495829617,-0.017091963416688966,-0.6241591445150843,0.5339129290092616,0.868769098216079
40974,payload,0.11425565128298812,0.21894250540384222,0.1561724916589426,-0.06591812850415865,-0.6982235509210027,0.602649178592821,0.8995709785397416
40975,payload,0.06018670033152999,0.21905040067712567,0.5314307408456552,-0.036764243193980604,-0.6503345248695238,0.5580141130102175,0.880339448014233
40976,payload,-0.007509460155591305,0.21930633830212307,1.1797588685610745,-0.009960789353466719,-0.620671621696149,0.531136649678347,0.8613184443343865
40977,payload,0.02331981679346973,0.2192310625300651,1.0181808911161052,-0.02256207836866811,-0.6384106386550208,0.5475585584416253,0.8682699645470916
40982,payload,-0.09361582893333455,-1.4048512472014463,1.4291301777780758,-0.15032794394638116,1.397852527841473,-0.6286186757279097,-1.272320541157058
40984,payload,-0.09361582893333455,-1.405189988175708,1.0266476474154829,-0.15064308559594508,-0.9091316635428895,1.1050681668058349,-1.2723163730390448
41019,payload,-0.09361582893333455,0.021393787599271255,-1.1926248874944874,-0.031079656841603815,0.610740892529048,-0.7123381728616744,-1.1181766777729887
41021,payload,-0.09361582893333455,-1.4052552271781582,0.6611025790968698,-0.14521126910832266,-1.6176131251904837,-1.2407743146242922,-1.2723276478597467
41026,payload,-0.0005827857928400593,1.0351175547517906,0.38859281503557214,-0.14173376854473202,0.4785669861735052,-0.5714148114135633,0.918547599139948
41028,payload,-0.09361582893333455,-1.4033733328767048,1.083401706925123,-0.15223083050399103,-1.1563325700831524,0.9987256018070885,-1.2723238332325684
41029,payload,-0.09361582893333455,-1.4049741976291412,0.7068465549161256,-0.14874567024752902,-1.3164737454341433,-1.8863521224780389,-1.2723273420133294
41032,payload,-0.09361582893333455,0.1858061105438503,-1.5140471085217004,7.737635811624984,1.0299747758137774,-1.8059612735957937,-1.117650485149083
41034,payload,-0.09361582893333455,-1.4049265229735044,1.3691746321098315,-0.15095056755263764,-1.594541222069956,-1.2112803162834938,-1.27232754027558
41036,payload,-0.09361582893333455,-1.4055588394587928,-0.27679502091250624,-0.15019991765124582,0.35527376937139254,0.4754590172596087,-1.2723228818811485
41038,payload,-0.07187641807668005,1.0534120765543196,-0.7018685112153775,-0.1502885512401857,-1.0984398857422881,0.9903573088914444,0.8527879159132972
41105,payload,-0.09361582893333455,-1.2450809302004524,-0.8361649340813859,-0.14924355028416647,0.6223196238506818,0.7709359725451119,-1.2723235565875672
41121,payload,-0.09361582893333455,-1.4049240137811025,-0.49196051819174663,-0.1505194362681648,0.3932446966562259,1.3852779915592888,-1.2723224023631472
41166,payload,0.019738763321492808,-1.0301284538960405,0.6526562082460464,-0.1469740927105708,-1.284781720397619,1.1740709776977702,0.9482901980706943
41167,payload,-0.04518486874225533,-1.030105871164423,-1.418725721819415,-0.14395836220293837,-0.544426419727679,0.44177413625463974,0.9132760287487789
41173,payload,-0.07559811153795436,1.0394082737591042,-0.9299098460955051,-0.13802866567867852,-0.6041489111344023,0.5023768978295721,0.9257445219114252
41174,payload,-0.09361582893333455,-0.007032853122283139,-0.5210029872315041,-0.1479238946266176,1.5039298074941894,-1.5864081000680625,-1.1644264395359218
41175,payload,-0.09361582893333455,-0.007057945046302453,-0.5214039010530637,-0.14911990095638616,1.5519111989395344,-1.6337973117321496,-1.1644264272405884
41179,payload,-0.043298310295513155,-0.22658467909944743,0.0795105855329728,-0.15147142666788913,-1.2231973371040095,1.1134008540593496,0.8154814415235019
41182,payload,-0.031238586103120202,-0.2266499181018977,0.07491318151625065,-0.1491647648717755,1.037378591332649,-1.1245391494446786,0.8154763282017363
41183,payload,-0.03743108254817376,-0.226604752638663,0.07950087817651873,-0.14891090076518235,0.731229118159533,-0.8215070575813553,0.8154689294848796
41184,payload,-0.04333858165808729,-0.22672519387395595,-0.8025231195536157,-0.15174608136941878,-1.4704565796825038,1.358059868649206,0.8154779911455747
41185,payload,-0.04707762278323969,-0.226685046795525,-0.7979208618586665,-0.1522166053600871,-1.4628719224451148,1.3505384131031306,0.815480015264831
41187,payload,-0.021827478449256914,-0.22652445848180097,1.8334143934985736,-0.15041220056796595,-1.368178920653261,1.2569138056909934,0.8154913269715331
41188,payload,-0.024903590990496622,-0.22662482617787838,1.8189455787035478,-0.15012988617356496,-1.2615649494488164,1.1514517590935593,0.815480067519998
41189,payload,-0.040702356308041976,-0.22664489971709392,-0.7969938093172878,-0.15006313742140037,1.0082076554150257,-1.0955773114054386,0.8154680903283772
41191,payload,-0.09361582893333455,-1.405634115230851,0.4539136166160681,-0.14984976026284147,-0.5585447132469873,1.0827337934986605,-1.2723168925168797
41194,payload,-0.09361582893333455,-1.3969498003277439,-0.7205755578383191,-0.14900938253067106,-0.7792571693609687,-1.1724229911178086,-1.2723213664813107
41238,payload,-0.09361582893333455,-1.4043594454906665,1.192975434373505,-0.15155021208028008,-1.1305451243829518,0.9269734564096339,-1.2723206241505582
41240,payload,-0.08007411859821344,0.2511781001915386,1.95169950262898,-0.14444967678854323,1.0499986209367136,-1.1373725848544105,0.5525453731136378
41241,payload,-0.09361582893333455,-0.5784713123548165,-0.937700970385668,-0.1330236035081739,0.2238261466918308,0.28201249259440186,-1.2723291970717518
41310,payload,-0.09361582893333455,-1.4052025341377175,-0.8792452112896016,-0.14795891036545802,0.7631739326950603,0.8737016119726241,-1.2723225529809807
41328,payload,-0.09361582893333455,-0.01463821529255691,-0.6226904582964721,-0.048841390368414235,0.7507046045230937,-0.8502639224845518,-1.118192031570537
41330,payload,-0.09361582893333455,0.2271425461733752,1.5416520293816074,-0.14293524608369443,0.4132471518984771,-0.5073140341131976,-1.0989106327097882
41335,payload,-0.07507086646794528,1.0686905490897196,-0.3087234870261055,-0.1517395159183862,-0.6478134357506223,0.5442125885166369,0.7663447754446523
41340,payload,0.16907426913774942,-0.6283891859989691,-0.035707969693542556,-0.15167714413357666,-1.5806105761402922,1.4668351664550763,0.9720006142341284
41380,payload,-0.09361582893333455,-1.405147331904875,1.3769075122612688,-0.15171325411425585,-0.8027889549162207,1.2826797949753048,-1.2723239300583187
41382,payload,-0.09361582893333455,-1.404502469457577,-1.2425080801058255,-0.15049755143138951,1.297498985806564,-0.017789107167055833,-1.2723272344291623
41384,payload,-0.09361582893333455,-1.2788170220445074,-0.568860254550845,-0.13192389046021652,0.18361219873699938,1.3270146182177895,-1.2723277969406641
41394,payload,-0.03218341422505184,1.0525765154844742,-0.8682079470011451,-0.128214410626808,1.4826604879550125,-1.5661157595997797,0.8905317245527177
41434,payload,-0.09361582893333455,0.10142698845148236,-1.1540099942552164,-0.08766837353326232,0.6292343889157128,0.02701243894388404,-1.2723108785619441
41469,payload,-0.09361582893333455,-1.2825757922626106,-0.5615564395546844,-0.1474938575839835,1.4045115866055904,0.2186209415910504,-1.2723220642414794
41471,payload,-0.09361582893333455,-1.4055989865372238,-0.2414971313736448,-0.15191787733810463,0.20214653035042668,0.8479385096338908,-1.272326197010409
41473,payload,-0.07473878261656473,1.050940522038411,-0.4712081315638994,-0.13667290004045046,0.5899645125129269,-0.6822513883621782,0.8424449585274213
41549,payload,-0.09361582893333455,-0.022584827629494177,0.6477277833742354,-0.14905534068789913,-1.3816526009501124,1.269184286713001,-1.164427595297259
41550,payload,-0.09361582893333455,-0.022619956323121346,0.648424771567649,-0.15197806063923663,0.17648645166703109,-0.27320006940485325,-1.1644273540013415
41552,payload,-0.09361582893333455,-1.4045928003840467,-1.1767504474848893,-0.14870408905765603,1.3561704562578183,1.093640673892625,-1.27232437269032
41556,payload,0.008224251422411209,1.0377471883890215,-0.22199796446403805,-0.14020401845414054,1.6938184732739905,-1.7739142530487855,0.9117767588511445
41579,payload,-0.07939074455330156,1.0829352343555212,-0.8727189555454247,-0.1520962387578231,-0.6838369116258299,0.579809589809484,0.7035990964688178
41581,payload,-0.09361582893333455,-1.4050469642087975,0.9302885443082403,-0.1508433318524388,1.677479521232673,0.6601407751497824,-1.272324292770653
41586,payload,-0.09361582893333455,-1.3697752466147564,-0.8729296051804812,-0.14523862515429176,1.675551515169124,0.31105997668579155,-1.2723241406159027
41588,payload,-0.09361582893333455,-1.4056566979624683,-0.12908497289804646,-0.15085099154531018,-0.3029132769149803,-1.7437495210186813,-1.2723247354026543
41589,payload,-0.09361582893333455,-1.405782157582565,0.979145669342366,-0.15249782551264934,0.06879909735912809,-1.5197552628766793,-1.2723201861293068
41591,payload,-0.09361582893333455,-1.405704372618105,0.10722120526721045,-0.15058290229481308,-0.03703025413110396,1.198536879156756,-1.2723229525793156
41592,payload,-0.09361582893333455,-1.4055312383423715,-0.28597332643997836,-0.1511628504693578,0.22694226340069287,0.0526764228177704,-1.2723222409868968
41599,payload,-0.04728517519035254,1.0395387517640051,-0.381765519930294,-0.1420740777565875,-0.0957989513127435,-0.0018281473810767483,0.9085046309822664
41601,payload,-0.01016737008548423,1.0272286538400976,-0.6127802180923514,-0.14839441861728592,-0.8935588581370113,0.7878303780680018,0.9315623908703965
41603,payload,-0.052802351863009064,1.0316097037738812,-0.9793474710455943,-0.1397663217186351,-1.0623765469076225,0.9556119565441297,0.9285269973502633
41622,payload,-0.09361582893333455,-1.3446481939017503,1.3754805308624976,0.06096140118415592,0.9166609106184535,0.8644528006556675,-1.2723241974818194
41634,payload,-0.039927907027770146,0.4759365004027237,-0.2828951237083427,-0.1438379956006744,1.2774761129509318,-1.362301251048516,0.8684787393077488
41725,payload,-0.09361582893333455,-1.3147285837010427,-1.1228173457608477,-0.1476415802322166,1.7613307703192163,0.37910720859138425,-1.2723169647519634
41727,payload,-0.07835484119600997,1.063182871767466,-0.8862315957297091,-0.15138935852998184,-0.6749999741010733,0.57116607474873,0.7901298427246544
41729,payload,-0.09361582893333455,-1.4057972127369769,-0.36304197080138007,-0.1521268775293085,0.2984097438380093,1.01729732271084,-1.272324676999821
41744,payload,-0.09361582893333455,-1.3081871191091907,-0.7701325832727952,-0.14946677561927424,1.1659755262773017,0.03128511839943365,-1.2722363519356263
41745,payload,-0.09361582893333455,-1.3088746378273217,-0.7695035465745613,-0.15128649979713807,1.588411085793632,-0.38885207157769613,-1.2725559737373822
41747,payload,-0.09361582893333455,-1.4056918266560954,-0.8253587048765401,-0.15153379845269863,0.725666776914167,0.7703778297333511,-1.2723244065024868
41752,payload,-0.09361582893333455,-1.4033708236843028,-0.6520794799616454,-0.13814574955542624,0.19850927836669738,-1.8251421400165182,-1.27232327840565
41770,payload,-0.0770581033211228,1.0583075109305005,-0.24997165355818507,-0.1517810971082592,-0.7726758919811603,0.667813314181111,0.8152184274365913
41771,payload,0.00636557314975882,1.0261823206084892,-0.7215501764263235,-0.15175045833677384,-1.0564972465211988,0.9487641216329377,0.9479549289203061
41772,payload,-0.012933702914615205,1.0295270740802729,-0.5375482055720893,-0.150837860643245,-0.8032459205490338,0.6982080395422685,0.9312469156698208
41773,payload,0.0001885656903107047,1.0286739486636143,-0.7241653382550923,-0.14711415566593253,-0.7231310947112127,0.6192904952200332,0.9394068089509943
41774,payload,0.02741820238466827,1.025916346213884,-0.6368534913631898,-0.15135762551665768,-0.7599819700620025,0.6553426715990235,0.9522946867134605
41784,payload,-0.03416600438254773,1.0484488939832868,-0.9274732996254941,-0.12175838377810289,0.278659105827457,-0.37381782132227875,0.8308996896724294
41785,payload,-0.07754879438510304,1.0475079468325597,-0.8462120480115113,-0.14406340941945966,0.4612178484034799,-0.5541066103578158,0.8361748579855272
41786,payload,-0.06568578030989913,1.0530908999268715,-0.3535772982585085,-0.1517395159183862,-0.43481689296005077,0.33340204851450744,0.8339196925090148
41787,payload,-0.05171192727638633,1.0484137652896595,-0.9388716775740478,-0.1224696409732992,0.2863565460720936,-0.3814576416370557,0.8289834865570673
41790,payload,-0.03877242870160458,1.0563403040873813,-0.37171355232194153,-0.09420428003619719,0.7450810104375846,-0.8399199964783122,0.8470041495983495
41793,payload,-0.09361582893333455,-1.405189988175708,0.9582583504598052,-0.1501080013367897,-0.341606598806579,0.5775471867914667,-1.272323624211901
41794,payload,-0.09361582893333455,-1.405664225539674,0.055202394235942295,-0.15123069346336113,-0.012304524326715426,-1.3990915231803,-1.2723238701185684
41836,payload,-0.09361582893333455,-1.4052150800997272,0.6735250831513446,-0.15162243204163847,-0.3476988257325473,-1.7238026517045744,-1.2723237195007346
41838,payload,-0.09361582893333455,-1.2687626880899423,-0.8162240824531122,-0.15228773107960675,1.0495912409363972,0.3923698365770571,-1.2729586213146489
41847,payload,-0.02601260235984589,1.0628039837147731,-0.23144419302964703,0.22316305742775883,-0.6067526429741316,0.5401342967300115,0.7935313344066901
41849,payload,0.16812944101581778,1.0531737032761357,1.32690783137248,-0.1449191065373728,-1.2264641552449693,1.1174262185103774,0.9482357020793559
41850,payload,0.001176762971937553,1.05509574465602,1.1458316577535497,-0.15270573146201444,-0.6533981391439774,0.5496948981694002,0.9072365010566932
41851,payload,-0.03405448368618858,1.055060615962393,1.0242955549466233,-0.13468685110309456,-0.3707814237934174,0.2713423417378401,0.892937228144203
41852,payload,0.018013290325047154,1.055140910119255,1.1721667450782232,-0.14860451305032854,-0.2551350893361407,0.15574904079175164,0.9137098941774768
41853,payload,0.017183080696595746,1.0548096967221987,1.1478148706771483,-0.14572337428886403,-0.8067616391197807,0.702192986755203,0.9140528094883061
41857,payload,-0.05050688419628335,1.0677972765946295,-0.8615156954616008,-0.14697846967792585,-1.5002458776053798,1.387941680012659,0.7754443703171161
41859,payload,-0.09361582893333455,-0.015295623701864746,-0.52268138916244,-0.14767221900370195,1.364638904474413,-1.4486642280166038,-1.1644264871803387
41860,payload,-0.09361582893333455,-0.01535835351191319,-0.5226881843119581,-0.1494711525866293,1.6598192579254134,-1.7405276897535507,-1.164426078360504
41861,payload,-0.09361582893333455,-0.015315697241080135,-0.5223940514113949,-0.1475354387738565,1.1924484204267216,-1.2783257780734951,-1.1644256726145028
41862,payload,-0.09361582893333455,-0.015318206433482097,-0.5229784342699394,-0.1486329633381364,1.235326380794121,-1.3206397394113278,-1.1644259077627535
41866,payload,-0.09361582893333455,-1.4022868525666659,-0.6505787226538218,-0.15002593319888244,0.39918719441740025,-0.21926230285450152,-1.2723229787068988
41869,payload,-0.09361582893333455,-1.3914647057371077,-0.7223626821615424,-0.10828170129189063,-0.709539770070595,-0.011846810852186807,-1.2723213434275604
41875,payload,-0.057275570905859156,1.056440671783459,1.5105224787041902,-0.1515556832894739,-0.8903260693516865,0.7842803973221633,0.8216715148143116
41877,payload,-0.11415608252441617,1.0721256334879725,-0.2559290582141448,-0.1498946241782308,-1.0384539098962198,0.9310017078062399,0.7584713511357134
41879,payload,-0.09361582893333455,-1.405624078461243,-0.2927073196122759,-0.15264554816088244,1.7430677012835658,-0.17423076341250818,-1.2723240345686524
41882,payload,-0.09361582893333455,-1.3548606069776377,-0.7428500579581893,-0.14603851593842793,-0.33703013660732395,-0.356492298593063,-1.2723331223569307
41884,payload,0.017619870090669065,-0.5288620693761024,1.1276031838038023,-0.14632739578386153,0.12107207668369842,-0.2173867505439458,0.9581025949154837
41885,payload,0.04763132859976305,-0.5294994042461945,0.8639329385297233,-0.1468471606572742,0.45265995159493017,-0.5459307804807102,0.962823982950422
41886,payload,0.027108422672559546,-0.5292861228920298,0.8373551672936944,-0.14572337428886403,0.4421011286750429,-0.535532002508487,0.9657836602707341
41887,payload,0.029152968772477163,-0.5292861228920298,1.1271935333614334,-0.1465714117139058,0.05737301200420024,-0.15426464779454743,0.9587664276488226
41888,payload,0.01770041281581733,-0.5292208838895794,0.9737726475449515,-0.1448260959810779,0.28605806000980905,-0.3809283682810752,0.9609836328204652
41890,payload,0.01925240917348208,-0.5291857551959525,0.8641727102341428,-0.1462256312928565,0.4995699044714254,-0.5924423606890624,0.9620201862896434
41891,payload,0.02456822903326793,-0.5292986688540396,0.8811188423962873,-0.1472082604640662,0.34344710988727545,-0.437713625486601,0.9618292013394588
41893,payload,-0.09361582893333455,-1.4056943358484975,-0.5091978710475181,-0.15138498156262678,0.5321262751410787,-0.4372199577927501,-1.272322130328896
41896,payload,0.7653103788305476,-0.6096179176400717,-1.024386692786273,7.5042449698351,1.6617803210772926,-1.9158769149050032,-1.0307883965649538
41898,payload,-0.06724768961835136,1.0664322759279752,-1.0070483834233774,-0.13180571234163005,1.217016642927885,-1.303605798185498,0.8172482455799774
41899,payload,-0.04297304159779899,1.0664122023887599,-1.0394893979577597,-0.13139427741025494,1.240979142898746,-1.3273210937941842,0.8183953986466705
41900,payload,-0.0408665395554596,1.0666430480897382,-1.0646120364613003,-0.12823410697990575,1.3230822553729549,-1.408682918705855,0.816902940363725
41901,payload,-0.03684250109516717,1.0665953734341012,-1.1090328995958447,-0.12634106859884472,1.3613633359277182,-1.4466193082321346,0.815946478696132
41903,payload,-0.09361582893333455,-1.4055638578435965,-0.20491301710459822,-0.15234682013889997,0.25874318237524935,0.7984562624257,-1.2723223885308972
41904,payload,-0.09361582893333455,-1.4052803191021777,-0.6683499801145758,-0.1507054573807546,0.80871882227694,-0.29688553324256617,-1.272319777309472
41911,payload,-0.09361582893333455,-1.3923178311537665,-0.6887363994040987,-0.15099214874251066,0.6602302705626759,1.2435607200772074,-1.2723245755633208
41914,payload,0.021188532374161663,1.0329245205924968,-0.8922734543868202,-0.14734941766126672,0.22729908550120845,-0.32213091000763183,0.9382349099889736
41917,payload,-0.07965219863032133,0.7619317411832037,-0.22404233373329852,-0.15108844202432187,-0.6476744015261708,0.5441538872898828,0.7778405186968218
41918,payload,-0.10821419786645857,0.7619392687604093,-0.22524410446233192,-0.1507087401062709,-0.7895690363856765,0.6846384330101273,0.7778409736241567
41919,payload,-0.10197306600660393,0.7619442871452132,-0.2247121413286403,-0.15080831611359838,-0.7070468767035055,0.6029494209329412,0.7778413194304077
41920,payload,-0.07417157596369364,0.7619342503756054,-0.22529943639412095,-0.15068576102765685,-0.6927127398427411,0.588774518144597,0.7778407246436555
41921,payload,-0.070260916878033,0.7617711528694796,-0.5310666036676017,-0.15060041016423328,-0.7288023298946109,0.6245043189340352,0.7781140637367658
41922,payload,-0.09297399634781647,0.7619342503756054,-0.22495288376870512,-0.15039469269854575,-0.7538119617517258,0.6492791235698746,0.777840947496573
41923,payload,-0.0892082831894515,0.7619367595680073,-0.22513829427698062,-0.15058290229481308,-0.7580345186523768,0.6534392121478795,0.777841752840909
41924,payload,-0.0885196428894338,0.761751079330264,-0.5321907155450011,-0.15057743108561927,-0.6938123741634032,0.5898734820946507,0.777842476728661
41925,payload,-0.09736911992524395,0.7619267227983998,-0.2265720708252703,-0.1506299546938799,-0.7078655257733532,0.6037779743138479,0.7778407046637391
41926,payload,-0.0942849221335182,0.7619217044135959,-0.22585955086152998,-0.15073390766856246,-0.717831265637888,0.6136320818870079,0.7778421462915769
41937,payload,-0.09361582893333455,-1.3548932264788627,-1.1473264793364808,-0.15045268751600022,1.1844252706352933,0.4512635263697693,-1.2723217460997285
41942,payload,-0.09361582893333455,-1.4052401720237466,1.808331555156496,-0.15199556850865686,1.8108113979471097,0.07857617391386622,-1.272323685688568
41944,payload,-0.09361582893333455,-1.4056265876536451,0.4990547655995161,-0.15047676083645303,-0.4404093744918364,-1.5991616633168013,-1.272325603760574
41945,payload,-0.09361582893333455,-1.4056868082712917,-0.5138263386048938,-0.15247703491771283,-0.08916517149852667,0.7469367939545816,-1.2723262523394092
41948,payload,-0.03437045899253949,1.0385927862284745,-0.38267412849440946,-0.14831235047937866,0.9403511757442342,-1.0282547028399422,0.9085320803140191
42063,payload,-0.07933343530656145,1.0672352174965958,-0.236564823559252,-0.15187629614823162,-0.7354341651742198,0.6309277728452501,0.7726122263422053
42070,payload,-0.09361582893333455,-1.405556330266391,-0.26871267592871656,-0.15095166179447642,0.3453138631106811,-0.5946633841537944,-1.272322337812647
42075,payload,-0.09361582893333455,-1.4056165508840373,-0.3101339659189048,-0.15247375219219655,0.086136567921507,0.806204824357251,-1.2723232538149831
42432,payload,-0.09361582893333455,-1.405501128033548,-0.8442463083295302,-0.1501320746572425,0.9190079638899645,-0.23607394927081982,-1.2723230324989825
42662,payload,-0.09361582893333455,-1.4049992895531607,-0.5983133447686162,-0.14638648484315475,0.002026695732137743,-1.770014951888,-1.2723300377651712
42691,payload,-0.09361582893333455,-1.4053957419526668,1.5312340944349299,-0.15111360958661343,-1.1381638109759755,1.5152733016791968,-1.2723266150517436
42692,payload,-0.09361582893333455,-1.4056842990788898,-0.12986544435696634,-0.15006204317956162,0.30251951773141295,-1.789711619252007,-1.2723247446241543
42695,payload,-0.09361582893333455,-1.4055287291499696,0.8891613872186149,-0.1507295307012074,-0.7395274105234579,0.8179864492613714,-1.2723180175398832
42698,payload,-0.09361582893333455,-1.4055638578435965,-0.30551908866056515,-0.15276919748866272,-0.20159038437812538,-1.9196068485918751,-1.2723249613294052
42709,payload,-0.09361582893333455,-1.4059753653975144,-1.347912497957117,-0.15211374662724333,1.3136823750792648,-0.4801767456793009,-1.2723256790694908
42719,payload,-0.09361582893333455,0.17769389150838505,1.0094937778252173,7.541801538225143,1.0203036329423112,-1.7914380127076954,-1.1174492535754499
42738,payload,-0.09361582893333455,-0.4121996778404017,0.842815555299197,0.6645222203675323,0.9880700550175385,-1.1426075795026518,-1.2723323738785117
42740,payload,-0.09361582893333455,-1.4052978834489913,0.9342588530980191,-0.15245186735542127,-0.8483134268847196,-0.1001093980106475,-1.2723179376202163
42741,payload,-0.09361582893333455,-1.4055964773448217,-0.007470240503840339,-0.15271776812224083,-0.5013880352551431,-0.7274484460173145,-1.272326796407911
42747,payload,-0.09361582893333455,-1.404462322379146,-0.6444747369154037,-0.14941425201101358,1.1119573271423076,0.49143922334944207,-1.2723210160643093
42749,payload,-0.09361582893333455,-1.360950416937141,1.848229760919016,-0.14986507964858417,1.5269219846958009,0.8906143014841759,-1.2723251826454058
42758,payload,-0.00899950057083431,-0.3266939283595639,-0.7588468106591104,-0.1186332290865941,-0.03431082248221586,-0.06256274613740774,0.9055249245638912
42767,payload,-0.0247889724970164,1.0390168397444022,-0.3794114859901436,-0.14984538329548644,1.6630471853742188,-1.7431875289461496,0.9086259490366481
42801,payload,-0.09361582893333455,-1.4052928650641874,-0.5974843365274254,-0.14969766064725334,0.7717989159475764,0.5551165819650232,-1.2723164944554617
42803,payload,-0.09842918610008003,0.7619543239148208,-1.4511987706300964,-0.15067372436743046,-0.8203762981756911,0.7151332391513239,0.7778412748598245
42804,payload,-0.06595993535511536,0.7618037723707048,-1.144553087597508,-0.15079080824417818,-0.8360181345601433,0.7306024558738381,0.7778411396111572
42805,payload,-0.07081356388443498,0.7619292319908018,-1.4531489785417504,-0.15088491304231183,-0.769629778518176,0.6648859513649433,0.7778448697079189
42806,payload,-0.058570450102473665,0.7632841958878482,-1.4521539745051921,-0.15101293933744717,-0.8504125519937469,0.74483028599778,0.791773343030409
42807,payload,-0.08913517517739385,0.7618112999479107,-1.1444133016645672,-0.15057195987642544,-0.8070776259935343,0.7019812774128108,0.777839375230818
42808,payload,-0.08261833937376244,0.7618062815631065,-1.1460237521003234,-0.15077658310027423,-0.8294193563688654,0.7240731472914268,0.777842160123827
42809,payload,-0.08534378128089508,0.7618062815631065,-1.1433823804091283,-0.1506398028704288,-0.8362135602882186,0.7308112782706522,0.7778419925999096
42810,payload,-0.05864479723337975,0.7632892142726518,1.7349148182931742,-0.15075250977982144,-0.8296293661064986,0.7242877435793968,0.791743889559316
42811,payload,-0.09462778631888015,0.7616908587126174,-0.8388664913825975,-0.15100527964457583,-0.7233206868354649,0.6190383686395482,0.7778412840813245
42812,payload,-0.06550765697543662,0.7618087907555084,-1.144332730605997,-0.15065840498168775,-0.7528387221805649,0.6482889012365955,0.7778417697469927
42814,payload,-0.09361582893333455,-1.4044598131867438,-1.0619696940344596,-0.147796962573321,1.3281506848279614,0.7457569955283415,-1.272322065778396
42815,payload,-0.09361582893333455,-1.4048136093154173,1.2579642443632668,-0.14703537025354158,1.824124654138824,-1.8763834993969488,-1.2723222409868968
42818,payload,-0.09361582893333455,-1.4052175892921293,0.9309049614430835,-0.15066497043272034,-0.8994313526523079,0.43654010392159165,-1.2723232322981497
42825,payload,-0.09107386954968394,1.0370847615949095,1.6220784483405266,-0.1512131855939409,-0.8118077064267989,0.7066379206302446,0.9144587706579166
42826,payload,0.03460199390846976,1.0387859940434239,0.6681122611924675,-0.14389161345077378,-0.5814192461048322,0.4792919186720987,0.8981016170405353
42828,payload,0.1051481277469914,1.0378450468926972,0.7250604678311925,-0.14124683092648221,-0.8422406453048285,0.7377505331251496,0.9086533046164841
42829,payload,0.0033359275653354246,1.0382741187934283,0.5914678283081155,-0.13218541425968103,-0.538625872992868,0.4379922375473628,0.8853397664451319
42831,payload,-0.03385002907619682,1.038557657534847,0.5766252802896014,-0.13360902289191243,-0.34700657141220126,0.24783490621077528,0.879595442022725
42835,payload,0.004404667572110535,1.0390795695544506,0.5781483645172699,-0.13904631058872866,0.0010962359223461633,-0.09786527898129102,0.8805364668992695
42837,payload,0.08785622421708197,1.037355754374319,0.7788955252550466,-0.142316999444793,-1.2120668210094538,1.103365831229964,0.9211215749262134
42838,payload,0.13442850613550877,1.0370646880556942,0.7794022492619572,-0.14257305203506368,-1.2078131515550794,1.0991451167948196,0.924906425881288
42839,payload,0.13149179446471798,1.0380031260140188,0.7842054492355086,-0.145177347611321,-1.329867699812078,1.2196269789197802,0.9166534861279053
42840,payload,0.20505208490205762,1.0373080797186824,0.7658536918587919,-0.14464664031952065,-0.6932397087214316,0.5899408441581385,0.9182570896137836
42841,payload,0.1986024712959538,1.0378626112395106,0.8203158445095888,-0.148440376774514,-1.4308959953558642,1.3193747979030126,0.9235703842187512
42842,payload,0.11144285149704083,1.037433539338779,0.7911170870309188,-0.14488518504037112,-1.0987607339525611,0.9911483319798365,0.9195407623776561
42844,payload,0.08838594752478789,1.037114871903733,0.7257982269217134,-0.1476284493301514,-1.0832375141791792,0.9755617128038139,0.9121781215660745
42845,payload,0.23880878013054616,1.0370897799797134,0.8588394885981904,-0.14899953435412217,-1.0267886467845428,0.9196059712943887,0.9416639893252629
42846,payload,-0.021282266155945542,1.0377446791966196,0.6279073029659941,-0.13729224092119066,-0.3770136572111413,0.2773221683452244,0.8873581145793992
42847,payload,-0.031241683900241287,1.037842537700295,0.6351373420531023,-0.13806368141751899,-0.5910952503128175,0.4894299092271022,0.8877099101947563
42907,payload,-0.09361582893333455,-1.4053154477958048,-0.5019678319604097,-0.15206888271185404,1.6707572650938052,0.015259683495544202,-1.272322079610646
42915,payload,-0.09361582893333455,-1.3199778142058969,1.959619734759984,-0.14249098389715642,-0.6554058711264421,-0.7048455867713794,-1.2723225437594807
42917,payload,-0.09361582893333455,-1.4044874143031654,-0.1276589622349205,-0.15138498156262678,0.15228671847402947,-1.4711881774167381,-1.2723273865839129
42920,payload,-0.07516101236416893,1.058852005681721,-0.22372781538418157,-0.1397717929278289,-0.9695172412508433,0.8637551221409663,0.8033491550304133
42921,payload,-0.041588326284672954,-1.4048060817382113,0.9460144617640885,-0.14154337046478715,0.34596236540235376,0.5663054207104455,0.8796278878705776
42934,payload,-0.09361582893333455,-1.4048537563938481,1.4870054369581795,-0.146931417278859,-1.5140831858738732,0.10279860962910099,-1.2723209269231426
42939,payload,-0.09361582893333455,0.20186996030105675,0.36587565946138917,-0.14544543686181807,0.5587352867130382,-0.6520202565837785,-1.0989117884711253
42942,payload,-0.09361582893333455,-1.4056717531168799,-0.31593119919336926,-0.15053803837942378,0.4001050147522414,-1.5808507298302696,-1.272322500725814
42945,payload,-0.005347197765072348,-0.527825772914102,1.8196202399771164,-0.1496418543134764,0.9084442796335579,-0.997045858825768,0.8826128198056356
42946,payload,-0.015241561769825258,-0.5278232637216999,1.8268065959601811,-0.15164103415289748,-1.2376588409815792,1.1275286034032517,0.8822492237440748
42947,payload,0.0055539503040339415,-0.527825772914102,1.7524298015435364,-0.14683840672256412,1.3433277774411698,-1.4276376410562972,0.8846888960670013
42950,payload,-0.09361582893333455,-1.405343048912226,-0.31521964996527446,-0.15053584989574625,0.33736655016895356,0.5005619713761561,-1.272324315824403
42951,payload,-0.09361582893333455,-1.4044874143031654,1.4958129214691,-0.14774662744873787,-0.9858464706191223,0.5896723582193778,-1.272323493573984
42954,payload,-0.0736948249867583,1.0446650318411643,-0.5641580110844173,-0.13277083364341954,-0.6502635493563423,0.5485420445685558,0.8497212568973147
42955,payload,-0.08889168832367637,0.7617034046746273,-0.8378782824955571,-0.1507393788777563,-0.7592226292976904,0.6545997642702656,0.7778420725195767
42956,payload,-0.09171074565980827,0.7616983862898233,-0.8386170123217239,-0.1506901379950119,-0.7604933826638314,0.6558623218030761,0.7778417958745759
42957,payload,-0.08294236895262817,0.7617008954822253,-0.8393392396419183,-0.15071311707362595,-0.7857441368123029,0.6808526850420791,0.7778415930015753
42958,payload,-0.0933080875717315,0.7616983862898233,-0.8379530291402547,-0.15025900671053904,-0.7645545431920424,0.6599252165466198,0.7778416160553254
42959,payload,-0.09075972194363446,0.7617034046746273,-0.8381520299475664,-0.1505314729283912,-0.7894338912304404,0.6845229551870041,0.7778420064321597
42960,payload,-0.09136939939503565,0.7617008954822253,-0.8385975976088155,-0.15091226908828093,-0.8205999196555781,0.7153305137658259,0.7778418911634094
42961,payload,-0.08012151489416605,0.7616958770974217,-0.8388101887151629,-0.15073171918488493,-0.7868019636388993,0.681897759341342,0.7778421201639932
42962,payload,-0.09294806778591297,0.7617034046746273,-0.8380336001988247,-0.15065621649801025,-0.7838433542332623,0.6789771327315238,0.7778415791693248
42963,payload,-0.09206798362381206,0.7617059138670292,-0.8374754272027067,-0.1507623579563703,-0.7546753351175508,0.6500970914836625,0.7778417205656589
42964,payload,-0.0936530303789617,0.7617134414442351,-0.8376986964011539,-0.15065074528881642,-0.9058726235403608,0.799749614044677,0.777841672921242
42965,payload,-0.09361582893333455,-0.39781196860768964,1.8146733711280425,0.6671243274601122,0.9819953289030396,0.40501562052421447,-1.2723043835520902
42967,payload,-0.09361582893333455,-1.4054785453019307,-0.9428410156281813,-0.14978191726883813,0.9495575748444571,-0.27674138931395736,-1.2723222870943969
42969,payload,-0.07770368424115741,1.0727378764340452,-1.5320202789967026,-0.15184894010226255,-0.8528111354323622,0.7470984629069535,0.7552924065246281
42984,payload,-0.09361582893333455,-1.4053154477958048,1.0824406786361545,-0.15116613319487407,-0.801468615917583,-1.8706942919777574,-1.272324601690904
42986,payload,-0.03709342266197524,1.0406101769196325,-0.8045208935118956,-0.08075714207963156,0.7087337695501925,-0.8049571608974488,0.8712699567286138
42987,payload,0.04017493092930586,1.0383920508363194,0.4215725878531643,-0.15228663683776797,-0.7644262039079334,0.6596480697711244,0.9582198524360195
42988,payload,0.027260214731492812,1.038720755040973,0.34307113767911823,-0.15156553146602278,-0.808610891531717,0.7034430341905092,0.9287523170188885
42989,payload,0.043780766778251504,1.038545111572838,0.3421295241030583,-0.1427404710363945,0.02281960429242443,-0.11945963190528562,0.9380478595454685
42990,payload,0.029704376660030722,1.0387659205042081,0.3372360457144823,-0.15196055276981643,-0.6903209622752526,0.5863244636640047,0.9319714258733504
42991,payload,0.03030844709864274,1.0387985400054334,0.34667644986621843,-0.14516640519293336,-0.2907959095070096,0.19130466253131273,0.9317586720354308
42992,payload,0.02590028179533548,1.0388838525470994,0.34955273958360583,-0.149407686559981,-0.2630785132086528,0.16357266330833237,0.9287727303461195
43001,payload,-0.09361582893333455,0.014016761937573905,-0.8855676125482399,-0.13974334264002106,1.359472276021716,-1.444473345352433,-1.1402100289074792
43002,payload,-0.09361582893333455,0.013989160821152629,-0.8851967915316884,-0.14289257065198266,1.5437538762601737,-1.6263682384445721,-1.1402101134378964
43005,payload,-0.05097774935868862,1.0516255315641398,-0.2600964263399444,-0.1516191493161222,-0.6699004320923432,0.566114882302293,0.8437522291098676
43010,payload,-0.09017324699267021,1.0781150757513984,-1.2456338488840866,-0.1507623579563703,-1.2904383715714591,1.1802596267019685,0.7555455812710081
43011,payload,-0.06297211003182664,1.0771841653702794,-0.8277923391396149,-0.14110567372928173,-0.5320514014841866,0.4306074307586491,0.769395528910001
43013,payload,-0.07756366381128425,1.0722611298776772,1.9389916022947509,-0.15234572589706122,-0.1653218971423457,0.06655878178753638,0.7552720746539809
43016,payload,0.1074900623705334,1.0399904063963537,1.3696017557938174,-0.02488953075971824,1.3482445331967756,-1.4417268977924915,0.9206731349167189
43017,payload,0.03434797454454062,1.0401434671328722,1.248239414667422,0.018005843561652832,1.7861945620807527,-1.8672694122069688,0.8951931282668838
43022,payload,0.034518353386200414,1.039859928391453,0.06014343867114387,-0.14906190613893172,0.5007162076226727,-0.5928917618840494,0.9393476499544747
43023,payload,-0.020653413340364822,1.039902584662286,0.040046298603956816,-0.14877193205165937,0.867945457358696,-0.956529502267883,0.9285168521633145
43024,payload,-0.025563421777288233,1.0397495239257677,0.01175712042504754,-0.1468570088338231,1.0218164808671129,-1.1090256662233007,0.9284945084687443
43028,payload,-0.021183136648070748,-0.5279637784962086,0.6846477721765982,-0.15141562033411216,-1.3391149341390625,1.2279365706086702,0.8822240183106622
43029,payload,-0.022982956775422485,-0.5279662876886105,0.6816384916757879,-0.1490980161196109,1.5439590246612878,-1.6259274980863194,0.8821410770655679
43030,payload,-0.0200958098585691,-0.5279562509190029,0.6785185473113993,-0.15123835315623246,0.05957228064552462,-0.15650203061755488,0.8821198414879177
43032,payload,-0.04764451965639867,0.2787942717672671,-0.5405419543025729,-0.14236624032753736,0.8101081922541519,-0.9000358265657428,0.7212771423611053
43034,payload,-0.027784542313107837,1.0308092713976633,-0.5887438327760389,-0.15113111745603364,0.21651080749761056,-0.3113780000444983,0.914925329378051
43039,payload,-0.09361582893333455,-1.4052577363705603,0.20510048039518486,-0.14996465565591166,-0.2844664493589003,0.5298086547124325,-1.272323530459984
43055,payload,-0.09361582893333455,-0.02323721765399809,0.6460134642244191,-0.15228116562857416,-1.4264080094812601,1.3133381946992597,-1.1644265471200888
43056,payload,-0.09361582893333455,-0.023184524613557498,0.6465648420710188,-0.15127118041139537,1.5410665294323134,-1.6238960507145481,-1.164426373448505
43057,payload,-0.09361582893333455,-0.0232171441147827,0.6461697526633321,-0.15077330037475795,-1.632553956848855,1.5173547894409884,-1.1644264948649221
43058,payload,-0.09361582893333455,-0.023199579767969117,0.6464036999538789,-0.15105342628548143,1.3659660493441779,-1.4506388987920065,-1.1644265286770887
43065,payload,-0.07251549362276036,1.0689866337931484,-0.2502919963211749,-0.15198900305762428,-0.6145667552952305,0.5112802379923527,0.767189137484059
43070,payload,-0.12760176114878358,0.7619442871452132,-1.4526383715922582,-0.15074813281246638,-0.814840208147529,0.7096461179225977,0.7778339683579679
43071,payload,-0.09192248009303458,0.7619919618008502,-1.4541643680268628,-0.15038922148935194,-0.8764770938755467,0.7706828836494344,0.7778419664723264
43072,payload,-0.09833501306759898,0.7619518147224191,-1.4530179292296184,-0.15107640536409545,-0.7434845384501563,0.6389881248992334,0.7778412564168239
43073,payload,-0.07597356454903013,0.7619668698768306,-1.4486350577905347,-0.151120175037646,-0.8477368723735322,0.7421675598596028,0.7778437692755821
43074,payload,-0.09465969362922734,0.7619518147224191,-1.4522491065984438,-0.15083567215956747,-0.798162907084469,0.6931308645856283,0.777841682142742
43075,payload,-0.09701504171430367,0.761961851492027,-1.4523413264847587,-0.15095603876183145,-0.8341056847734565,0.7286932225315382,0.7778415653370747
43076,payload,-0.09868010766688812,0.7619568331072227,-1.4515191133930858,-0.15067153588375293,-0.6867857983584285,0.5829082447299503,0.7778411734233236
43077,payload,-0.06432429847518126,0.7619518147224191,-1.4530752026326983,-0.1505818080529743,-0.8267845119754128,0.721484519423087,0.777840251273321
43078,payload,-0.09636964666209633,0.7619769066464384,1.7361127060796258,-0.15079299672785568,-0.9061506919892639,0.8000113637770888,0.7778416145184086
43079,payload,-0.07399840910462485,0.7619693790692326,-1.4512890490451205,-0.1506036928897496,-0.7949378964375752,0.6899629229712881,0.7778451417421697
43080,payload,-0.016709917605220646,1.0313336926096681,-0.5413486356239192,-0.1528151556458908,1.2077062112261503,-1.2924150348096897,0.9169563540010247
43081,payload,-0.021536285519874708,-0.5279010486861602,-0.5055556709058922,-0.14684497217359668,0.888124865250249,-0.9772096557588207,0.8820754937573618
43082,payload,-0.025622279922588885,-0.5279236314177777,-0.5059721164977784,-0.14882007869256494,-0.6982478576035992,0.5939700578699376,0.8820682395106723
43083,payload,-0.017998601207592977,-0.5279135946481698,-0.5033055056798021,-0.14645323359531934,0.7928912828374511,-0.8829605057866269,0.882189111859219
43099,payload,0.06580920210630348,1.035895404396391,-0.150166438909692,-0.09768178059978784,0.48844327744608534,-0.5839893840364613,0.9333020698845367
43107,payload,-0.09361582893333455,-0.04029972598717586,1.4389850860504074,-0.14823794203434273,-0.9649427235861958,0.857794541837436,-1.1402076236328882
43108,payload,-0.09361582893333455,-0.0404678418781058,1.4390151788554155,-0.149389084448722,1.1974886541299166,-1.2832913244677828,-1.1402099397663121
43111,payload,-0.032006839789149866,1.0384196519527407,-0.38279547045008744,-0.15231399288373706,0.8908744371855569,-0.9788821595637184,0.9086334445792551
43113,payload,-0.014460916895311253,1.0843228177537927,1.5828607282654474,0.23395556468348397,-1.0568822643735263,0.9822498033930193,0.8283207726990652
43146,payload,-0.023171922399808816,1.0441079911279338,0.5416506457206659,-0.1500565719703678,1.8352658651737221,-1.9135375266715704,0.9292238614967054
43152,payload,0.037250610446999434,1.0380181811684306,-0.8940062175138997,-0.151180358338778,-0.7838812726581128,0.6790002282961481,0.9133765892065947
43159,payload,-0.0023578235432230835,1.0326460002358815,-0.7546085788311948,-0.1414941295820428,-0.7017966332626775,0.5987315934433747,0.9292246806732914
43160,payload,-0.013574946918680284,1.0327112392383322,-0.760875648158044,-0.14408310577255742,-0.5955501790990905,0.49327820768267494,0.9280500091135956
43162,payload,-0.09361582893333455,-1.3528306703244697,-1.4701950964753738,-0.15045815872519405,1.4931463908271103,-1.4357432219243365,-1.2723216999922284
43169,payload,-0.03113016320388215,-0.5279085762633661,-0.410715769083736,-0.15027760882179805,0.05368520212067037,-0.15066366434349635,0.8796323833518414
43170,payload,-0.025551030588803883,-0.5278935211089543,-0.49788977151398867,-0.14998544625084817,-0.8197112673398528,0.7140737301241707,0.8820247217151188
43171,payload,-0.02418799985552545,-0.5279161038405717,-0.49991666754163144,-0.15265758482110883,-0.9019407745635628,0.7951930516072833,0.8820080492430662
43172,payload,-0.0248354394538327,-0.5278759567621408,-0.4971481294808858,-0.15042314298635362,0.24353303267370968,-0.33865963575729896,0.8820107572902413
43174,payload,-0.09361582893333455,-1.3742792469762348,-0.7134008506829995,-0.1484283401142876,0.8789340224268886,0.3372724802195119,-1.2723231293247328
43175,payload,-0.09361582893333455,-1.405714409387713,-0.9429681819977317,-0.151925537030976,0.915462105032798,-0.24929616001839922,-1.2723239362059853
43180,payload,-0.09362314252255773,1.0370822524025078,1.6212853573182155,-0.15135215430746388,-0.7849196541386321,0.6800116215636663,0.9145292505826381
43181,payload,-0.0935193945089551,1.0371023259417234,1.6223793763906074,-0.15124054163991,-0.835388105347244,0.7299731017378177,0.9145322506439814
43182,payload,0.3423371599172845,1.041586252763986,1.8295673681357634,-0.15019006947469696,-1.1354084054368447,1.0269926482772054,0.9923589167743486
43184,payload,0.24388916740912933,1.0397595606953753,1.778440663162639,-0.1504712896272592,-1.3493383248391193,1.2386288547146642,0.9737833960763209
43186,payload,0.0019759946291780885,1.041571197609575,1.5993156681910088,-0.14219225587517395,-1.148751801914979,1.0407855119340506,0.9026904552340566
43187,payload,0.007437410953655034,1.0415887619563884,1.5992399508106654,-0.14160574224959668,-1.1918222712085424,1.0834016402423885,0.9026488047922588
43188,payload,0.0022455029787126803,1.0416088354956037,1.600977567615972,-0.1416801506946326,-1.1861986771230333,1.0778375337982466,0.9027002961115039
43189,payload,0.008747779135874982,1.0416540009588386,1.6016609655103502,-0.140382379873859,-1.2570361283474503,1.1479248739123458,0.9026371687961385
43194,payload,0.04799996645717245,1.044798019038467,0.609300242114531,-0.136837036316265,1.1513885999175342,-1.2382174431573112,0.9108326539935908
43207,payload,-0.09361582893333455,0.012885116164299798,-0.8837222440862913,-0.146084474095656,1.7574990648747155,-1.8374155079841041,-1.1402096431413948
43208,payload,-0.09361582893333455,0.013008066591994723,-0.88525794787735,-0.1425063032828991,1.4579755933773857,-1.5416075162723155,-1.140209904417229
43215,payload,-0.05872843775564911,1.0391046614784696,-0.8906057305479839,-0.15114534259993756,-0.7601064202768962,0.6554716218348436,0.9083859748675597
43226,payload,-0.09361582893333455,-1.3896706331697222,-0.6828255900591197,-0.1503060591096059,0.43695783463763904,-0.09756407432597863,-1.272323942353652
43228,payload,-0.09361582893333455,-1.404903940241887,-1.0904044825601824,-0.14730893071323245,1.336658996004015,-0.33970278542617643,-1.27232225789298
43229,payload,0.13556849547606892,-0.7326712222235081,-1.4353029744362988,3.765912167622048,-1.0287351259268647,1.2273611061234406,-0.1381441629567425
43231,payload,-0.09361582893333455,-1.4048035725458095,-1.530280720720105,-0.15011784951333856,1.5888836077033066,-1.674756333278673,-0.6577953482928149
43232,payload,-0.09361582893333455,-1.404908958626691,-1.5178718069646662,-0.15003468713359253,1.5483050595095285,-1.6468915345591013,-0.6577949686743971
43233,payload,-0.09361582893333455,-1.4049340505507102,-1.5274073432096538,-0.14996465565591166,1.6351751985745482,-1.7234032908996075,-0.6577953897895651
43234,payload,-0.09361582893333455,-1.4046705853485069,1.6460643554032763,-0.14748619789111217,1.5730298170466137,-1.343860405010971,-0.6577951315875643
43236,payload,0.06418595641485372,1.043573533146321,0.6002345419219282,-0.1499274514333937,1.750565826730911,-1.8297420066375831,0.9611601246464375
43245,payload,-0.09361582893333455,-0.04363193349694942,1.4160796077610125,-0.15210170996701694,-1.6017943361567293,1.487686612050313,-1.1402143046096593
43246,payload,-0.09361582893333455,-0.04368713572979197,1.416365004040767,-0.14753215604834022,-1.43677335120768,1.3245482043789214,-1.1402127707668213
43249,payload,-0.09905339221997914,0.761964360684429,1.7354263959783118,-0.15098011208228426,-0.8012459667049997,0.6961679313337622,0.7778416237399086
43250,payload,-0.06975845418499264,0.7619718882616345,1.7350944043875776,-0.15067481860926923,-0.8217744185586374,0.7165160860832215,0.7778407599927393
43251,payload,-0.09396643761149921,0.7619718882616345,1.7355079377725275,-0.1508291067085349,-0.811833957644003,0.706662940825254,0.7778419910629928
43252,payload,-0.09847379437862369,0.7619743974540367,1.7355555038191532,-0.15094181361792755,-0.8314105598071648,0.7260266471325902,0.7778413102089077
43253,payload,-0.07773621111092884,0.7619743974540367,1.7353400005058692,-0.15110047868454826,-0.7638642334063038,0.6591572890228515,0.7778398255474029
43254,payload,-0.09441103345431766,0.7619718882616345,1.7355399720488267,-0.15099652570986571,-0.7916846900388694,0.6867035614136426,0.7778417451563258
43255,payload,-0.07657081983397576,0.7619794158388403,1.7380483529565987,-0.1507864312768231,-0.8009678982560966,0.695912917807699,0.777843286683747
43256,payload,-0.10013359407610228,0.7619693790692326,1.7348779303386483,-0.1511530022928089,-0.7695335240550942,0.6647637373354716,0.7778409674764899
43257,payload,-0.08243247154649722,0.7619819250312423,1.735816631707772,-0.15087178214024666,-0.8268020127868823,0.7214729716407751,0.7778431176229134
43258,payload,-0.09766557910973202,0.7619844342236443,1.7367485379273777,-0.15112455200500105,-0.7998488185893571,0.6947706496739744,0.777841345557991
43259,payload,-0.05454641164218122,1.0546817279097003,-0.3685819591298077,-0.14955869193373036,-1.424101791436511,1.3125837395881894,0.8427598896594954
43260,payload,-0.056820194729059324,1.0546666727552887,-0.3700594187821412,-0.14856840306964936,-0.8795134846654922,0.7738816193499405,0.8427508387572171
43262,payload,-0.07501262788206885,1.0546817279097003,-0.3679140930057568,-0.15084223761060006,-0.7165303719853272,0.612346428789572,0.8427520913443044
43271,payload,-0.09361582893333455,-1.4053204661806087,-0.3397714959093062,-0.15165307081312387,0.4021039963289714,-1.2279351053234038,-1.2723246308923208
43272,payload,-0.09361582893333455,-1.4055663670359986,-0.27487490580586016,-0.1518259610236485,0.3887324040990254,0.24960941542609802,-1.2723246554829875
43275,payload,-0.07302136389263392,0.18475224973503626,-1.3716722236144838,0.13759334563644693,-1.570796509975159,1.4609477221061904,0.641412326462075
43276,payload,-0.081779455913372,0.1847572681198402,-1.3716722236144838,0.13760757078035085,-1.5712058345100828,1.4613316858680743,0.6414064400712233
43277,payload,-0.10921571567570611,0.18477985085145754,-1.378033454298939,0.13760757078035085,-1.5735013576144892,1.4634872718997027,0.6413826286212315
43279,payload,-0.10066455650265664,0.18476730488944804,-1.3665807151542415,0.13719832433265328,-1.5664524196615257,1.4568655810587932,0.6412768887542319
43286,payload,-0.09361582893333455,-0.6805051121872192,-0.7970996195026387,-0.1317838275048548,0.202803783047834,1.3690572066712832,-1.27231704467163
43339,payload,-0.09361582893333455,-1.4057169185801148,-0.41627031844684503,-0.15247156370851903,0.48663680479551896,0.5346654594899463,-1.2723245940063208
43432,payload,-0.09361582893333455,-1.405501128033548,-0.21501158002393095,-0.15215861054263263,1.4969605954601417,0.01587460290367397,-1.2723258250765745
43435,payload,-0.09361582893333455,0.01862865757233581,-1.1463033239662053,4.854693739610197,-0.9117451180556573,-1.8466623946706757,-1.4151888860788175
43437,payload,-0.07541472194838597,1.0686930582821215,-0.30822355816871283,-0.15227897714489663,-0.4548679615674946,0.3531785880395079,0.7663491218449994
43440,payload,-0.010009382432308775,1.0291883331060112,-0.7462738425795953,-0.15096041572918653,1.382900028975456,-1.4659541450836897,0.91508174138771
43441,payload,-0.01151181403603612,1.029210915837629,-0.6802191648511596,-0.1445678549071297,0.9134067319524439,-1.001953666308494,0.9161626349028609
43445,payload,-0.09361582893333455,-1.2344218808770202,-0.8707891330823241,-0.1405563643262224,-0.010916126616807615,1.0039885035959173,-1.2694888813108987
43446,payload,-0.09361582893333455,-1.2343742062213836,-0.8712968278248803,-0.14091199292382056,-0.026237114790986886,0.9759389403593494,-1.269484210621134
43450,payload,-0.09361582893333455,-1.4047935357762016,1.5360518554431632,-0.14950616832546973,-1.442090681092474,0.9107748047710598,-1.2723261278491589
43461,payload,-0.06446338956591807,1.064148910842212,-1.279608625738237,-0.14981693300767857,-0.9184664019272211,0.8122972418421797,0.8182472952085377
43463,payload,-0.09361582893333455,-1.4055989865372238,-0.3843826232303537,-0.15050083415690582,0.5438664028351524,-1.6839618404119585,-1.2723258127812411
43476,payload,-0.04793571258578088,0.8268596037757486,0.5354622059810957,-0.1407161236346819,0.011576305190621316,-0.1082650192687068,0.936257308589502
43477,payload,-0.04767239983048846,0.8268596037757486,0.5354622059810957,-0.1406975215234229,0.01197882385441825,-0.10866438007367372,0.9362614659490984
43478,payload,-0.0649999280272904,0.7632390304246132,-0.22482474666350924,-0.1503027763840896,-0.7157340850634683,0.6116044837760076,0.7917682189502261
43479,payload,-0.07317191683271876,0.7619217044135959,-0.22617989362451926,-0.1506091640989434,-0.7260566470285185,0.6217857785146821,0.7778396057683187
43480,payload,-0.09737717419775878,0.7619242136059975,-0.2261779521532284,-0.15085208578714893,-0.6638159833048055,0.5601543019987627,0.7778412979135745
43481,payload,-0.09355794659412703,0.7619367595680073,-0.22138251806484024,-0.15035311150867273,-0.7279661800132938,0.6237017480633306,0.7778418634989093
43482,payload,-0.06615075965777434,0.7632340120398092,-0.22584401909120305,-0.1507295307012074,-0.7540764184583748,0.649512003846506,0.7917665590802209
43484,payload,-0.05695030220814498,1.0477162098019208,-0.33070676645234887,-0.13956607546214136,0.011798954403204977,-0.1085084850124576,0.8429379107175559
43485,payload,-0.0030889036637996997,1.0484062377124532,-0.201551359564499,-0.14192416662467688,-0.44438400323000393,0.3437122934890026,0.8586637235569509
43488,payload,-0.09361582893333455,-1.405506146418352,-0.584948256402436,-0.15055116928148896,0.3051358890460924,1.4696528253392762,-1.2723255468946568
43491,payload,-0.09361582893333455,-1.3371958924679948,-0.75317383154726,-0.15075469826349897,0.041959658436154235,1.4841876340096871,-1.2723205749692246
43508,payload,-0.09361582893333455,0.2378567977296502,-0.7805272205639819,-0.14246362785118732,0.7292213861770682,-0.8204225283591922,-1.0989111306707897
43529,payload,-0.0009080544905542278,1.0558108644905722,0.4970463135491368,-0.12811264613580298,-0.51177282232764,0.4117373921451636,0.8765883124001809
43530,payload,-0.07398044188132255,1.0478215958828019,-0.2899960549546101,-0.15139264125549814,-0.8515714946199445,0.745952345512458,0.8509449607095818
43539,payload,-0.09361582893333455,-0.021290084350094374,0.058324280071621534,-0.04369626524254788,0.6610868380573741,-0.6552093691323579,-1.2723020612709997
43562,payload,-0.09361582893333455,-1.4054910912639405,-0.0036047711637674203,-0.15283922896634358,0.7251670315199846,-1.1523741163932766,-1.272325364001573
43564,payload,-0.09361582893333455,0.029425712477874476,1.813046418186314,-0.1469073439584062,1.3432052717608842,-1.4281091755007158,-1.1644250609216675
43565,payload,-0.09361582893333455,0.029480914710717187,1.8133308437304232,-0.1482269996159551,1.1363622087364238,-1.2233352387023388,-1.164425508164419
43566,payload,-0.09361582893333455,0.02948342390311915,1.813903577761222,-0.14676180979385067,1.3620614238518873,-1.4467136151210183,-1.1644251469890012
43567,payload,-0.09361582893333455,0.02949596986512865,1.8143141989392357,-0.147088988103641,1.3471001745801356,-1.4318891495776076,-1.164425274553085
43569,payload,-0.09958931112192723,0.7617611160998715,-0.5319742414960719,-0.15061682379181474,-0.7147802908383845,0.6106238845946549,0.777841079671407
43570,payload,-0.08099075676634317,0.7617485701378623,-0.5322576963045353,-0.1507568867471765,-0.692481340224423,0.5885377886071953,0.777840189796654
43571,payload,-0.07258519405798482,0.7617586069074699,-0.5323159404432607,-0.15068576102765685,-0.7735703779007088,0.6688054611447757,0.777844437834334
43572,payload,-0.07600887943621053,0.7617636252922738,-0.5319888025307532,-0.15074047311959504,-0.6961779005136876,0.5921984356001926,0.7778417928007427
43573,payload,-0.09566951353475939,0.761753588522666,-0.5330536995337819,-0.15094728482712136,-0.7463974512925119,0.6418846936292342,0.7778414101084912
43574,payload,-0.07211154087817057,0.7617661344846758,-0.5317305868490708,-0.15074047311959504,-0.6762415594480987,0.5724652002588636,0.7778430131125799
43575,payload,-0.09375866526079077,0.7617586069074699,-0.5327246201499837,-0.15064089711226755,-0.7433309202161468,0.6388803455976518,0.7778417774315759
43576,payload,-0.09685891273940087,0.7617586069074699,-0.532557653618971,-0.15099105450067188,-0.7349674768683684,0.630566904647991,0.7778412579537407
43577,payload,-0.09329663191797773,0.7617586069074699,-0.5321014078656223,-0.1505850907784906,-0.6768832558686444,0.5731147630139302,0.7778417297871589
43578,payload,-0.08008960758381886,0.7617611160998715,-0.5328459621056614,-0.15047238386909795,-0.7301635041200107,0.6258640703013081,0.777843329717414
43581,payload,-0.09361582893333455,-0.04881341580695124,0.2723821679794346,-0.15104904931812638,1.428127959416278,-1.5122492043736868,-1.1402136083864074
43582,payload,-0.09361582893333455,-0.048820943384156816,0.27320923474933495,-0.14608666257933353,-1.1953389620465935,1.0850856918295986,-1.1402153865989961
43585,payload,0.00958108656144746,1.0315243912322154,-0.32398830505037796,-0.14775756986712552,-1.2313196581604313,1.1220414821745255,0.9586052219960651
43587,payload,-0.09361582893333455,-1.4056140416916354,0.5084243060491366,-0.15153817542005368,-0.1843034717155468,-1.9164812488460135,-1.272321766079645
43602,payload,-0.09361582893333455,-0.046437210602315954,0.260081976616283,-0.14354036182053068,-1.2396840737755135,1.1290480990925111,-1.1402148317720777
43603,payload,-0.09361582893333455,-0.04650746798957013,0.2596888286798872,-0.1475660775453419,-1.2969865918629364,1.185446505590575,-1.140215809251081
43609,payload,-0.08518517406829539,1.0662867427686629,-0.2605701453349105,-0.1400847460937153,-0.9920398133446918,0.8859874900377149,0.7777225511207839
43611,payload,-0.09361582893333455,-1.4054885820715386,0.7633142474103661,-0.1507087401062709,-0.7250863242592692,-1.3730349147077956,-1.2723237164269012
43613,payload,-0.059351094976987664,0.9024364789221181,1.0004387557247143,-0.15056320594171535,-0.29175650960322047,0.19190226026597412,0.9223430394508899
43618,payload,-0.04462106966621745,1.0409564454711,1.3139669544833499,-0.15096150997102528,-0.533979407547735,0.43164769348194865,0.8731600230390607
43619,payload,-0.09320970773076001,1.0410442672051676,1.3199330957601179,-0.15106108597835277,-0.7115620860626176,0.6074193750029923,0.8732238727052614
43622,payload,-0.09361582893333455,0.012328075451069696,-0.8899252448605426,-0.14349549790514138,1.3369769274123757,-1.42193207427883,-1.140209875215812
43623,payload,-0.09361582893333455,0.012380768491510286,-0.8901116261044638,-0.14629128580318232,1.5403159390737355,-1.622776878145448,-1.1402097876115618
43632,payload,-0.09361582893333455,-1.4055312383423715,-0.37447723670446,-0.15142875123617733,0.4710105246879282,0.8295592517686782,-1.2723221410873131
43633,payload,-0.09361582893333455,-1.405508655610754,0.9972858063483815,-0.15224177292237867,-1.16695945171431,-1.343628487049532,-1.2723229172302322
43636,payload,-0.0538463094928155,1.050117506930575,-0.694488978838874,-0.14217584224759253,-0.5909134363269962,0.4888294245468626,0.8172573533481728
43641,payload,-0.062201068328387996,1.050207837857045,0.8496330317370014,-0.15163337446002612,-0.8391838369015018,0.7336674297625603,0.8515171747662987
43642,payload,-0.045559702193906905,1.0570554239219332,-0.6886160281840663,-0.151342306130915,-0.6221582184037464,0.5188777164386512,0.822096284770148
43643,payload,-0.046114207878581524,1.0570629514991394,-0.6890984837998414,-0.1472148259150988,0.2547909157850704,-0.3494144703508179,0.8220959358900632
43647,payload,-0.09361582893333455,-0.046188800554523984,1.417235753914711,-0.14392553494777546,-1.3527393158680114,1.241676506929918,-1.1402080201573896
43648,payload,-0.09361582893333455,-0.04626407632658209,1.4175716284480275,-0.1474457109430779,-1.312543840991953,1.2017856552472823,-1.1402077465862224
43651,payload,-0.09361582893333455,-1.3702846126723498,1.9035539268229478,-0.08309115992171427,1.8518167714872804,-0.24487047244721172,-1.2723172413969641
43655,payload,-0.04630317350296786,1.0864782140270572,-0.877179485836142,-0.15218268386308542,-0.07564773917300203,-0.02222634252055599,0.6934474252687941
43657,payload,-0.08310903043774268,0.27893980492657905,1.8386437464204661,-0.14702771056067024,1.1796164365504158,-1.2653095027771517,0.7201814222108246
43662,payload,-0.02504608965806665,1.037034577746871,-0.9022341728445029,-0.15175264682045136,-0.045672738195089255,-0.0518079115438888,0.9042748149862913
43672,payload,0.0013998043646558423,1.0496683614906284,0.11809538596723577,-0.15136528520952905,-0.6841188691439485,0.5802176114511854,0.8547053208974964
43676,payload,-0.05246469197681054,1.05517352962048,0.749974398170967,-0.14597723839545718,-0.5429330171489546,0.4409754146447059,0.880316709332078
43677,payload,-0.019343045158144882,1.0549828309979326,0.8439056914290071,-0.14120306125293167,-0.39810796863562375,0.29792148735997603,0.882594645765995
43678,payload,-0.052780667283161456,1.055622675060427,0.8813178432035994,-0.1414065902349417,-0.059647136153426615,-0.03766861441767444,0.8787734006241387
43679,payload,0.010234721753996883,1.054581360213623,1.0316119895061742,-0.15054132110494006,-0.12292715362496298,0.024720204154893247,0.9029247289792098
43681,payload,-0.005684857651270876,1.0550229780763638,0.9662649780632525,-0.14181693092447806,-1.0329547660256042,0.9263287052305308,0.8930663936951095
43683,payload,-0.09361582893333455,-1.3359111859582025,-0.5575560379598973,-0.15177453165722662,-1.2599937654857836,0.48746582391881943,-1.2723240760654024
43687,payload,-0.09361582893333455,0.2072923250816445,0.3719922647631978,-0.1444048128731539,0.8203938080616553,-0.9113276330367834,-1.0989115118261243
43689,payload,-0.07274504038943293,1.070040494601962,-0.38103552672493585,-0.15079080824417818,-0.5112468257162534,0.4091160455602722,0.7582844313301254
43698,payload,-0.09361582893333455,-1.404216421523756,1.1128072310962687,-0.15086083972185904,-1.2644827236276912,1.2719634529894934,-1.2723262984469093
43700,payload,-0.09361582893333455,-1.4056140416916354,-0.28483465352789744,-0.1503443575739626,0.6934040309702781,0.4958831949092905,-1.2723222379130632
43706,payload,-0.09361582893333455,-0.04672576772853886,0.27216084025227816,-0.14562708100705282,1.2593851352280636,-1.3339649178845254,-1.1402141493810758
43707,payload,-0.09361582893333455,-0.04669314822731366,0.2728355015258473,-0.14665347985181307,1.7042450678405536,-1.7855043772295605,-1.1402170603012514
43711,payload,-0.0279146497921935,1.0371324362505465,-0.8295697561063838,-0.13848168179992668,0.05485775648912196,-0.1511910130690912,0.922706220544949
43717,payload,-0.0713216026122933,1.051587893678111,-0.2603983251256708,-0.15175921227148392,-0.8091028587874685,0.7038799252879908,0.8437537844695394
43719,payload,-0.040513390683655656,1.0529102380739321,-0.3226292751467862,-0.15128649979713807,-0.6081468742878625,0.5050232646094734,0.846091749794812
43751,payload,0.022055915568066117,0.6644144876742888,1.2920991925989118,-0.1323966029345624,1.0745328140822423,-1.1627911783541607,0.48376800164690886
43752,payload,-0.22343521288674104,0.6645324197171801,1.3023462780719937,-0.13533026530428754,1.2700713251647568,-1.3558316060080515,0.48381532023739127
43753,payload,-0.3476475840509794,0.6643868865578678,1.2908809193639061,-0.13383115398518144,1.288905115107772,-1.374570769755331,0.48380933548387217
43758,payload,0.12925828274041404,1.0395864264196422,-0.2647646940587825,-0.1449486510670194,1.3406559868901708,-1.4246313683943292,0.939555196718711
43759,payload,0.0062571502505207694,1.0389942570127846,-0.4780353153581575,-0.14431946200973036,1.601720452916131,-1.6827753057793702,0.8994995149883499
43762,payload,-0.00918227060097845,1.0385877678436706,-0.4667932258485167,-0.14927528329749062,-1.3524816650324891,1.241771776133994,0.898302596559834
43764,payload,0.20169717061992,1.0386906447321502,-0.2228366800616834,-0.14617310768459585,0.8891574131269455,-0.9777735724617379,0.9624121200207933
43765,payload,-0.0033615098104553772,1.0381511683657334,-0.4581012588794017,-0.11495438802467094,1.4527097936596955,-1.5374570508462375,0.9143122041364554
43766,payload,0.09462181312953669,1.0391598637113122,-0.365053335058696,-0.14464664031952065,1.6086118835658698,-1.689563477148615,0.9262717150680837
43767,payload,0.0018025179903972041,1.0385400931880335,-0.5312908436016943,-0.14308078024825,-1.3032499378343836,1.1934260231683722,0.8965689315006293
43768,payload,-0.004482912368288995,1.0391071706708717,-0.48959386468820615,-0.14879600537211216,1.697147516522397,-1.7769542067424975,0.9007038828519727
43770,payload,0.049991850006031596,1.039307906063027,-0.38910039846710803,-0.14273281134352317,-1.3609880316739347,1.2505076734532468,0.9159161580393352
43773,payload,-0.001505929334924074,1.0382916831402418,-0.5352728012192183,-0.14118555338351146,-1.43724976218657,1.3259079557461946,0.8978559132460955
43776,payload,-0.04305977991718943,1.039290341716213,-0.5499328509363927,-0.1304379100431756,-1.4072154529031218,1.2966728201922302,0.8868366326050915
43778,payload,0.03754180337638164,1.037872648009118,-0.4927468140645391,-0.1405716837119651,1.8051100224772916,-1.8838096857389484,0.9114779930086215
43782,payload,0.03019382860516252,1.0384974369172009,-0.44452066719993755,-0.14251068025025415,1.589057643550697,-1.6703421934897973,0.9095391434261045
43783,payload,-0.07986253905484317,1.0390394224760195,-0.6217245763292764,-0.14427459809434104,-1.1655895270831753,1.0572632349785054,0.8783159066385331
43784,payload,0.04839648448867163,1.03804327309245,-0.44077265687296036,-0.15094509634344383,1.7965744878167302,-1.8752566283063072,0.9165515455189177
43786,payload,0.019617949233770398,1.038439725491956,-0.45778091611641214,-0.13838867124363177,-1.3792306830962044,1.2687262246812803,0.9057697277251616
43790,payload,-0.019451468057382935,1.0389440731647455,-0.4690967815351049,-0.1404513171097011,-1.4685810760533635,1.3568762209621956,0.8973420236401451
43792,payload,-0.06054994246284846,1.0382440084846052,-0.5713851379645896,-0.13982212805241204,1.8542396616084926,-1.9323353916456039,0.8848573436711145
43794,payload,-0.003950091263461966,1.0382841555630362,-0.4613862283035122,-0.11783552678613543,1.6242799711675264,-1.706168225798505,0.9117314782121687
43796,payload,0.10605578230347,1.0393882002198886,-0.30971460812008217,-0.1455734631569534,1.5186703520879656,-1.6006060984210313,0.9264607465971786
43797,payload,0.009937333230372502,1.0264156755018699,-0.7092684290404352,-0.14850384280116227,0.015311756172040288,-0.1121113930938941,0.9482937575697055
43798,payload,0.12274051759764631,1.0391673912885184,-0.24493644776537743,-0.1476470514414104,0.8213476022867392,-0.9105029289166469,0.9436763219676777
43799,payload,0.0029703875050471084,1.038093456940489,-0.4541076524341325,-0.10822042374891987,1.4696836362504322,-1.5546045452648052,0.9191354651560476
43800,payload,-0.019965702379483433,1.0392577222149877,-0.4361762235918836,-0.14257742900241874,1.6326531371883435,-1.7134163838298562,0.9039042582291256
43802,payload,0.05852628107462717,1.0265110248131435,-0.5173394309056787,-0.15014848828482394,0.7925159876581622,-0.8817017975145865,0.9934831559503856
43803,payload,0.08727074056119646,1.038663043615729,-0.37116605741792297,-0.14781665892641874,1.3861862924624928,-1.4694415753420034,0.9247391463338455
43804,payload,0.05191248422110573,1.0388186135446489,-0.38771418796544443,-0.14298886393379384,1.4427907226257464,-1.5257629966246518,0.9183224285522396
43805,payload,0.2755486539866418,1.0382841555630362,-0.24874949738059796,-0.14843818829083646,0.7073424550383732,-0.797538673076991,0.9779088231550509
43807,payload,0.00862696504815257,1.0389014168939128,-0.42127931437722643,-0.14809678483714223,1.6657257817963445,-1.745899333159154,0.9079146824440766
43808,payload,0.09878525246027804,1.0399276765863055,-0.2879157684664692,-0.14780681074986987,-1.4789454455124795,1.3669141307371593,0.9298954571961517
43809,payload,0.005073791750265404,1.0389189812407265,-0.4543746047366237,-0.13750014687055573,-1.638667573655508,-1.9394930920488425,0.9021021527336219
43811,payload,-0.02745617581827258,1.0385375839956317,-0.5273069445128793,-0.1396317299724672,-1.5853980203444842,1.4722433778380017,0.8911849817624398
43812,payload,-0.04175870512633276,1.03724033152383,-0.5808459275648796,-0.14602647927820153,-0.07405127626006894,-0.023529317291460076,0.8911536271254245
43815,payload,-0.06993595796003094,1.0376894769637766,-0.22940564817425918,-0.13655909888921905,1.6680932526812366,-1.1736865109658126,0.9195476308582609
43816,payload,0.4445334869419553,1.0391046614784696,-0.1456466937446037,-0.14568398158266854,0.8838964747457752,-0.9725924674642874,1.0241107529973332
43819,payload,-0.028791326377461214,1.0382665912162226,-0.5615312004279034,-0.13247757683063088,-1.4821830956343236,1.3705285866009085,0.888094147047215
43820,payload,0.03588448191659994,1.0382665912162226,-0.452636987931317,-0.1444256034680904,1.755558419336217,-1.8348037845511398,0.9108241778981478
43823,payload,-0.09361582893333455,-1.405669243924478,-0.8428746588625479,-0.15186863645536028,1.5006357658687215,1.380055507008553,-1.2723222686513969
43824,payload,-0.09361582893333455,-1.4034812281499882,1.0926110759932484,-0.1481755702495332,-0.25138991568168334,0.45160611057836747,-1.2723234997216506
43831,payload,-0.021437156011999903,1.035983226130459,-0.3594784002470333,-0.1415061662422692,-0.09372704968822407,-0.0038576701224627094,0.9200635768587175
43833,payload,-0.02402381660810783,1.0362190902162411,-0.33122222708006827,-0.14078396662868523,-0.06733388145772053,-0.03000858548385094,0.9205503752344995
43864,payload,-0.09361582893333455,-1.4056817898864877,0.22760116192043822,-0.15063323741939622,-0.23164900034416996,1.1454892541596435,-1.2723265658704104
43867,payload,-0.09361582893333455,-1.405591458960018,-0.3417702406032317,-0.15246609249932522,1.3369924836892375,0.26276137716461107,-1.2723223255173135
43871,payload,-0.05991489405302556,1.0976265558688674,-0.7468193960123227,-0.14108597737618397,1.229327491529323,-1.314986137654266,0.6496419634848847
43873,payload,-0.09361582893333455,-0.010646090181073712,-0.5963864345124521,-0.11164977767160493,0.2868115671702986,1.2745270606628238,-1.1181931950164572
43874,payload,-0.09361582893333455,-1.3493805307718052,-0.7392408628285074,-0.15241247464922578,-0.9399068405118768,1.4771608084726549,-1.2717556781727806
43876,payload,-0.08963206183561626,1.037079743210106,1.6210252001652428,-0.15120443165923078,-0.8226008457669158,0.7173215438995043,0.9145270696978814
43877,payload,0.0642417167630333,1.0372930245642706,1.7036648963957255,-0.15063542590307374,-0.9757144730456281,0.8689160185193701,0.9368783381935389
43879,payload,0.2421234230501096,1.0426827698436332,1.8186689190446026,-0.14667755317226588,-1.4388384469610724,1.3273013881452111,0.9550519044637186
43880,payload,0.16261536214028233,1.0425824021475558,1.77731849275653,-0.14232684762134187,-1.4416259373212306,1.3302046930815614,0.939025147970877
43881,payload,0.2687644782914606,1.0432347921720597,1.8607095383765704,-0.1457901230410286,-1.104330853336358,0.9965959982856626,0.9603111933537665
43890,payload,-0.07458977857504043,1.0396767573461114,1.2729533734642386,-0.14396492765397095,-0.046205540677602866,-0.05107174042147992,0.8771747828959424
43909,payload,-0.05704013832465652,-0.15118344742121362,-0.028806039254586736,-0.15250001399632687,0.09473043862029969,-0.19111554578347126,0.7697749152534447
43910,payload,-0.07477099970662404,-0.151168392266802,0.5995521147631958,-0.14759343359131097,0.20704967436377777,-0.30238227762321934,0.7697601055243983
43911,payload,-0.0968387770581138,-0.1511382819579786,-0.5821214742029651,-0.15242013434209714,-0.254705347187836,0.15478095170790387,0.7697355133207375
43912,payload,-0.0631870971520301,-0.1511332635731747,-1.1632785781977126,-0.13578656415105195,1.428373943044154,-1.5123319634802581,0.7697885799795711
43913,payload,-0.07022777044883736,-0.1512562140008696,1.161814820155435,-0.1474938575839835,1.6551115396401372,-1.7357315108331768,0.7697591633944786
43914,payload,-0.10551756547255205,-0.15120853934523296,1.2426159430734875,-0.14599802899039369,1.0698357907373084,-1.1569836061662682,0.6388993601200018
43915,payload,-0.09208446390449625,-0.15108809810993998,1.7519259897435622,-0.14522987121958164,1.2722871223502468,-1.3573106844592182,0.769784256632974
43920,payload,-0.09361582893333455,-1.404379519029882,1.2024614631005761,-0.15172200804896596,-1.5462778731064917,-1.0783528317714557,-1.2723245048651537
43922,payload,-0.06677775379508241,0.7618037723707048,-1.1449044939011512,-0.1505347556539075,-0.8001725836015415,0.6951507641750876,0.7778422523388272
43923,payload,-0.05871914436428585,0.767130787840019,-1.1451860072383235,-0.15055335776516648,-0.8027627036990167,0.6977326558370783,0.8363024512706781
43924,payload,-0.08863859829888356,0.7618112999479107,-1.1441560567185303,-0.15063761438675127,-0.7895145894166606,0.6845912795656851,0.7778422231374104
43925,payload,-0.06286709470942178,0.7618062815631065,-1.1465576567053062,-0.15067481860926923,-0.819831828485531,0.7145943426434166,0.7778431483612466
43926,payload,-0.0797544259353172,0.7623432487371212,-0.8394450498272694,-0.15111032686109713,-0.9472348191810473,0.8406422358429047,0.7845877995899678
43927,payload,-0.06863550272859847,0.7618112999479107,-1.1464576709338274,-0.1505249074773586,-0.7768012221514258,0.6720195938883651,0.7778422907617442
43928,payload,-0.042195494520406066,0.75577669222125,1.7479818908162097,-0.1510424838670938,-0.5296917087377255,0.4273904110694815,0.8362940305042353
43929,payload,-0.0919917158586909,0.7618213367175183,-1.1421107167136244,-0.1508881957678281,-0.7602454545013478,0.6555976851250866,0.7778403680789877
43930,payload,-0.06094955829146873,0.767125769455215,-1.14435117458326,-0.150273231854443,-0.7322217940022762,0.6279417088023288,0.8362813862907784
43931,payload,-0.06790783018485508,0.7618112999479107,-1.1450200114429563,-0.15108515929880556,-0.8260932299223704,0.7207502729310638,0.7778413394103241
43943,payload,-0.005433936084462782,1.039729450386552,-0.046035626225194914,-0.14900828828883228,-0.54655665739043,0.4442915527987204,0.9086705150093713
43946,payload,0.0033297319710932365,1.0397946893890024,-0.017699852735305367,-0.14526707544209963,1.4171734237037208,-1.5002780033766059,0.9162063571083319
44034,payload,-0.09361582893333455,-1.4043142800274317,-0.32203906787436914,-0.14954665527350397,-1.2620549721699603,-1.4692972280630996,-1.2723251826454058
44035,payload,-0.09361582893333455,-1.4047282967737513,1.1522161860934947,-0.14738443340010715,-1.4525308874012912,1.2488303580723854,-1.2723197035374718
44047,payload,-0.05517526445776195,1.0534321500935353,-0.33346753862793116,-0.15176906044803282,-0.8682886586424626,0.7624541264367303,0.8363324780116896
44048,payload,-0.09361582893333455,-1.405302901833795,-0.29604470876123923,-0.15182814950732604,1.5289695796377234,0.9019166934223357,-1.2723254854179902
44057,payload,-0.18942759609144438,0.7995721364046737,0.9015072031571014,-0.1517898510429693,-0.7918315024017519,0.6867064483592208,0.5970640333943744
44058,payload,-0.23528738467202112,0.7995846823666836,0.9014072173856228,-0.151018410546641,-0.5820852492079741,0.47917451621859036,0.5970610533129483
44059,payload,-0.05238724704878336,0.799577154789478,0.9010412500472983,-0.15124710709094258,-0.8041481846070131,0.6989519091862185,0.5970619155232011
44060,payload,0.016284719531480415,0.7994341308225673,1.1976126385516899,-0.15157866236808792,-0.6879330737769798,0.5838907685416882,0.5954540025229753
44061,payload,-0.0006323505467774476,0.7994717687085965,1.1971486269131777,-0.15134777734010882,-0.7200042830620085,0.6156587176828157,0.5954585640916564
44062,payload,-0.17658722702453747,0.7994717687085965,1.197285500639182,-0.15108625354064434,-0.7772202693593881,0.672315024652521,0.5954603038813284
44065,payload,-0.09361582893333455,-1.2484432480190493,-0.83346434751582,-0.1488944871376009,0.0843592632900564,0.0493891541195367,-1.2737581023134144
44067,payload,-0.09361582893333455,-1.405225116869335,-1.2568555529451737,-0.1440688806286535,1.8518264941603195,1.4650231269472387,-1.2723201215788065
44071,payload,-0.09361582893333455,-1.4055387659195773,-0.32446978993050757,-0.15263898270984985,0.1622164844483214,1.2423510898799945,-1.2723248660405715
44072,payload,-0.0780512570781434,1.0498164038423425,-0.23661724328410463,-0.15181501860526087,-0.7058529324543692,0.6016849387697445,0.8538668744503584
44076,payload,-0.09361582893333455,-1.399694856815464,-0.7372362937207094,-0.14918883819222828,0.46362226544591834,-1.8894738729631297,-1.2723231708214828
44078,payload,-0.07410497332559025,1.065042183337302,-0.40222183218628715,-0.13288354055281218,0.19268928628580909,-0.2881044071092573,0.7922891215069484
44112,payload,-0.09361582893333455,-1.4047282967737513,1.9542340933991784,-0.14995371323752402,1.494751604145779,-1.571576898318303,-0.657795549628899
44113,payload,-0.09361582893333455,-1.4043870466070878,-1.4457335289463662,-0.14750808272788743,1.6586515648934808,-1.8275806467147984,-0.6577947427476464
44114,payload,-0.09361582893333455,-1.4049992895531607,1.7529685598267462,-0.15012222648069362,1.7905503196020323,-1.6647954087191243,-0.6577956818037326
44115,payload,-0.09361582893333455,-1.4047157508117416,1.959594495633203,-0.15006313742140037,1.627117047160181,-1.7078513150705221,-0.6577959446164835
44186,payload,-0.09361582893333455,-1.4047584070825745,1.7030047961568378,-0.14882445565992003,1.6343361318913199,1.180203812420792,-1.2723286407079168
44204,payload,-0.09361582893333455,0.06296859650698028,-1.1574298959340406,-0.12468657493863422,0.6585949169575884,0.9806052067287099,-1.2723214802131444
44207,payload,-0.06122526223524549,1.039992915588756,-0.9326550865007606,-0.15132589250333356,-0.6415530065810868,0.5381066986190102,0.904674777570133
44209,payload,-0.06049108431754781,1.0399904063963537,-0.9326774134206053,-0.15079737369521076,-0.7430149333423932,0.6385878017790736,0.9046748989865502
44231,payload,-0.09361582893333455,-1.359570361116075,-0.8085232365779736,-0.14300199483585901,0.9599384728477388,-1.415013028043379,-1.272325777432158
44233,payload,-0.009191563992341724,-0.477677053568971,1.3082172872555105,-0.14502853072124916,0.41191709022680056,-0.5056415303083002,0.8813091056483672
44299,payload,-0.09361582893333455,0.20914410907427455,0.37293679054619444,-0.14293524608369443,1.0940433020687415,-1.3749710928754906,-1.0989110891740397
44307,payload,-0.09361582893333455,-1.4055814221904102,0.06624548293827116,-0.15010909557862848,0.01875455469499817,1.1282599629496977,-1.2723221656779797
44310,payload,0.0741887433188447,-0.27744851827913053,1.4059480398297353,-0.145862343002387,1.7162409018355418,-1.796250550986345,0.9183092817670316
44311,payload,0.03616947925173996,-0.2775614319372178,0.9564275430325385,-0.1261616129372875,-1.1184277569749814,1.0117678596136348,0.9177730546141775
44312,payload,0.04993608965785202,-0.27751375728158095,0.8706164534484591,-0.14993839385178134,-1.3326211608166012,1.2217575447563993,0.9248258837631184
44314,payload,0.0472812775250802,-0.2768714040266847,0.7520731286363708,-0.14785058042342042,-1.159068530276206,1.0502181254528118,0.9322604845501764
44322,payload,-0.059279845643202655,1.0469659612737414,-0.89005726490832,-0.1514320339616936,-0.7628618258160272,0.6581545565920675,0.8675546328099244
44323,payload,-0.07083524846428259,1.046970979658545,-0.8895651019360908,-0.15140686639940207,-0.7677348295429588,0.6629796049682216,0.8675529160740022
44324,payload,-0.0851074193605561,1.046970979658545,-0.8898339957098729,-0.15143531668720991,-0.7583874516836769,0.6537259820753017,0.8675534632163374
44333,payload,-0.09361582893333455,-1.4053857051830592,-0.6031563449036303,-0.1522713174520253,-0.858083741021179,1.0149762184660678,-1.2723236272857343
44334,payload,-0.09361582893333455,-1.4041687468681192,0.19469225280496222,-0.149287319957717,-0.24926551162275556,0.8330582298093038,-1.2723246954428211
44337,payload,-0.09361582893333455,-0.020088181189565932,0.01764657358582721,-0.11067918516062163,0.36744266694646777,-0.29248967744235205,-1.272358830362095
44339,payload,0.42297281897918754,-0.8039347956309465,-0.23933336161999727,-0.14571024338679886,0.1471200900213328,-0.24342026345182594,0.8599512401494185
44340,payload,0.1701213245646769,-0.8038670474360943,0.6294468896996345,-0.14394523130087322,-1.2999461735358773,1.1894045079781148,0.8379315937008873
44341,payload,-0.023419746169495798,-0.8038670474360943,1.6104305913310988,-0.1412085324621255,0.5249441365674866,-0.6181448371706566,0.8128057848671668
44343,payload,-0.008652547293272524,-0.8038645382436923,0.6472123227465157,-0.15167167292438283,-1.0830265321742423,0.9743058914773518,0.8924248708441739
44344,payload,-0.09361582893333455,-0.3442733303275408,-1.2240437173942396,2.0022361509815245,1.5437908224177204,-1.729912390862972,-0.7280923707091586
44349,payload,-0.011713170848906792,-0.8038419555120748,-0.953272540873894,-0.15255144336274878,1.6399451419672715,-1.720934952430354,0.8726914863071696
44350,payload,-0.015027813768470226,-0.8038570106664864,-0.3519134573622539,-0.15219362628147307,1.8099878875407427,-1.8892255956434154,0.8726840076706464
44351,payload,-0.023515777880249507,-0.8038745750133001,0.22186120204905369,-0.15257332819952402,-1.4202000827461327,1.307926134055563,0.8726848683439824
44353,payload,-0.010495736580319484,-0.8038243911652613,1.9379558273610846,-0.1521235948037922,0.6225665797458613,-0.7140270360248478,0.8727068324201348
44358,payload,-0.021582752476691017,-0.8038243911652613,1.3535836469086968,-0.15264445391904366,-1.5412327780667776,1.4277083930354373,0.8727033743576239
44387,payload,-0.0907959971479224,1.075766471663184,-1.1170812688320446,-0.1514539187984689,-1.3995850991024517,1.288222730485207,0.7626423862166704
44390,payload,0.05978088890866754,1.0502555125126818,-0.7198640086102241,-0.13856703266335021,1.6587001782586734,-1.7392901524157496,0.9198704555943601
44408,payload,0.03713599195351921,1.045347532174491,-0.6319124469279881,-0.1410881658598615,-0.965268433132988,0.8594872542613803,0.9680168739664274
44424,payload,-0.001846687018243671,1.0428483765421612,-0.21418936693225785,-0.1042384776976592,-0.941933045573115,0.8399070270356884,0.9086641921341849
44449,payload,-0.03004283641438049,-0.527943704956993,1.2527203304066927,-0.1488189844507262,-1.4450755417153154,1.3328731931108946,0.8822186928943956
44450,payload,-0.026142709838931556,-0.5279863612278259,1.2458018974617653,-0.1436300896513093,0.17802943987825237,-0.27387850161570076,0.8820031695326345
44451,payload,-0.02470842977186813,-0.5279587601114046,1.2460076934185946,-0.15253502973516733,0.8512039866535818,-0.9401018196134483,0.8821272863122746
44453,payload,-0.09361582893333455,0.17535030580497496,-0.8945110000495196,7.547447826113165,1.0298201853124642,-1.794588632648567,-1.1180877241098754
44457,payload,-0.09361582893333455,-1.4056090233068315,-0.3920757032203288,-0.1528687734959902,0.8873781639608872,0.34142198333039747,-1.2723278322897476
44475,payload,-0.09361582893333455,-1.4055713854208025,-0.19779946629494033,-0.15187848463190917,0.26485679918190225,-1.4473294968443409,-1.2723255622638239
44476,payload,-0.09361582893333455,-1.4053305029502163,-0.33350830952503885,-0.15239606102164432,-1.1419225963726871,-0.8694957916104892,-1.272324661630654
44479,payload,-0.09361582893333455,-1.4049240137811025,1.2533008303226556,-0.15153926966189246,-1.2752068319892347,0.8542426364612123,-1.2723199494441395
44481,payload,-0.09361582893333455,-1.3665760263022855,1.6526964213328044,-0.0746567438285246,-1.6083999202191341,1.1247157560950145,-1.2723192086503037
44495,payload,0.12081058999120889,-0.27689147756590043,0.6170923371403392,-0.1430260681563118,0.8684189515356744,-0.957895027526312,0.9776831638278406
44499,payload,0.09608397337068988,-0.2767057973281569,-0.06142566914772705,-0.14504713283250814,1.2782558713286254,-1.3632510561437023,0.9624964844507253
44506,payload,-0.09361582893333455,-0.008686410915160182,1.72373485586484,-0.08961721824810026,0.2891537591052903,1.2653821793866775,-1.118175296084901
44517,payload,-0.06936596328975088,1.0833994349498794,-0.8474293505108713,-0.13492211309842872,-0.593227432510176,0.49177603366688377,0.703622657401392
44520,payload,-0.02281257793376268,1.047588240989422,-0.8430571571638873,-0.14160574224959668,-1.5800962467365516,1.466980476049173,0.8733276453189216
44528,payload,-0.09324898779825538,1.0613561796988553,-0.34335059823397984,-0.15022727369721492,-0.7277658929486992,0.6235073603944071,0.7797258589885037
44529,payload,-0.03379736652513833,1.0677395651693853,0.25611458003344056,-0.139012389091727,1.8016759743600683,-1.880477188226658,0.7994442339972938
44530,payload,0.2566211135767983,1.0687758616313854,0.5568717806408943,-0.14414328907368942,1.2330055787398144,-1.3182772556132705,0.8337254231679035
44536,payload,0.13006061219477566,1.041400572526243,0.5016213906460139,-0.14348346124491498,-1.5827495642087774,1.4696085588404129,0.9513241945335735
44537,payload,0.1609673340718639,1.0417368043081026,0.5882556640574114,-0.14114068946812217,1.3543027307671083,-1.4384155712144404,0.9844021070513973
44538,payload,0.12840019293787286,1.0410191752811484,0.43451055253535853,-0.1439003673854839,1.7803638750595219,-1.8593129901937966,0.9449911295894813
44539,payload,0.11166279509263805,1.0415435964931534,0.44505274164464914,-0.14581091363596513,-0.9872436187347651,0.8807707793781352,0.935473951383537
44542,payload,-0.09361582893333455,-0.0410022998597184,0.2761525052262566,-0.14355568120627338,-1.4173737016938204,1.3046321291509808,-1.1402131519221559
44543,payload,-0.09361582893333455,-0.04104244693814949,0.2758049818651954,-0.14743586276652904,-1.4675475559093634,1.3902425756383845,-1.1402156724654968
44547,payload,-0.056683891655731476,1.0634864840481004,-0.8454247814030735,-0.14592799751271282,-0.4704242384292074,0.3691337739343308,0.7755062650253107
44552,payload,-0.09361582893333455,0.16767217705504522,0.09107107633431215,6.935938434213009,1.0073578937914547,-1.7436427040322926,-1.1180772515596757
44622,payload,-0.033345088145459584,1.0539465345359327,-1.4354058724147138,-0.1447867032748824,-0.29989730373841567,0.20031963125644545,0.8529778342433113
44624,payload,-0.09361582893333455,-1.403325658221068,1.4095319958326362,-0.14963200613692754,-1.265388876754886,0.5106297129220936,-1.2723237010577346
44634,payload,-0.4123791526932201,0.799298634432863,1.3968784566945507,-0.14247347602773622,-1.4885290843265986,1.3764237294713355,0.5898518490403492
44637,payload,-0.09361582893333455,-1.403900263281112,1.1332159773056363,-0.14523315394509795,-0.7313156408750814,0.6735429388383953,-1.2723235104800672
44703,payload,-0.024841635048074875,1.0343597786464052,-0.341867314167774,-0.13568917662740201,-1.017339180858356,0.9114503500363293,0.9119565596587105
44709,payload,-0.09361582893333455,-0.02603245798975709,1.204955282973667,-0.109015937565701,0.20106050777201812,-0.29717037853960304,-1.2723202491428902
44714,starlink,-0.06593019650275292,-0.0721940706082084,0.7191933415902575,-0.15168699231012553,-0.8384847767100286,0.7327667027422008,0.9266432954117528
44718,starlink,-0.19046226032988756,-0.07209621210453294,0.7348920784480337,-0.15180298194503447,-0.4082963577127418,0.30694607923703576,0.9254101272666231
44723,starlink,0.5190355077041054,-0.07486134213146854,0.6594309723154517,-0.15018897523285818,-0.36107916836822807,0.26032190815113837,0.9141153205000857
44724,starlink,0.09386904842911244,-0.0750746234856332,0.3728591316945606,-0.14767331324554073,-0.07970403836469386,-0.018184618711251953,0.9987941113681791
44725,starlink,10.703446256904423,-0.07258299543050888,0.9602891294300294,-0.1514801806025992,-0.8504426922801664,1.5237089566583293,0.9196433577131456
44736,starlink,0.2116720773498212,-0.0751298257184759,0.1953174065606146,-0.15023493339008626,1.1230450634754938,-1.0705734757537384,1.010570695403732
44741,starlink,0.39723012490295195,-0.07486134213146854,0.8486477350568971,-0.14841411497038368,0.08261015441041755,-0.17900769602902827,0.960722135670309
44744,starlink,0.40689525192074427,-0.07503949479200618,1.0757814321085544,-0.1464904378178373,-0.30381359643835165,0.2038734612630548,0.910374054964898
44747,starlink,0.02760097241481241,-0.07505204075401568,-0.047652871810469496,-0.1506463683214614,-0.5559361200707389,0.45320547842862086,0.954443425321221
44748,starlink,0.03453074457468476,-0.07486134213146854,0.9518233438662982,-0.15005110076117398,-0.7579392364565989,0.653218841968753,0.9599584325547398
44751,starlink,0.12570510944252689,-0.07481617666823352,1.0389090093528175,-0.14497272438747222,-0.3128235975431949,0.21291441249839033,0.9444236845851959
44752,starlink,0.017780955540965593,-0.07443728861554107,0.42729313301164024,-0.1490980161196109,-0.06406706331676094,-0.033740443801108154,0.9285110672089628
44753,starlink,0.06879857632815276,-0.07483875939985103,0.6574691155760524,-0.1484764867551932,-0.23387160340078714,0.13447995040288657,0.9570327379989509
44758,starlink,0.19087966307308307,-0.0753882725358754,-0.15922437321713143,-0.14709336507099602,-1.5555620535910228,-0.9242669231177117,1.01086879883517
44768,starlink,-6.043864539117866,-0.07219156141580658,1.1200790118161303,-0.15230633319086573,-1.0364267325676777,0.9286113168675943,0.9240357410700489
44771,starlink,0.3094075765201262,-0.07482621343784122,1.0002407256530481,-0.152369799217514,0.38627354008757087,-0.47961956518273247,0.9630165678308616
44772,starlink,0.4087539301933968,-0.07488392486308605,0.7586236527716834,-0.14886275412427674,0.08150371421862843,-0.17790969439416743,0.9719968165130329
44777,payload,0.055468755316113984,1.0405223551855645,-0.18761839084574666,-0.14444311133751064,-0.47239016291760644,0.37126722671652745,0.9342109993302301
44779,payload,-0.06903976525290037,-0.2766781962117356,1.5304497400334287,-0.1402466938858523,1.7517315752282356,-1.8314895710275108,0.7283588732280533
44780,payload,-0.03898927450008068,-0.27662550317129486,1.53116420146846,-0.14468931575123245,1.6604697047516939,-1.7412070842795908,0.728385701645471
44781,payload,-0.06387883524916889,-0.2768563488722733,1.5150703752029961,-0.14131467392048558,1.6518816676567243,-1.73284360293991,0.7283775851885288
44782,payload,-0.08233736917487983,-0.27662550317129486,1.5320679563543487,-0.13821249830759083,1.4556635417288137,-1.539194992084238,0.7283464119076808
44783,payload,-0.09566663258343679,-0.2766957605585492,1.523556546215282,-0.1402828038665315,1.6459109741437383,-1.7269850280468049,0.7283330176788886
44785,payload,-0.04205609364995713,0.825027893322334,0.7445188638436909,-0.13886576068533268,-0.9077597943771474,0.8027250926204791,0.6576749627779925
44786,payload,-0.08710147136740003,0.8246891523480724,0.7225608235442288,-0.1221960805136083,-0.5527412497102647,0.45285134643771024,0.6576122473562951
44793,payload,-0.09361582893333455,-0.05002033735228329,1.416193183831527,-0.14522658849406536,-1.3062853563570254,1.195724031848519,-1.1402080739494733
44794,payload,-0.09361582893333455,-0.05072291122482583,1.4152428336346583,-0.14721044894774374,-1.3550562288531027,1.2437810902563338,-1.1402147195771608
44800,payload,-0.09361582893333455,-1.4045677084600272,-1.4493077775928127,-0.15064089711226755,1.4931745865789223,0.9326973071757619,-1.27232229477898
44801,payload,-0.09361582893333455,-1.404866302355858,1.847665763509025,-0.15098339480780054,1.7741374752456218,0.6536749793700892,-1.2723196097855551
44804,payload,-0.012537184883116032,1.0390770603620483,-0.36121213410975833,-0.1388143313189108,0.08150857555514739,-0.1776469823465626,0.9085722122821456
44819,payload,-0.07102762166550211,1.0483334711327974,-0.8875265570807029,-0.15065402801433272,-0.9553075546049725,0.8486881531689973,0.8487413157537319
44836,payload,0.014522072969581735,1.0404270058742908,-0.27165982934822014,-0.13778246126495675,1.7833215121978552,-1.8623336975836549,0.9085228787939071
44850,payload,-0.09361582893333455,0.2375280935249959,-0.7818998407666096,-0.13580297777863343,0.8742010251917125,-0.9646831988955569,-1.0989114687924575
44857,payload,0.006907687645949107,-0.4785753444488649,-1.0538795831655066,-0.13712044495250478,1.7477909758457029,-1.8277509765039046,0.881238810153646
44859,payload,-0.029559580063490878,-0.4783997009807292,1.8370915401234351,-0.1483714395386719,-1.3809010383242308,1.2694575842277251,0.8960196697574845
44864,payload,-0.09361582893333455,0.010692082005006235,-0.8886594055789113,-0.13085043921638945,1.1879429337406477,0.44184246063332067,-1.1402096477521448
44865,payload,-0.09361582893333455,0.010742265853044863,-0.8884574925646633,-0.1336790543695933,1.2998071483859208,0.3805391335981093,-1.1402095801278112
44868,payload,-0.09361582893333455,-1.404901431049485,1.3495842160495553,-0.15251205065655327,1.6398158304158583,-0.795574587768708,-1.2723216554216448
44873,payload,-0.07132779820653547,1.050127543700183,0.8197266079728175,-0.15160164144670196,-0.790742563021432,0.6857268114930607,0.8515159898035448
44874,payload,-0.0671813967599601,1.0567869403349262,0.8624904253606256,-0.14016790847346133,-0.7796655216285886,0.6759034980060671,0.8203473089470619
44879,payload,-0.017871591525628394,1.0476158421058432,-0.15610539958838834,-0.1392170123155758,-0.9835324744359426,0.8776904084463304,0.8709510034856104
44880,payload,0.012393886347394753,1.0476158421058432,-0.1528116935434689,-0.1395409078998498,-0.9767207697051202,0.8709253326417093,0.8714483912172586
44881,payload,-0.04007969908670342,1.0470562922002107,-0.2511976926783542,-0.1365098580064747,-0.7462992522948224,0.6432608043547833,0.8579092311829936
44882,payload,0.07256239983027384,1.0477965039587827,-0.0669472134988916,-0.13671776395583976,-1.2028555605727123,1.0946453309537947,0.8845292319416656
44883,payload,-0.07816153865565412,1.047013635929378,-0.2912677186501139,-0.1507328134267237,-0.23711217032454246,0.13775278437323013,0.8505716298178235
44884,payload,0.08725215377846994,1.0477939947663806,-0.1065648766598842,-0.13969300751543795,-1.0351909808244755,0.9287248700603319,0.8783082773841757
44885,payload,0.08518902089582578,1.0477663936499593,-0.07003221138004515,-0.13935598102909874,-0.7926083439775337,0.6888168055767927,0.8828082387604174
44886,payload,-0.03637783152700408,1.0480348772369665,-0.1166576151653446,-0.1389303209538197,-0.890547746296966,0.7857565888277518,0.8705163050480758
44903,payload,-0.09361582893333455,-1.404903940241887,1.4329364322437788,-0.15120880862658587,-1.520206525353565,1.3772532451674357,-1.2723249674770718
44905,payload,-0.11480445146185975,0.6647431918789432,-0.04495713892313034,-0.1380954144308431,-1.2410121909125822,1.1320976759381505,0.48375185787419145
44906,payload,-0.006886802934252757,0.6647908665345799,-0.040832483165729024,-0.1355151921750386,-1.0356061389632223,0.9293686589242429,0.48375211453927536
44907,payload,-0.12756768538045163,0.6646528609524731,-0.050171930810341415,-0.13967987661337278,-0.6479942774691398,0.5454838068861823,0.48378363055254137
44909,rocket,-0.07125995644958366,0.6645223829475723,-1.0142842469243585,0.08587728785280264,-1.2073960488817246,1.1144930818030543,0.5404334968739466
44910,payload,-0.09361582893333455,-1.2897646284941626,-0.7920469404682134,-0.14346595337549475,0.9203846943922257,0.8887012188811052,-1.272326160124409
44925,starlink,0.14628377571791,-0.07521262906773973,1.382531954590848,-0.15089366697702195,0.35423733242548106,1.4731046499354605,1.032903619261999
44927,starlink,0.4338151089029932,-0.07486134213146854,-1.299700912127197,-0.14385331498641707,-0.9300791626044898,0.8241779852111475,0.9527986770391296
44930,starlink,22.243669872091033,-0.07378238939863518,-1.166903305097721,-0.15059275047136195,-0.9602651455873397,-1.5333797213748042,0.9031203846191591
44941,starlink,-0.09675172895901125,-0.07208868452732706,-1.4108967388390805,-0.15161696083244466,-0.7603844887257994,0.6554735464652294,0.925336322991141
44949,starlink,-0.06724428204151817,-0.07206861098811167,-1.4116500296999286,-0.15132698674517234,-0.8449902172401361,0.7392411593586282,0.9253571113260395
44961,starlink,0.3778379149249452,-0.07479359393661601,1.7998017010401661,-0.1434254664274605,-0.8778567411797198,0.7725526620688337,0.9481746142524142
44968,starlink,-0.08256753550097662,-0.0747258457417638,1.9424192698587384,-0.15121099711026337,-0.713817746207566,0.6094123297670563,0.8887677637920844
44978,payload,-0.09361582893333455,-1.398555683464984,1.0827464603644628,-0.14899734587044466,-0.4223893722821499,0.41733806656662725,-1.272327212912329
45016,payload,-0.033763290756806376,1.0407582192713472,-0.23918580980189325,-0.14335871767529593,1.5831209793933463,-1.664441276728214,0.8942691816083936
45024,payload,-0.06196873354430645,0.7619217044135959,0.07119817620121792,-0.13695849716036776,-1.2763609132789129,1.1672144819498445,0.8466545686799164
45026,payload,-0.09361582893333455,-1.404941578127916,1.1420962669899632,-0.15293989921550982,-0.18883520961882472,-0.27175370967023826,-1.272323047868149
45027,payload,-0.09361582893333455,-1.4043418811438528,-0.5868489567961737,-0.15204809211691753,0.4318845438461128,0.9359066283433879,-1.2723242451262362
45044,starlink,0.306774448967202,-0.07219657980061035,1.4657259408748675,-0.14716120806499935,-0.2528842905277118,0.15338944393927226,0.9437031611435118
45047,starlink,0.03646996557248544,-0.07213134079815994,1.7571330157456102,-0.15181173587974459,-0.9225392296630783,0.8159434541072879,0.925354951958116
45048,starlink,0.024233666944190504,-0.07527535887778834,1.3138621150336436,-0.1419263551083544,-0.3503881170950159,0.2503590589612045,0.943813136752858
45054,starlink,-0.0779766001675252,-0.07216897868418908,1.7295777137146395,-0.15136856793504536,-0.6136285173470085,0.5102390129538611,0.925354592319615
45057,starlink,0.0810782441161429,-0.07494916386553614,1.3610000672397264,-0.14666223378652318,-0.6203935532472459,0.5174121104001824,0.9990925867334518
45060,starlink,0.15605113004069832,-0.07478104797460652,1.641300955591187,-0.14630551094708627,-0.635757321182795,0.5326445975852945,0.946162089495415
45061,starlink,-0.07893846617362281,-0.07212381322095437,1.713395550505443,-0.15165525929680138,-0.8589305858428385,0.7530051535596933,0.925344875932418
45062,starlink,0.3427708515142367,-0.07496421901994792,1.4787561254433774,-0.15112236352132355,1.7850861773543554,-1.864107244483785,0.9635741381455328
45064,starlink,-0.04925227636224299,-0.07212883160575814,1.4909252674943965,-0.15142546851066102,-0.8800355922076636,0.7739162626968773,0.9253525144082749
45071,starlink,-0.07790287259604331,-0.0721087580665426,1.4956605159727687,-0.15166948444070533,-0.7723793504534839,0.6673398551063064,0.9240575499176171
45072,starlink,-0.08472205339869285,-0.0721514143373755,1.5370119129964865,-0.15133136371252737,-0.7716676507870606,0.6666691214170012,0.9240670280827303
45074,starlink,-0.1267405735491213,-0.07211126725894457,1.5363780226200252,-0.1508137873227922,-0.7888058065521487,0.6836847786541697,0.9253170669621638
45080,starlink,-0.09083812718876919,-0.07209370291213098,1.4896526330632476,-0.15166620171518905,-0.8198230780797964,0.7142979495640681,0.9240601473067924
45081,starlink,0.14844913590555003,-0.07483123182264514,1.391085106362668,-0.13999392402109792,-0.6164267026475091,0.5141248417019487,0.9659014326583546
45087,starlink,0.19142177756927337,-0.0722141441474241,1.3420736343609192,-0.15172638501632105,-0.657767508407511,0.5538925170399196,0.9240917063537251
45088,starlink,0.2624139941932316,-0.07215643272217927,1.3392526765753212,-0.1509823005659618,-0.9364115395545107,0.8297526771224091,0.9252921566167516
45096,starlink,0.41730385024759775,-0.07512480733367198,0.9918050328943244,-0.14613809194575542,-0.1775724651709445,0.07882830049435145,0.9355410424069979
45098,starlink,0.13729706626963564,-0.07470828139495023,1.3569423922418595,-0.14614794012230428,-0.5767300008983297,0.47420223361795405,0.8941006848229466
45100,starlink,0.39574318228482996,-0.0748086490910278,1.2979896164953368,-0.1467311710223653,-0.05685964579326858,-0.04079998805469228,0.955642870440745
45131,payload,-0.6841179161550003,0.7981343691583634,-0.8038598225373627,-0.15192772551465353,-0.9864376091398676,0.879293625557354,0.5860777857033915
45132,payload,0.1885810976092363,0.7989573842661994,-0.9670579577745423,-0.15090898636276465,-0.7192352196246574,0.6149379436034901,0.5875054660224669
45133,payload,-0.5677956342581711,0.798962402651003,-0.966944381704028,-0.15108953626616062,-0.7730832719814765,0.668217486562041,0.5874994812689478
45134,payload,-0.44366690361620215,0.7989548750737975,-0.9667288783907441,-0.1511530022928089,-0.7738571967553466,0.6689767532490747,0.5875054275995499
45136,payload,0.007598496403951575,0.7989548750737975,-0.967100670142941,-0.1511891122734881,-0.8169179433758715,0.7115919192422194,0.587506975274638
45137,payload,7.744740226553921,0.7990050589218362,-0.9676569016677682,-0.15113987139074375,-0.7470595653264386,0.6424553465385003,0.5874602637662413
45138,payload,-0.5144205898618366,0.7989799669978165,-0.9671336751548854,-0.1514057721575633,-0.8002999506183468,0.6951228570344998,0.5882759484774743
45139,payload,-0.41061340833420035,0.7991781931975697,-1.1147282056275398,-0.15082144701566352,-0.7903876854555242,0.6853717171869574,0.5891065812402542
45140,payload,0.31643957598499445,0.7991505920811487,-1.114253515896928,-0.15159069902831435,-0.9557470194263159,0.8489518275317947,0.5891075725515075
45141,payload,3.0140942429414688,0.798962402651003,-0.967050191889379,-0.15110704413558085,-0.8484981576724524,0.7428556152223774,0.5875454581311759
45142,payload,-0.6058985388475452,0.7989473474965916,-0.9667550882531705,-0.1506299546938799,-0.6738420037421795,0.5700353543973179,0.5875042902812131
45143,payload,0.38833944716543123,0.7989523658813952,-0.9669764159803269,-0.15095932148734775,-0.7580695202753158,0.653369925454006,0.5875049895782984
45144,payload,0.3295742357784047,0.7989849853826204,-0.9677258238985933,-0.151180358338778,-0.8504990837837901,0.7448293236825875,0.5866505376809436
45145,payload,-0.08464894538663519,0.7991982667367851,-1.1153407398198016,-0.15141671457595093,-0.22156464386856456,0.12223833883665972,0.5891107985396009
45146,payload,-0.5335649760701563,0.7989849853826204,-0.966051304910239,-0.1515469293547638,-0.8796602970283747,0.7736545129644645,0.5875056858015507
45147,payload,-0.6259412862209802,0.7989498566889932,-0.9673472369968784,-0.15114643684177634,-0.7508883539690276,0.6462439814521264,0.5875017559056217
45149,payload,-0.6367835761447858,0.7989598934586011,-0.9675180864704728,-0.1515348926945374,-0.9110217511815878,0.8046939895047253,0.5875032313456263
45150,payload,0.34850177618824835,0.7989849853826204,-0.9671763875232838,-0.15119567772452067,-0.795857661307024,0.6907472098533318,0.587505628935634
45151,payload,-0.2562006130364816,0.7991957575443831,-1.1148670208248352,-0.15118692378981058,-0.8117989560210641,0.7065262920678927,0.5891067472272549
45152,payload,-3.3023140869555845,0.7989598934586011,-0.9671288214766581,-0.1509549445199927,-0.6970490520179434,0.5929730993303095,0.5874599333291569
45153,payload,-0.1326728550360035,0.798962402651003,-0.9672967587433162,-0.15104467235077132,-0.7552314720153571,0.6505522665698055,0.5875051494176325
45154,payload,0.03919602703904227,0.798962402651003,-0.9674219836415758,-0.15085318002898768,-0.9051016155684021,0.7989008520447233,0.5875119179986537
45155,payload,-0.30661106558793566,0.7991882299671775,-1.1147369422483488,-0.151078593847773,-0.8039352580674684,0.6987546345717164,0.5891080413110923
45156,payload,-0.230352593858129,0.7989874945750227,-0.9677112628639118,-0.15093853089241124,-0.9224283911904385,0.8160406479417496,0.5867413417917294
45157,payload,-0.6315173210389374,0.7989548750737975,-0.9662522471888415,-0.15131932705230097,-0.9185412665096181,0.812156743824047,0.5875011764880366
45158,payload,0.40262029189364384,0.7989724394206109,-0.9671657094311842,-0.1509669811802191,-0.8167662696764698,0.7114648936367843,0.5875032436409598
45159,payload,-0.3642300920401599,0.7989774578054148,-0.967571476930971,-0.15090242091173206,-0.8188702561220165,0.7135540799201175,0.58750759311514
45160,payload,-0.06014722883710711,0.798964911843405,-0.9670453382111518,-0.15117598137142294,-0.8513400950016264,0.7456626886394581,0.5875056489155506
45161,payload,-0.5310557604020756,0.798962402651003,-0.966779356644306,-0.15098886601699438,-0.7001573905883745,0.5960467340557654,0.5875045208187137
45162,payload,-0.6209848108272406,0.798962402651003,-0.9673617980315596,-0.15114862532545387,-0.7449915527711346,0.640407539808453,0.5875039936562956
45163,payload,0.28660778970892353,0.7989824761902184,-0.9671501776608575,-0.150837860643245,-0.65966537418464,0.5559817033232528,0.5875048159067148
45164,payload,-0.22587627701815782,0.7989423291117876,-0.9669637964169364,-0.15101075085376964,-0.8818595656696994,0.7758832349507383,0.5874980580841102
45179,starlink,0.5818898112909672,-0.07493661790352665,-1.2841099269260625,-0.1462803433847947,-1.1542003878857938,-1.6519513878422725,0.9704747679734108
45183,starlink,-0.07671269894212157,-0.07209119371972918,-0.6375611576487028,-0.1515917932701531,-0.7444626393578364,0.6397165975001007,0.925347215119592
45185,starlink,-0.06696207272378711,-0.07211126725894457,-0.6373330347720285,-0.15184128040939118,-0.7846036672648786,0.6794217223505471,0.9253552086232
45187,starlink,-0.06259758635988719,-0.07211628564374849,-0.6329152168497096,-0.15174170440206372,-0.841039895184565,0.7352898931774374,0.9253506040208526
45189,starlink,-0.08165244623140742,-0.07208868452732706,-0.6327715479741871,-0.151462672733179,-0.7748080741785188,0.6697658517070818,0.9253631683146419
45190,starlink,0.34593060457774577,-0.07497174659715365,-1.326366049571314,-0.14850384280116227,1.229284711767954,-1.3143837283436413,0.9701256681098955
45197,starlink,-0.0779728828109799,-0.07207864775771936,-0.6339849675309654,-0.1515141020996009,-0.6734064279900515,0.5693944524789856,0.925342143294576
45198,starlink,0.4369438839952914,-0.07488141567068393,-0.9103369032768465,-0.14542902323423662,-1.244856535832033,1.1353435650830983,0.9465823685807376
45201,starlink,-0.2855646319472684,-0.07221163495502197,-0.7873961459909932,-0.15175045833677384,-0.7694119906421122,-0.9477156574180226,0.924062907609134
45206,starlink,0.5587182888252341,-0.07492658113391895,-1.2565225906187936,-0.14638867332683228,0.808781047384387,-0.8984114385204798,0.9537985289381921
45207,starlink,0.16455458313808302,-0.07596036840351729,1.5555151051338891,-0.1485213506705825,0.20806958276552362,-0.3032618337093391,1.0522585949345622
45212,starlink,0.42703093320781194,-0.07487137890107624,-0.8708677626696034,-0.14846992130416062,-1.287588656103854,1.1774015505796749,0.9096061760467321
45217,starlink,12.35364278330764,-0.07239480600036353,-0.7858614129355798,-0.15162024355796094,-0.6890939609377851,-1.100811343738487,0.9224990272715469
45222,starlink,-0.6658718911117958,-0.07213134079815994,-1.029115146115127,-0.15160601841405705,-0.825402920136632,0.7198264503460801,0.9257818428589589
45223,starlink,0.13044473903779047,-0.07487137890107624,-1.096723000876239,-0.1465736001975833,-1.069853282474283,0.9197426200517504,0.9551277758921239
45225,starlink,-0.07427721084552272,-0.07209370291213098,-1.036509239526312,-0.15168699231012553,-0.7229152513697564,0.6183801450477471,0.9253358511577229
45227,starlink,0.023905300449355234,-0.07444230700034483,1.6155716073092576,-0.1499000953874246,-1.3956503333237422,1.2842281601203451,0.9426385512604957
45228,starlink,0.11709633124302521,-0.07473086412656774,-1.1665130693682613,-0.14899515738676714,-1.112152743795888,1.003833570849894,0.9538651112422347
45229,starlink,-0.09340652317305116,-0.0720761385653174,-1.0318516498995738,-0.15135981400033524,-0.7920074827837501,0.6867988306177192,0.9266039180697122
45230,starlink,-0.1029897630217448,-0.07212632241335619,-1.0300509352773146,-0.15185550555329513,-0.8378440525567868,0.7321161776719417,0.9266426760343343
45235,starlink,-0.09752834669726784,-0.07209621210453294,-0.6377271534440704,-0.15147142666788913,-0.8011059602132443,0.6957926284086124,0.9253150582120738
45237,starlink,0.45466328352791086,-0.07487388809347804,-1.1231134201327015,-0.14879491113027338,-1.2836937532846027,1.1735397797114047,0.9478461859181306
45245,payload,-0.09361582893333455,-1.2706270180445822,1.9195739771793594,-0.14789982130616477,1.6813851189922664,-1.457639741818836,-1.272321948972729
45246,payload,-0.09361582893333455,-1.4048838667026715,1.3762163484817278,-0.15085974548002026,-1.5661947688260036,-1.2483438859300025,-1.2723223746986472
45254,payload,-0.09361582893333455,0.2372520823607828,1.6778598307334525,7.3902140278175485,1.080752408025016,-1.799340545070077,-1.1181135181823731
45344,payload,-0.09361582893333455,-1.3397527595255694,-1.0928876243411736,-0.15018897523285818,1.235656951677433,1.1452438637855071,-1.2723225714239808
45358,payload,-0.09361582893333455,0.21048401781690954,1.5373468167941573,-0.1436027336053402,0.8101101367887593,-0.9004765669239954,-1.0989105205148713
45360,starlink,0.3708678714024987,-0.07504200398440798,-0.038823060379704136,-0.1502940224493795,-0.06364023797036772,-0.034189844996095044,0.9635868638155726
45361,starlink,0.18795534259077665,-0.07507211429323139,0.032146451921506704,-0.14898859193573455,0.012313283806945241,-1.6196098988463006,0.9745503267169003
45366,starlink,1.5046306397492484,-0.07369456766456728,0.5790433827823498,-0.15219690900698937,-0.5916873611008664,0.4781977662980084,0.9046755813775522
45367,starlink,0.1332079740698004,-0.07484879616945873,0.5016291565311773,-0.15272652205695092,0.8235167306416445,-0.9123929159550929,0.9450402202448853
45368,starlink,-0.08003477657477562,-0.07479610312901815,0.5982542412052657,-0.15181392436342211,-0.7727993699287502,0.6677295927593463,0.8887767009625293
45369,starlink,0.37136351894187275,-0.07483625020744908,0.4987557790207261,-0.15238293011957918,1.7405903641933382,-1.8200591911687223,0.9505112854938494
45370,starlink,1.6444342238239193,-0.07392541336554566,0.580603354964544,-0.15183909192571368,-0.6928566354037119,0.6929210798736212,0.9016368127884078
45374,starlink,23.72224843798601,-0.07399817994520196,0.5809634978889959,-0.1511770756132617,-0.5704997120152137,-0.7883889802248814,0.9000905332205428
45375,starlink,0.08567847284095756,-0.07479108474421421,0.49099280606428036,-0.15046800690174292,0.5895863005317262,-0.6810196249155336,0.9519775024615458
45376,starlink,0.37501891954475575,-0.07486886970867428,0.4675446865490942,-0.15030168214225084,0.24918385024372663,-0.34397161562095524,0.9495818166937583
45377,starlink,0.3712705850282402,-0.07501691206038867,0.30545804362592377,-0.14903455009296263,-0.5678084761181375,0.46511124199259857,0.9564823558435529
45379,starlink,0.07130469419911237,-0.07503949479200618,0.2965030072968987,-0.150152865252179,-0.33919732042762135,0.2386727032611604,0.9655296079449353
